"zip","fire1","fire2","brush_fire","water_weather","water_nonweather","wind","hail","lightning","theft","liability","hurricane","other"
"06390",1.0958,1.0958,1,0.8544,0.6029,0.6257,0.4267,0.4821,1.7614,1.5827,4.3834,0.394
"10001",1.0958,1.0958,1,0.8544,0.6029,0.6257,0.4267,0.4821,1.7614,1.5827,4.3834,0.394
"10002",1.0958,1.0958,1,0.8544,0.6029,0.6257,0.4267,0.4821,1.7614,1.5827,4.3834,0.394
"10003",1.0958,1.0958,1,0.8544,0.6029,0.6257,0.4267,0.4821,1.7614,1.5827,4.3834,0.394
"10004",1.0958,1.0958,1,0.8544,0.6029,0.6257,0.4267,0.4821,1.7614,1.5827,4.3834,0.394
"10005",1.0958,1.0958,1,0.8544,0.6029,0.6257,0.4267,0.4821,1.7614,1.5827,4.3834,0.394
"10006",1.0958,1.0958,1,0.8544,0.6029,0.6257,0.4267,0.4821,1.7614,1.5827,4.3834,0.394
"10007",1.0958,1.0958,1,0.8544,0.6029,0.6257,0.4267,0.4821,1.7614,1.5827,4.3834,0.394
"10009",1.0958,1.0958,1,0.8544,0.6029,0.6257,0.4267,0.4821,1.7614,1.5827,4.3834,0.394
"10010",1.0958,1.0958,1,0.8544,0.6029,0.6257,0.4267,0.4821,1.7614,1.5827,4.3834,0.394
"10011",1.0958,1.0958,1,0.8544,0.6029,0.6257,0.4267,0.4821,1.7614,1.5827,4.3834,0.394
"10012",1.0958,1.0958,1,0.8544,0.6029,0.6257,0.4267,0.4821,1.7614,1.5827,4.3834,0.394
"10013",1.0958,1.0958,1,0.8544,0.6029,0.6257,0.4267,0.4821,1.7614,1.5827,4.3834,0.394
"10014",1.0958,1.0958,1,0.8544,0.6029,0.6257,0.4267,0.4821,1.7614,1.5827,4.3834,0.394
"10016",1.0958,1.0958,1,0.8544,0.6029,0.6257,0.4267,0.4821,1.7614,1.5827,4.3834,0.394
"10017",1.0958,1.0958,1,0.8544,0.6029,0.6257,0.4267,0.4821,1.7614,1.5827,4.3834,0.394
"10018",1.0958,1.0958,1,0.8544,0.6029,0.6257,0.4267,0.4821,1.7614,1.5827,4.3834,0.394
"10019",1.0958,1.0958,1,0.8544,0.6029,0.6257,0.4267,0.4821,1.7614,1.5827,4.3834,0.394
"10020",1.0958,1.0958,1,0.8544,0.6029,0.6257,0.4267,0.4821,1.7614,1.5827,4.3834,0.394
"10021",1.0958,1.0958,1,0.8544,0.6029,0.6257,0.4267,0.4821,1.7614,1.5827,4.3834,0.394
"10022",1.0958,1.0958,1,0.8544,0.6029,0.6257,0.4267,0.4821,1.7614,1.5827,4.3834,0.394
"10023",1.0958,1.0958,1,0.8544,0.6029,0.6257,0.4267,0.4821,1.7614,1.5827,4.3834,0.394
"10024",1.0958,1.0958,1,0.8544,0.6029,0.6257,0.4267,0.4821,1.7614,1.5827,4.3834,0.394
"10025",1.0958,1.0958,1,0.8544,0.6029,0.6257,0.4267,0.4821,1.7614,1.5827,4.3834,0.394
"10026",1.0958,1.0958,1,0.8544,0.6029,0.6257,0.4267,0.4821,1.7614,1.5827,4.3834,0.394
"10027",1.0958,1.0958,1,0.8544,0.6029,0.6257,0.4267,0.4821,1.7614,1.5827,4.3834,0.394
"10028",1.0958,1.0958,1,0.8544,0.6029,0.6257,0.4267,0.4821,1.7614,1.5827,4.3834,0.394
"10029",1.0958,1.0958,1,0.8544,0.6029,0.6257,0.4267,0.4821,1.7614,1.5827,4.3834,0.394
"10030",1.0958,1.0958,1,0.8544,0.6029,0.6257,0.4267,0.4821,1.7614,1.5827,4.3834,0.394
"10031",1.0958,1.0958,1,0.8544,0.6029,0.6257,0.4267,0.4821,1.7614,1.5827,4.3834,0.394
"10032",1.0958,1.0958,1,0.8544,0.6029,0.6257,0.4267,0.4821,1.7614,1.5827,4.3834,0.394
"10033",1.0958,1.0958,1,0.8544,0.6029,0.6257,0.4267,0.4821,1.7614,1.5827,4.3834,0.394
"10034",1.0958,1.0958,1,0.8544,0.6029,0.6257,0.4267,0.4821,1.7614,1.5827,4.3834,0.394
"10035",1.0958,1.0958,1,0.8544,0.6029,0.6257,0.4267,0.4821,1.7614,1.5827,4.3834,0.394
"10036",1.0958,1.0958,1,0.8544,0.6029,0.6257,0.4267,0.4821,1.7614,1.5827,4.3834,0.394
"10037",1.0958,1.0958,1,0.8544,0.6029,0.6257,0.4267,0.4821,1.7614,1.5827,4.3834,0.394
"10038",1.0958,1.0958,1,0.8544,0.6029,0.6257,0.4267,0.4821,1.7614,1.5827,4.3834,0.394
"10039",1.0958,1.0958,1,0.8544,0.6029,0.6257,0.4267,0.4821,1.7614,1.5827,4.3834,0.394
"10040",1.0958,1.0958,1,0.8544,0.6029,0.6257,0.4267,0.4821,1.7614,1.5827,4.3834,0.394
"10041",1.0958,1.0958,1,0.8544,0.6029,0.6257,0.4267,0.4821,1.7614,1.5827,4.3834,0.394
"10044",1.0958,1.0958,1,0.8544,0.6029,0.6257,0.4267,0.4821,1.7614,1.5827,4.3834,0.394
"10045",1.0958,1.0958,1,0.8544,0.6029,0.6257,0.4267,0.4821,1.7614,1.5827,4.3834,0.394
"10055",1.0958,1.0958,1,0.8544,0.6029,0.6257,0.4267,0.4821,1.7614,1.5827,4.3834,0.394
"10060",1.0958,1.0958,1,0.8544,0.6029,0.6257,0.4267,0.4821,1.7614,1.5827,4.3834,0.394
"10065",1.0958,1.0958,1,0.8544,0.6029,0.6257,0.4267,0.4821,1.7614,1.5827,4.3834,0.394
"10069",1.0958,1.0958,1,0.8544,0.6029,0.6257,0.4267,0.4821,1.7614,1.5827,4.3834,0.394
"10075",1.0958,1.0958,1,0.8544,0.6029,0.6257,0.4267,0.4821,1.7614,1.5827,4.3834,0.394
"10090",1.0958,1.0958,1,0.8544,0.6029,0.6257,0.4267,0.4821,1.7614,1.5827,4.3834,0.394
"10095",1.0958,1.0958,1,0.8544,0.6029,0.6257,0.4267,0.4821,1.7614,1.5827,4.3834,0.394
"10103",1.0958,1.0958,1,0.8544,0.6029,0.6257,0.4267,0.4821,1.7614,1.5827,4.3834,0.394
"10104",1.0958,1.0958,1,0.8544,0.6029,0.6257,0.4267,0.4821,1.7614,1.5827,4.3834,0.394
"10105",1.0958,1.0958,1,0.8544,0.6029,0.6257,0.4267,0.4821,1.7614,1.5827,4.3834,0.394
"10106",1.0958,1.0958,1,0.8544,0.6029,0.6257,0.4267,0.4821,1.7614,1.5827,4.3834,0.394
"10107",1.0958,1.0958,1,0.8544,0.6029,0.6257,0.4267,0.4821,1.7614,1.5827,4.3834,0.394
"10110",1.0958,1.0958,1,0.8544,0.6029,0.6257,0.4267,0.4821,1.7614,1.5827,4.3834,0.394
"10111",1.0958,1.0958,1,0.8544,0.6029,0.6257,0.4267,0.4821,1.7614,1.5827,4.3834,0.394
"10112",1.0958,1.0958,1,0.8544,0.6029,0.6257,0.4267,0.4821,1.7614,1.5827,4.3834,0.394
"10115",1.0958,1.0958,1,0.8544,0.6029,0.6257,0.4267,0.4821,1.7614,1.5827,4.3834,0.394
"10118",1.0958,1.0958,1,0.8544,0.6029,0.6257,0.4267,0.4821,1.7614,1.5827,4.3834,0.394
"10119",1.0958,1.0958,1,0.8544,0.6029,0.6257,0.4267,0.4821,1.7614,1.5827,4.3834,0.394
"10120",1.0958,1.0958,1,0.8544,0.6029,0.6257,0.4267,0.4821,1.7614,1.5827,4.3834,0.394
"10121",1.0958,1.0958,1,0.8544,0.6029,0.6257,0.4267,0.4821,1.7614,1.5827,4.3834,0.394
"10122",1.0958,1.0958,1,0.8544,0.6029,0.6257,0.4267,0.4821,1.7614,1.5827,4.3834,0.394
"10123",1.0958,1.0958,1,0.8544,0.6029,0.6257,0.4267,0.4821,1.7614,1.5827,4.3834,0.394
"10128",1.0958,1.0958,1,0.8544,0.6029,0.6257,0.4267,0.4821,1.7614,1.5827,4.3834,0.394
"10151",1.0958,1.0958,1,0.8544,0.6029,0.6257,0.4267,0.4821,1.7614,1.5827,4.3834,0.394
"10152",1.0958,1.0958,1,0.8544,0.6029,0.6257,0.4267,0.4821,1.7614,1.5827,4.3834,0.394
"10153",1.0958,1.0958,1,0.8544,0.6029,0.6257,0.4267,0.4821,1.7614,1.5827,4.3834,0.394
"10154",1.0958,1.0958,1,0.8544,0.6029,0.6257,0.4267,0.4821,1.7614,1.5827,4.3834,0.394
"10155",1.0958,1.0958,1,0.8544,0.6029,0.6257,0.4267,0.4821,1.7614,1.5827,4.3834,0.394
"10158",1.0958,1.0958,1,0.8544,0.6029,0.6257,0.4267,0.4821,1.7614,1.5827,4.3834,0.394
"10161",1.0958,1.0958,1,0.8544,0.6029,0.6257,0.4267,0.4821,1.7614,1.5827,4.3834,0.394
"10162",1.0958,1.0958,1,0.8544,0.6029,0.6257,0.4267,0.4821,1.7614,1.5827,4.3834,0.394
"10165",1.0958,1.0958,1,0.8544,0.6029,0.6257,0.4267,0.4821,1.7614,1.5827,4.3834,0.394
"10166",1.0958,1.0958,1,0.8544,0.6029,0.6257,0.4267,0.4821,1.7614,1.5827,4.3834,0.394
"10167",1.0958,1.0958,1,0.8544,0.6029,0.6257,0.4267,0.4821,1.7614,1.5827,4.3834,0.394
"10168",1.0958,1.0958,1,0.8544,0.6029,0.6257,0.4267,0.4821,1.7614,1.5827,4.3834,0.394
"10169",1.0958,1.0958,1,0.8544,0.6029,0.6257,0.4267,0.4821,1.7614,1.5827,4.3834,0.394
"10170",1.0958,1.0958,1,0.8544,0.6029,0.6257,0.4267,0.4821,1.7614,1.5827,4.3834,0.394
"10171",1.0958,1.0958,1,0.8544,0.6029,0.6257,0.4267,0.4821,1.7614,1.5827,4.3834,0.394
"10172",1.0958,1.0958,1,0.8544,0.6029,0.6257,0.4267,0.4821,1.7614,1.5827,4.3834,0.394
"10173",1.0958,1.0958,1,0.8544,0.6029,0.6257,0.4267,0.4821,1.7614,1.5827,4.3834,0.394
"10174",1.0958,1.0958,1,0.8544,0.6029,0.6257,0.4267,0.4821,1.7614,1.5827,4.3834,0.394
"10175",1.0958,1.0958,1,0.8544,0.6029,0.6257,0.4267,0.4821,1.7614,1.5827,4.3834,0.394
"10176",1.0958,1.0958,1,0.8544,0.6029,0.6257,0.4267,0.4821,1.7614,1.5827,4.3834,0.394
"10177",1.0958,1.0958,1,0.8544,0.6029,0.6257,0.4267,0.4821,1.7614,1.5827,4.3834,0.394
"10178",1.0958,1.0958,1,0.8544,0.6029,0.6257,0.4267,0.4821,1.7614,1.5827,4.3834,0.394
"10199",1.0958,1.0958,1,0.8544,0.6029,0.6257,0.4267,0.4821,1.7614,1.5827,4.3834,0.394
"10270",1.0958,1.0958,1,0.8544,0.6029,0.6257,0.4267,0.4821,1.7614,1.5827,4.3834,0.394
"10271",1.0958,1.0958,1,0.8544,0.6029,0.6257,0.4267,0.4821,1.7614,1.5827,4.3834,0.394
"10278",1.0958,1.0958,1,0.8544,0.6029,0.6257,0.4267,0.4821,1.7614,1.5827,4.3834,0.394
"10279",1.0958,1.0958,1,0.8544,0.6029,0.6257,0.4267,0.4821,1.7614,1.5827,4.3834,0.394
"10280",1.0958,1.0958,1,0.8544,0.6029,0.6257,0.4267,0.4821,1.7614,1.5827,4.3834,0.394
"10281",1.0958,1.0958,1,0.8544,0.6029,0.6257,0.4267,0.4821,1.7614,1.5827,4.3834,0.394
"10282",1.0958,1.0958,1,0.8544,0.6029,0.6257,0.4267,0.4821,1.7614,1.5827,4.3834,0.394
"10301",1.0958,1.0958,1,0.9781,0.892,1.4494,1.3524,0.4821,0.6722,1.5827,4.7096,0.394
"10302",1.0958,1.0958,1,0.9781,0.892,1.4494,1.3524,0.4821,0.6722,1.5827,4.7096,0.394
"10303",1.0958,1.0958,1,0.9781,0.892,1.4494,1.3524,0.4821,0.6722,1.5827,4.7096,0.394
"10304",1.0958,1.0958,1,0.9781,0.892,1.4494,1.3524,0.4821,0.6722,1.5827,4.7096,0.394
"10305",1.0958,1.0958,1,0.9781,0.892,1.4494,1.3524,0.4821,0.6722,1.5827,4.7096,0.394
"10306",1.0958,1.0958,1,0.9781,0.892,1.4494,1.3524,0.4821,0.6722,1.5827,4.7096,0.394
"10307",1.0958,1.0958,1,0.9781,0.892,1.4494,1.3524,0.4821,0.6722,1.5827,4.7096,0.394
"10308",1.0958,1.0958,1,0.9781,0.892,1.4494,1.3524,0.4821,0.6722,1.5827,4.7096,0.394
"10309",1.0958,1.0958,1,0.9781,0.892,1.4494,1.3524,0.4821,0.6722,1.5827,4.7096,0.394
"10310",1.0958,1.0958,1,0.9781,0.892,1.4494,1.3524,0.4821,0.6722,1.5827,4.7096,0.394
"10311",1.0958,1.0958,1,0.9781,0.892,1.4494,1.3524,0.4821,0.6722,1.5827,4.7096,0.394
"10312",1.0958,1.0958,1,0.9781,0.892,1.4494,1.3524,0.4821,0.6722,1.5827,4.7096,0.394
"10314",1.0958,1.0958,1,0.9781,0.892,1.4494,1.3524,0.4821,0.6722,1.5827,4.7096,0.394
"10451",1.1696,1.1696,1,0.9128,0.79,1.1312,0.8742,0.9771,0.6395,1.3928,4.4198,0.688
"10452",1.1696,1.1696,1,0.9128,0.79,1.1312,0.8742,0.9771,0.6395,1.3928,4.4198,0.688
"10453",1.1696,1.1696,1,0.9128,0.79,1.1312,0.8742,0.9771,0.6395,1.3928,4.4198,0.688
"10454",1.1696,1.1696,1,0.9128,0.79,1.1312,0.8742,0.9771,0.6395,1.3928,4.4198,0.688
"10455",1.1696,1.1696,1,0.9128,0.79,1.1312,0.8742,0.9771,0.6395,1.3928,4.4198,0.688
"10456",1.1696,1.1696,1,0.9128,0.79,1.1312,0.8742,0.9771,0.6395,1.3928,4.4198,0.688
"10457",1.1696,1.1696,1,0.9128,0.79,1.1312,0.8742,0.9771,0.6395,1.3928,4.4198,0.688
"10458",1.1696,1.1696,1,0.9128,0.79,1.1312,0.8742,0.9771,0.6395,1.3928,4.4198,0.688
"10459",1.1696,1.1696,1,0.9128,0.79,1.1312,0.8742,0.9771,0.6395,1.3928,4.4198,0.688
"10460",1.1696,1.1696,1,0.9128,0.79,1.1312,0.8742,0.9771,0.6395,1.3928,4.4198,0.688
"10461",1.1696,1.1696,1,0.9128,0.79,1.1312,0.8742,0.9771,0.6395,1.3928,4.4198,0.688
"10462",1.1696,1.1696,1,0.9128,0.79,1.1312,0.8742,0.9771,0.6395,1.3928,4.4198,0.688
"10463",1.1696,1.1696,1,0.9128,0.79,1.1312,0.8742,0.9771,0.6395,1.3928,4.4198,0.688
"10464",1.1696,1.1696,1,0.9128,0.79,1.1312,0.8742,0.9771,0.6395,1.3928,4.4198,0.688
"10465",1.1696,1.1696,1,0.9128,0.79,1.1312,0.8742,0.9771,0.6395,1.3928,4.4198,0.688
"10466",1.1696,1.1696,1,0.9128,0.79,1.1312,0.8742,0.9771,0.6395,1.3928,4.4198,0.688
"10467",1.1696,1.1696,1,0.9128,0.79,1.1312,0.8742,0.9771,0.6395,1.3928,4.4198,0.688
"10468",1.1696,1.1696,1,0.9128,0.79,1.1312,0.8742,0.9771,0.6395,1.3928,4.4198,0.688
"10469",1.1696,1.1696,1,0.9128,0.79,1.1312,0.8742,0.9771,0.6395,1.3928,4.4198,0.688
"10470",1.1696,1.1696,1,0.9128,0.79,1.1312,0.8742,0.9771,0.6395,1.3928,4.4198,0.688
"10471",1.1696,1.1696,1,0.9128,0.79,1.1312,0.8742,0.9771,0.6395,1.3928,4.4198,0.688
"10472",1.1696,1.1696,1,0.9128,0.79,1.1312,0.8742,0.9771,0.6395,1.3928,4.4198,0.688
"10473",1.1696,1.1696,1,0.9128,0.79,1.1312,0.8742,0.9771,0.6395,1.3928,4.4198,0.688
"10474",1.1696,1.1696,1,0.9128,0.79,1.1312,0.8742,0.9771,0.6395,1.3928,4.4198,0.688
"10475",1.1696,1.1696,1,0.9128,0.79,1.1312,0.8742,0.9771,0.6395,1.3928,4.4198,0.688
"10501",1.1696,1.1696,1,0.9128,0.79,0.9019,0.8742,0.9771,0.6395,1.3928,0,0.688
"10502",1.1696,1.1696,1,0.9128,0.79,1.1312,0.8742,0.9771,0.6395,1.3928,4.4198,0.688
"10504",1.1696,1.1696,1,0.9128,0.79,1.1312,0.8742,0.9771,0.6395,1.3928,4.4198,0.688
"10505",1.1696,1.1696,1,0.9128,0.79,0.9019,0.8742,0.9771,0.6395,1.3928,0,0.688
"10506",1.1696,1.1696,1,0.9128,0.79,1.1312,0.8742,0.9771,0.6395,1.3928,4.4198,0.688
"10507",1.1696,1.1696,1,0.9128,0.79,0.9019,0.8742,0.9771,0.6395,1.3928,0,0.688
"10509",1.1696,1.1696,1,0.9128,0.79,0.9019,0.8742,0.9771,0.6395,1.3928,0,0.688
"10510",1.1696,1.1696,1,0.9128,0.79,1.1312,0.8742,0.9771,0.6395,1.3928,4.4198,0.688
"10511",1.1696,1.1696,1,0.9128,0.79,0.9019,0.8742,0.9771,0.6395,1.3928,0,0.688
"10512",0.8662,0.8662,1,0.8187,1.0898,0.8722,0.891,1.8786,0.5762,0.6613,0,0.9276
"10514",1.1696,1.1696,1,0.9128,0.79,1.1312,0.8742,0.9771,0.6395,1.3928,4.4198,0.688
"10516",0.8662,0.8662,1,0.8187,1.0898,0.8722,0.891,1.8786,0.5762,0.6613,0,0.9276
"10517",1.1696,1.1696,1,0.9128,0.79,0.9019,0.8742,0.9771,0.6395,1.3928,0,0.688
"10518",1.1696,1.1696,1,0.9128,0.79,0.9019,0.8742,0.9771,0.6395,1.3928,0,0.688
"10519",1.1696,1.1696,1,0.9128,0.79,0.9019,0.8742,0.9771,0.6395,1.3928,0,0.688
"10520",1.1696,1.1696,1,0.9128,0.79,0.9019,0.8742,0.9771,0.6395,1.3928,0,0.688
"10522",1.1696,1.1696,1,0.9128,0.79,1.1312,0.8742,0.9771,0.6395,1.3928,4.4198,0.688
"10523",1.1696,1.1696,1,0.9128,0.79,1.1312,0.8742,0.9771,0.6395,1.3928,4.4198,0.688
"10524",1.1696,1.1696,1,0.9128,0.79,0.9019,0.8742,0.9771,0.6395,1.3928,0,0.688
"10526",1.1696,1.1696,1,0.9128,0.79,0.9019,0.8742,0.9771,0.6395,1.3928,0,0.688
"10527",1.1696,1.1696,1,0.9128,0.79,0.9019,0.8742,0.9771,0.6395,1.3928,0,0.688
"10528",1.1696,1.1696,1,0.9128,0.79,1.1312,0.8742,0.9771,0.6395,1.3928,4.4198,0.688
"10530",1.1696,1.1696,1,0.9128,0.79,1.1312,0.8742,0.9771,0.6395,1.3928,4.4198,0.688
"10532",1.1696,1.1696,1,0.9128,0.79,1.1312,0.8742,0.9771,0.6395,1.3928,4.4198,0.688
"10533",1.1696,1.1696,1,0.9128,0.79,1.1312,0.8742,0.9771,0.6395,1.3928,4.4198,0.688
"10535",1.1696,1.1696,1,0.9128,0.79,0.9019,0.8742,0.9771,0.6395,1.3928,0,0.688
"10536",1.1696,1.1696,1,0.9128,0.79,0.9019,0.8742,0.9771,0.6395,1.3928,0,0.688
"10537",1.1696,1.1696,1,0.9128,0.79,0.9019,0.8742,0.9771,0.6395,1.3928,0,0.688
"10538",1.1696,1.1696,1,0.9128,0.79,1.1312,0.8742,0.9771,0.6395,1.3928,4.4198,0.688
"10541",1.1696,1.1696,1,0.9128,0.79,0.9019,0.8742,0.9771,0.6395,1.3928,0,0.688
"10543",1.1696,1.1696,1,0.9128,0.79,1.1312,0.8742,0.9771,0.6395,1.3928,4.4198,0.688
"10546",1.1696,1.1696,1,0.9128,0.79,0.9019,0.8742,0.9771,0.6395,1.3928,0,0.688
"10547",1.1696,1.1696,1,0.9128,0.79,0.9019,0.8742,0.9771,0.6395,1.3928,0,0.688
"10548",1.1696,1.1696,1,0.9128,0.79,0.9019,0.8742,0.9771,0.6395,1.3928,0,0.688
"10549",1.1696,1.1696,1,0.9128,0.79,0.9019,0.8742,0.9771,0.6395,1.3928,0,0.688
"10550",1.1696,1.1696,1,0.9128,0.79,1.1312,0.8742,0.9771,0.6395,1.3928,4.4198,0.688
"10552",1.1696,1.1696,1,0.9128,0.79,1.1312,0.8742,0.9771,0.6395,1.3928,4.4198,0.688
"10553",1.1696,1.1696,1,0.9128,0.79,1.1312,0.8742,0.9771,0.6395,1.3928,4.4198,0.688
"10560",1.1696,1.1696,1,0.9128,0.79,0.9019,0.8742,0.9771,0.6395,1.3928,0,0.688
"10562",1.1696,1.1696,1,0.9128,0.79,0.9019,0.8742,0.9771,0.6395,1.3928,0,0.688
"10566",1.1696,1.1696,1,0.9128,0.79,0.9019,0.8742,0.9771,0.6395,1.3928,0,0.688
"10567",1.1696,1.1696,1,0.9128,0.79,0.9019,0.8742,0.9771,0.6395,1.3928,0,0.688
"10570",1.1696,1.1696,1,0.9128,0.79,1.1312,0.8742,0.9771,0.6395,1.3928,4.4198,0.688
"10573",1.1696,1.1696,1,0.9128,0.79,1.1312,0.8742,0.9771,0.6395,1.3928,4.4198,0.688
"10576",1.1696,1.1696,1,0.9128,0.79,1.1312,0.8742,0.9771,0.6395,1.3928,4.4198,0.688
"10577",1.1696,1.1696,1,0.9128,0.79,1.1312,0.8742,0.9771,0.6395,1.3928,4.4198,0.688
"10578",1.1696,1.1696,1,0.9128,0.79,0.9019,0.8742,0.9771,0.6395,1.3928,0,0.688
"10579",1.1696,1.1696,1,0.9128,0.79,0.9019,0.8742,0.9771,0.6395,1.3928,0,0.688
"10580",1.1696,1.1696,1,0.9128,0.79,1.1312,0.8742,0.9771,0.6395,1.3928,4.4198,0.688
"10583",1.1696,1.1696,1,0.9128,0.79,1.1312,0.8742,0.9771,0.6395,1.3928,4.4198,0.688
"10587",1.1696,1.1696,1,0.9128,0.79,0.9019,0.8742,0.9771,0.6395,1.3928,0,0.688
"10588",1.1696,1.1696,1,0.9128,0.79,0.9019,0.8742,0.9771,0.6395,1.3928,0,0.688
"10589",1.1696,1.1696,1,0.9128,0.79,0.9019,0.8742,0.9771,0.6395,1.3928,0,0.688
"10590",1.1696,1.1696,1,0.9128,0.79,0.9019,0.8742,0.9771,0.6395,1.3928,0,0.688
"10591",1.1696,1.1696,1,0.9128,0.79,1.1312,0.8742,0.9771,0.6395,1.3928,4.4198,0.688
"10594",1.1696,1.1696,1,0.9128,0.79,1.1312,0.8742,0.9771,0.6395,1.3928,4.4198,0.688
"10595",1.1696,1.1696,1,0.9128,0.79,1.1312,0.8742,0.9771,0.6395,1.3928,4.4198,0.688
"10596",1.1696,1.1696,1,0.9128,0.79,0.9019,0.8742,0.9771,0.6395,1.3928,0,0.688
"10597",1.1696,1.1696,1,0.9128,0.79,0.9019,0.8742,0.9771,0.6395,1.3928,0,0.688
"10598",1.1696,1.1696,1,0.9128,0.79,0.9019,0.8742,0.9771,0.6395,1.3928,0,0.688
"10601",1.1696,1.1696,1,0.9128,0.79,1.1312,0.8742,0.9771,0.6395,1.3928,4.4198,0.688
"10603",1.1696,1.1696,1,0.9128,0.79,1.1312,0.8742,0.9771,0.6395,1.3928,4.4198,0.688
"10604",1.1696,1.1696,1,0.9128,0.79,1.1312,0.8742,0.9771,0.6395,1.3928,4.4198,0.688
"10605",1.1696,1.1696,1,0.9128,0.79,1.1312,0.8742,0.9771,0.6395,1.3928,4.4198,0.688
"10606",1.1696,1.1696,1,0.9128,0.79,1.1312,0.8742,0.9771,0.6395,1.3928,4.4198,0.688
"10607",1.1696,1.1696,1,0.9128,0.79,1.1312,0.8742,0.9771,0.6395,1.3928,4.4198,0.688
"10701",1.1696,1.1696,1,0.9128,0.79,1.1312,0.8742,0.9771,0.6395,1.3928,4.4198,0.688
"10702",1.1696,1.1696,1,0.9128,0.79,1.1312,0.8742,0.9771,0.6395,1.3928,4.4198,0.688
"10703",1.1696,1.1696,1,0.9128,0.79,1.1312,0.8742,0.9771,0.6395,1.3928,4.4198,0.688
"10704",1.1696,1.1696,1,0.9128,0.79,1.1312,0.8742,0.9771,0.6395,1.3928,4.4198,0.688
"10705",1.1696,1.1696,1,0.9128,0.79,1.1312,0.8742,0.9771,0.6395,1.3928,4.4198,0.688
"10706",1.1696,1.1696,1,0.9128,0.79,1.1312,0.8742,0.9771,0.6395,1.3928,4.4198,0.688
"10707",1.1696,1.1696,1,0.9128,0.79,1.1312,0.8742,0.9771,0.6395,1.3928,4.4198,0.688
"10708",1.1696,1.1696,1,0.9128,0.79,1.1312,0.8742,0.9771,0.6395,1.3928,4.4198,0.688
"10709",1.1696,1.1696,1,0.9128,0.79,1.1312,0.8742,0.9771,0.6395,1.3928,4.4198,0.688
"10710",1.1696,1.1696,1,0.9128,0.79,1.1312,0.8742,0.9771,0.6395,1.3928,4.4198,0.688
"10801",1.1696,1.1696,1,0.9128,0.79,1.1312,0.8742,0.9771,0.6395,1.3928,4.4198,0.688
"10803",1.1696,1.1696,1,0.9128,0.79,1.1312,0.8742,0.9771,0.6395,1.3928,4.4198,0.688
"10804",1.1696,1.1696,1,0.9128,0.79,1.1312,0.8742,0.9771,0.6395,1.3928,4.4198,0.688
"10805",1.1696,1.1696,1,0.9128,0.79,1.1312,0.8742,0.9771,0.6395,1.3928,4.4198,0.688
"10901",0.8662,0.8662,1,0.8187,1.0898,0.7504,0.9474,1.2726,1.1221,0.6613,0,0.9276
"10911",0.8662,0.8662,1,0.8187,1.0898,0.7504,0.9474,1.2726,1.1221,0.6613,0,0.9276
"10913",0.8662,0.8662,1,0.8187,1.0898,0.7504,0.9474,1.2726,1.1221,0.6613,0,0.9276
"10914",0.8662,0.8662,1,0.8187,1.0898,0.7504,0.9474,1.2726,1.1221,0.6613,0,0.9276
"10916",0.8662,0.8662,1,0.8187,1.0898,0.7504,0.9474,1.2726,1.1221,0.6613,0,0.9276
"10917",0.8662,0.8662,1,0.8187,1.0898,0.7504,0.9474,1.2726,1.1221,0.6613,0,0.9276
"10918",0.8662,0.8662,1,0.8187,1.0898,0.7504,0.9474,1.2726,1.1221,0.6613,0,0.9276
"10919",0.8662,0.8662,1,0.8187,1.0898,0.7504,0.9474,1.2726,1.1221,0.6613,0,0.9276
"10920",0.8662,0.8662,1,0.8187,1.0898,0.7504,0.9474,1.2726,1.1221,0.6613,0,0.9276
"10921",0.8662,0.8662,1,0.8187,1.0898,0.7504,0.9474,1.2726,1.1221,0.6613,0,0.9276
"10922",0.8662,0.8662,1,0.8187,1.0898,0.7504,0.9474,1.2726,1.1221,0.6613,0,0.9276
"10923",0.8662,0.8662,1,0.8187,1.0898,0.7504,0.9474,1.2726,1.1221,0.6613,0,0.9276
"10924",0.8662,0.8662,1,0.8187,1.0898,0.7504,0.9474,1.2726,1.1221,0.6613,0,0.9276
"10925",0.8662,0.8662,1,0.8187,1.0898,0.7504,0.9474,1.2726,1.1221,0.6613,0,0.9276
"10926",0.8662,0.8662,1,0.8187,1.0898,0.7504,0.9474,1.2726,1.1221,0.6613,0,0.9276
"10927",0.8662,0.8662,1,0.8187,1.0898,0.7504,0.9474,1.2726,1.1221,0.6613,0,0.9276
"10928",0.8662,0.8662,1,0.8187,1.0898,0.7504,0.9474,1.2726,1.1221,0.6613,0,0.9276
"10930",0.8662,0.8662,1,0.8187,1.0898,0.7504,0.9474,1.2726,1.1221,0.6613,0,0.9276
"10931",0.8662,0.8662,1,0.8187,1.0898,0.7504,0.9474,1.2726,1.1221,0.6613,0,0.9276
"10932",0.8662,0.8662,1,0.8187,1.0898,0.7504,0.9474,1.2726,1.1221,0.6613,0,0.9276
"10933",0.8662,0.8662,1,0.8187,1.0898,0.7504,0.9474,1.2726,1.1221,0.6613,0,0.9276
"10940",0.8662,0.8662,1,0.8187,1.0898,0.7504,0.9474,1.2726,1.1221,0.6613,0,0.9276
"10941",0.8662,0.8662,1,0.8187,1.0898,0.7504,0.9474,1.2726,1.1221,0.6613,0,0.9276
"10950",0.8662,0.8662,1,0.8187,1.0898,0.7504,0.9474,1.2726,1.1221,0.6613,0,0.9276
"10952",0.8662,0.8662,1,0.8187,1.0898,0.7504,0.9474,1.2726,1.1221,0.6613,0,0.9276
"10953",0.8662,0.8662,1,0.8187,1.0898,0.7504,0.9474,1.2726,1.1221,0.6613,0,0.9276
"10954",0.8662,0.8662,1,0.8187,1.0898,0.7504,0.9474,1.2726,1.1221,0.6613,0,0.9276
"10956",0.8662,0.8662,1,0.8187,1.0898,0.7504,0.9474,1.2726,1.1221,0.6613,0,0.9276
"10958",0.8662,0.8662,1,0.8187,1.0898,0.7504,0.9474,1.2726,1.1221,0.6613,0,0.9276
"10960",0.8662,0.8662,1,0.8187,1.0898,0.7504,0.9474,1.2726,1.1221,0.6613,0,0.9276
"10962",0.8662,0.8662,1,0.8187,1.0898,0.7504,0.9474,1.2726,1.1221,0.6613,0,0.9276
"10963",0.8662,0.8662,1,0.8187,1.0898,0.7504,0.9474,1.2726,1.1221,0.6613,0,0.9276
"10964",0.8662,0.8662,1,0.8187,1.0898,0.7504,0.9474,1.2726,1.1221,0.6613,0,0.9276
"10965",0.8662,0.8662,1,0.8187,1.0898,0.7504,0.9474,1.2726,1.1221,0.6613,0,0.9276
"10968",0.8662,0.8662,1,0.8187,1.0898,0.7504,0.9474,1.2726,1.1221,0.6613,0,0.9276
"10969",0.8662,0.8662,1,0.8187,1.0898,0.7504,0.9474,1.2726,1.1221,0.6613,0,0.9276
"10970",0.8662,0.8662,1,0.8187,1.0898,0.7504,0.9474,1.2726,1.1221,0.6613,0,0.9276
"10973",0.8662,0.8662,1,0.8187,1.0898,0.7504,0.9474,1.2726,1.1221,0.6613,0,0.9276
"10974",0.8662,0.8662,1,0.8187,1.0898,0.7504,0.9474,1.2726,1.1221,0.6613,0,0.9276
"10975",0.8662,0.8662,1,0.8187,1.0898,0.7504,0.9474,1.2726,1.1221,0.6613,0,0.9276
"10976",0.8662,0.8662,1,0.8187,1.0898,0.7504,0.9474,1.2726,1.1221,0.6613,0,0.9276
"10977",0.8662,0.8662,1,0.8187,1.0898,0.7504,0.9474,1.2726,1.1221,0.6613,0,0.9276
"10979",0.8662,0.8662,1,0.8187,1.0898,0.7504,0.9474,1.2726,1.1221,0.6613,0,0.9276
"10980",0.8662,0.8662,1,0.8187,1.0898,0.7504,0.9474,1.2726,1.1221,0.6613,0,0.9276
"10981",0.8662,0.8662,1,0.8187,1.0898,0.7504,0.9474,1.2726,1.1221,0.6613,0,0.9276
"10983",0.8662,0.8662,1,0.8187,1.0898,0.7504,0.9474,1.2726,1.1221,0.6613,0,0.9276
"10984",0.8662,0.8662,1,0.8187,1.0898,0.7504,0.9474,1.2726,1.1221,0.6613,0,0.9276
"10985",0.8662,0.8662,1,0.8187,1.0898,0.7504,0.9474,1.2726,1.1221,0.6613,0,0.9276
"10986",0.8662,0.8662,1,0.8187,1.0898,0.7504,0.9474,1.2726,1.1221,0.6613,0,0.9276
"10987",0.8662,0.8662,1,0.8187,1.0898,0.7504,0.9474,1.2726,1.1221,0.6613,0,0.9276
"10988",0.8662,0.8662,1,0.8187,1.0898,0.7504,0.9474,1.2726,1.1221,0.6613,0,0.9276
"10989",0.8662,0.8662,1,0.8187,1.0898,0.7504,0.9474,1.2726,1.1221,0.6613,0,0.9276
"10990",0.8662,0.8662,1,0.8187,1.0898,0.7504,0.9474,1.2726,1.1221,0.6613,0,0.9276
"10992",0.8662,0.8662,1,0.8187,1.0898,0.7504,0.9474,1.2726,1.1221,0.6613,0,0.9276
"10993",0.8662,0.8662,1,0.8187,1.0898,0.7504,0.9474,1.2726,1.1221,0.6613,0,0.9276
"10994",0.8662,0.8662,1,0.8187,1.0898,0.7504,0.9474,1.2726,1.1221,0.6613,0,0.9276
"10996",0.8662,0.8662,1,0.8187,1.0898,0.7504,0.9474,1.2726,1.1221,0.6613,0,0.9276
"10998",0.8662,0.8662,1,0.8187,1.0898,0.7504,0.9474,1.2726,1.1221,0.6613,0,0.9276
"11001",1.0958,1.0958,1,0.8544,0.6029,0.6257,0.4267,0.4821,1.7614,1.5827,4.3834,0.7613
"11003",1.0958,1.0958,1,0.8544,0.6029,0.6257,0.4267,0.4821,1.7614,1.5827,4.3834,0.7613
"11004",1.0958,1.0958,1,0.8544,0.6029,0.6257,0.4267,0.4821,1.7614,0.7821,4.3834,0.7613
"11005",1.0958,1.0958,1,0.8544,0.6029,1.0989,0.8771,0.7534,1.7614,0.7821,4.3834,0.7613
"11010",1.0958,1.0958,1,0.8544,0.6029,1.0989,0.8771,0.7534,0.896,1.5827,4.3834,0.7613
"11020",1.0958,1.0958,1,0.8544,0.6029,1.712,1.52,1.4756,1.7614,0.7821,4.7318,0.7613
"11021",1.0958,1.0958,1,0.8544,0.6029,1.712,1.52,1.4756,0.896,0.7821,4.7318,0.7613
"11023",1.0958,1.0958,1,0.8544,0.6029,1.712,1.52,1.4756,0.896,0.7821,4.7318,0.7613
"11024",1.0958,1.0958,1,0.8544,0.6029,1.712,1.52,1.4756,0.896,0.7821,4.7318,0.7613
"11030",1.0958,1.0958,1,0.8544,0.6029,1.712,1.52,1.4756,0.896,0.7821,4.7318,0.7613
"11040",1.0958,1.0958,1,0.8544,0.6029,1.0989,0.8771,0.7534,1.7614,0.7821,4.3834,0.7613
"11042",1.0958,1.0958,1,0.8544,0.6029,1.0989,0.8771,0.7534,1.7614,0.7821,4.3834,0.7613
"11050",1.0958,1.0958,1,0.8544,0.6029,1.712,1.52,1.4756,0.896,0.7821,4.7318,0.7613
"11096",1.3625,1.3625,1,0.8544,0.6029,0.6257,0.4267,0.4821,0.896,1.5827,5.4257,0.394
"11101",1.0958,1.0958,1,0.8544,0.6029,0.6257,0.4267,0.4821,1.7614,1.5827,4.3834,0.394
"11102",1.0958,1.0958,1,0.8544,0.6029,0.6257,0.4267,0.4821,1.7614,1.5827,4.3834,0.394
"11103",1.0958,1.0958,1,0.8544,0.6029,0.6257,0.4267,0.4821,1.7614,1.5827,4.3834,0.394
"11104",1.0958,1.0958,1,0.8544,0.6029,0.6257,0.4267,0.4821,1.7614,1.5827,4.3834,0.394
"11105",1.0958,1.0958,1,0.8544,0.6029,0.6257,0.4267,0.4821,1.7614,1.5827,4.3834,0.394
"11106",1.0958,1.0958,1,0.8544,0.6029,0.6257,0.4267,0.4821,1.7614,1.5827,4.3834,0.394
"11109",1.0958,1.0958,1,0.8544,0.6029,0.6257,0.4267,0.4821,1.7614,1.5827,4.3834,0.394
"11201",1.0958,1.0958,1,0.8544,0.6029,0.6257,0.4267,0.4821,1.7614,1.5827,4.3834,0.394
"11203",1.3625,1.3625,1,0.8544,0.6029,0.6257,0.4267,0.4821,1.7614,1.5827,4.3834,0.394
"11204",1.3625,1.3625,1,0.8544,0.6029,0.6257,0.4267,0.4821,1.7614,1.5827,5.4257,0.394
"11205",1.0958,1.0958,1,0.8544,0.6029,0.6257,0.4267,0.4821,1.7614,1.5827,4.3834,0.394
"11206",1.3625,1.3625,1,0.8544,0.6029,0.6257,0.4267,0.4821,1.7614,1.5827,4.3834,0.394
"11207",1.3625,1.3625,1,0.8544,0.6029,0.6257,0.4267,0.4821,1.7614,1.5827,4.3834,0.394
"11208",1.3625,1.3625,1,0.8544,0.6029,0.6257,0.4267,0.4821,1.7614,1.5827,4.3834,0.394
"11209",1.0958,1.0958,1,0.8544,0.6029,0.6257,0.4267,0.4821,1.7614,1.5827,4.7096,0.394
"11210",1.3625,1.3625,1,0.8544,0.6029,0.6257,0.4267,0.4821,1.7614,1.5827,4.7096,0.394
"11211",1.0958,1.0958,1,0.8544,0.6029,0.6257,0.4267,0.4821,1.7614,1.5827,4.3834,0.394
"11212",1.3625,1.3625,1,0.8544,0.6029,0.6257,0.4267,0.4821,1.7614,1.5827,4.3834,0.394
"11213",1.3625,1.3625,1,0.8544,0.6029,0.6257,0.4267,0.4821,1.7614,1.5827,4.3834,0.394
"11214",1.3625,1.3625,1,0.8544,0.6029,0.6257,0.4267,0.4821,1.7614,1.5827,5.4257,0.394
"11215",1.0958,1.0958,1,0.8544,0.6029,0.6257,0.4267,0.4821,1.7614,1.5827,4.3834,0.394
"11216",1.0958,1.0958,1,0.8544,0.6029,0.6257,0.4267,0.4821,1.7614,1.5827,4.3834,0.394
"11217",1.0958,1.0958,1,0.8544,0.6029,0.6257,0.4267,0.4821,1.7614,1.5827,4.3834,0.394
"11218",1.0958,1.0958,1,0.8544,0.6029,0.6257,0.4267,0.4821,1.7614,1.5827,4.7096,0.394
"11219",1.0958,1.0958,1,0.8544,0.6029,0.6257,0.4267,0.4821,1.7614,1.5827,4.7096,0.394
"11220",1.0958,1.0958,1,0.8544,0.6029,0.6257,0.4267,0.4821,1.7614,1.5827,4.3834,0.394
"11221",1.3625,1.3625,1,0.8544,0.6029,0.6257,0.4267,0.4821,1.7614,1.5827,4.3834,0.394
"11222",1.0958,1.0958,1,0.8544,0.6029,0.6257,0.4267,0.4821,1.7614,1.5827,4.3834,0.394
"11223",1.3625,1.3625,1,0.8544,0.6029,0.6257,0.4267,0.4821,1.7614,1.5827,5.4257,0.394
"11224",1.3625,1.3625,1,0.8544,0.6029,0.6257,0.4267,0.4821,1.7614,1.5827,5.4257,0.394
"11225",1.0958,1.0958,1,0.8544,0.6029,0.6257,0.4267,0.4821,1.7614,1.5827,4.3834,0.394
"11226",1.3625,1.3625,1,0.8544,0.6029,0.6257,0.4267,0.4821,1.7614,1.5827,4.7096,0.394
"11228",1.0958,1.0958,1,0.8544,0.6029,0.6257,0.4267,0.4821,1.7614,1.5827,4.7096,0.394
"11229",1.3625,1.3625,1,0.8544,0.6029,0.6257,0.4267,0.4821,1.7614,1.5827,5.4257,0.394
"11230",1.3625,1.3625,1,0.8544,0.6029,0.6257,0.4267,0.4821,1.7614,1.5827,5.4257,0.394
"11231",1.0958,1.0958,1,0.8544,0.6029,0.6257,0.4267,0.4821,1.7614,1.5827,4.3834,0.394
"11232",1.0958,1.0958,1,0.8544,0.6029,0.6257,0.4267,0.4821,1.7614,1.5827,4.3834,0.394
"11233",1.3625,1.3625,1,0.8544,0.6029,0.6257,0.4267,0.4821,1.7614,1.5827,4.3834,0.394
"11234",1.3625,1.3625,1,0.8544,0.6029,0.6257,0.4267,0.4821,1.7614,1.5827,4.7096,0.394
"11235",1.3625,1.3625,1,0.8544,0.6029,0.6257,0.4267,0.4821,1.7614,1.5827,5.4257,0.394
"11236",1.3625,1.3625,1,0.8544,0.6029,0.6257,0.4267,0.4821,1.7614,1.5827,4.7096,0.394
"11237",1.0958,1.0958,1,0.8544,0.6029,0.6257,0.4267,0.4821,1.7614,1.5827,4.3834,0.394
"11238",1.0958,1.0958,1,0.8544,0.6029,0.6257,0.4267,0.4821,1.7614,1.5827,4.3834,0.394
"11239",1.3625,1.3625,1,0.8544,0.6029,0.6257,0.4267,0.4821,1.7614,1.5827,4.7096,0.394
"11241",1.0958,1.0958,1,0.8544,0.6029,0.6257,0.4267,0.4821,1.7614,1.5827,4.3834,0.394
"11242",1.0958,1.0958,1,0.8544,0.6029,0.6257,0.4267,0.4821,1.7614,1.5827,4.3834,0.394
"11243",1.0958,1.0958,1,0.8544,0.6029,0.6257,0.4267,0.4821,1.7614,1.5827,4.3834,0.394
"11249",1.3625,1.3625,1,0.8544,0.6029,0.6257,0.4267,0.4821,1.7614,1.5827,4.3834,0.394
"11252",1.0958,1.0958,1,0.8544,0.6029,0.6257,0.4267,0.4821,1.7614,1.5827,4.7096,0.394
"11256",1.3625,1.3625,1,0.8544,0.6029,0.6257,0.4267,0.4821,1.7614,1.5827,4.3834,0.394
"11351",1.0958,1.0958,1,0.8544,0.6029,0.6257,0.4267,0.4821,1.7614,1.5827,4.3834,0.7613
"11354",1.0958,1.0958,1,0.8544,0.6029,0.6257,0.4267,0.4821,1.7614,1.5827,4.3834,0.7613
"11355",1.0958,1.0958,1,0.8544,0.6029,0.6257,0.4267,0.4821,1.7614,1.5827,4.3834,0.394
"11356",1.0958,1.0958,1,0.8544,0.6029,0.6257,0.4267,0.4821,1.7614,1.5827,4.3834,0.7613
"11357",1.0958,1.0958,1,0.8544,0.6029,0.6257,0.4267,0.4821,1.7614,1.5827,4.3834,0.7613
"11358",1.0958,1.0958,1,0.8544,0.6029,0.6257,0.4267,0.4821,1.7614,1.5827,4.3834,0.7613
"11359",1.0958,1.0958,1,0.8544,0.6029,0.6257,0.4267,0.4821,1.7614,1.5827,4.3834,0.7613
"11360",1.0958,1.0958,1,0.8544,0.6029,0.6257,0.4267,0.4821,1.7614,1.5827,4.3834,0.7613
"11361",1.0958,1.0958,1,0.8544,0.6029,0.6257,0.4267,0.4821,1.7614,1.5827,4.3834,0.7613
"11362",1.0958,1.0958,1,0.8544,0.6029,1.0989,0.8771,0.7534,1.7614,0.7821,4.3834,0.7613
"11363",1.0958,1.0958,1,0.8544,0.6029,1.712,1.52,1.4756,1.7614,0.7821,4.3834,0.7613
"11364",1.0958,1.0958,1,0.8544,0.6029,0.6257,0.4267,0.4821,1.7614,1.5827,4.3834,0.394
"11365",1.0958,1.0958,1,0.8544,0.6029,0.6257,0.4267,0.4821,1.7614,1.5827,4.3834,0.394
"11366",1.0958,1.0958,1,0.8544,0.6029,0.6257,0.4267,0.4821,1.7614,1.5827,4.3834,0.394
"11367",1.0958,1.0958,1,0.8544,0.6029,0.6257,0.4267,0.4821,1.7614,1.5827,4.3834,0.394
"11368",1.0958,1.0958,1,0.8544,0.6029,0.6257,0.4267,0.4821,1.7614,1.5827,4.3834,0.394
"11369",1.0958,1.0958,1,0.8544,0.6029,0.6257,0.4267,0.4821,1.7614,1.5827,4.3834,0.394
"11370",1.0958,1.0958,1,0.8544,0.6029,0.6257,0.4267,0.4821,1.7614,1.5827,4.3834,0.394
"11371",1.0958,1.0958,1,0.8544,0.6029,0.6257,0.4267,0.4821,1.7614,1.5827,4.3834,0.7613
"11372",1.0958,1.0958,1,0.8544,0.6029,0.6257,0.4267,0.4821,1.7614,1.5827,4.3834,0.394
"11373",1.0958,1.0958,1,0.8544,0.6029,0.6257,0.4267,0.4821,1.7614,1.5827,4.3834,0.394
"11374",1.0958,1.0958,1,0.8544,0.6029,0.6257,0.4267,0.4821,1.7614,1.5827,4.3834,0.394
"11375",1.0958,1.0958,1,0.8544,0.6029,0.6257,0.4267,0.4821,1.7614,1.5827,4.3834,0.394
"11377",1.0958,1.0958,1,0.8544,0.6029,0.6257,0.4267,0.4821,1.7614,1.5827,4.3834,0.394
"11378",1.0958,1.0958,1,0.8544,0.6029,0.6257,0.4267,0.4821,1.7614,1.5827,4.3834,0.394
"11379",1.0958,1.0958,1,0.8544,0.6029,0.6257,0.4267,0.4821,1.7614,1.5827,4.3834,0.394
"11385",1.0958,1.0958,1,0.8544,0.6029,0.6257,0.4267,0.4821,1.7614,1.5827,4.3834,0.394
"11411",1.3625,1.3625,1,0.8544,1.3968,0.6257,0.4267,0.4821,1.7614,1.5827,4.3834,0.394
"11412",1.3625,1.3625,1,0.8544,0.6029,0.6257,0.4267,0.4821,1.7614,1.5827,4.3834,0.394
"11413",1.3625,1.3625,1,0.8544,0.6029,0.6257,0.4267,0.4821,1.7614,1.5827,4.3834,0.394
"11414",1.3625,1.3625,1,0.8544,0.6029,0.6257,0.4267,0.4821,1.7614,1.5827,4.7096,0.394
"11415",1.3625,1.3625,1,0.8544,0.6029,0.6257,0.4267,0.4821,1.7614,1.5827,4.3834,0.394
"11416",1.3625,1.3625,1,0.8544,0.6029,0.6257,0.4267,0.4821,1.7614,1.5827,4.3834,0.394
"11417",1.3625,1.3625,1,0.8544,0.6029,0.6257,0.4267,0.4821,1.7614,1.5827,4.3834,0.394
"11418",1.3625,1.3625,1,0.8544,0.6029,0.6257,0.4267,0.4821,1.7614,1.5827,4.3834,0.394
"11419",1.3625,1.3625,1,0.8544,0.6029,0.6257,0.4267,0.4821,1.7614,1.5827,4.3834,0.394
"11420",1.3625,1.3625,1,0.8544,0.6029,0.6257,0.4267,0.4821,1.7614,1.5827,4.3834,0.394
"11421",1.3625,1.3625,1,0.8544,0.6029,0.6257,0.4267,0.4821,1.7614,1.5827,4.3834,0.394
"11422",1.3625,1.3625,1,0.8544,0.6029,0.6257,0.4267,0.4821,1.7614,1.5827,4.7096,0.394
"11423",1.3625,1.3625,1,0.8544,0.6029,0.6257,0.4267,0.4821,1.7614,1.5827,4.3834,0.394
"11426",1.0958,1.0958,1,0.8544,0.6029,0.6257,0.4267,0.4821,1.7614,0.7821,4.3834,0.394
"11427",1.3625,1.3625,1,0.8544,0.6029,0.6257,0.4267,0.4821,1.7614,0.7821,4.3834,0.7613
"11428",1.0958,1.0958,1,0.8544,0.6029,0.6257,0.4267,0.4821,1.7614,0.7821,4.3834,0.7613
"11429",1.0958,1.0958,1,0.8544,0.6029,0.6257,0.4267,0.4821,1.7614,1.5827,4.3834,0.394
"11430",1.3625,1.3625,1,0.8544,0.6029,0.6257,0.4267,0.4821,1.7614,1.5827,4.7096,0.394
"11432",1.3625,1.3625,1,0.8544,0.6029,0.6257,0.4267,0.4821,1.7614,1.5827,4.3834,0.394
"11433",1.3625,1.3625,1,0.8544,0.6029,0.6257,0.4267,0.4821,1.7614,1.5827,4.3834,0.394
"11434",1.3625,1.3625,1,0.8544,0.6029,0.6257,0.4267,0.4821,1.7614,1.5827,4.3834,0.394
"11435",1.3625,1.3625,1,0.8544,0.6029,0.6257,0.4267,0.4821,1.7614,1.5827,4.3834,0.394
"11436",1.3625,1.3625,1,0.8544,0.6029,0.6257,0.4267,0.4821,1.7614,1.5827,4.3834,0.394
"11501",1.0958,1.0958,1,0.8544,1.3968,1.0989,0.8771,0.7534,0.896,0.7821,4.3834,0.7613
"11507",1.0958,1.0958,1,0.8544,0.6029,1.712,1.52,1.4756,0.896,0.7821,4.3834,0.7613
"11509",1.3625,1.3625,1,0.8544,0.6029,0.6257,0.4267,0.4821,0.896,1.5827,5.4257,0.394
"11510",1.3625,1.3625,1,0.8544,1.3968,1.0989,0.8771,0.7534,0.896,1.5827,5.4257,0.7613
"11514",1.0958,1.0958,1,0.8544,1.3968,1.0989,0.8771,0.7534,0.896,0.7821,4.3834,0.7613
"11516",1.3625,1.3625,1,0.8544,1.3968,1.0989,0.8771,0.7534,0.896,1.5827,5.4257,0.394
"11518",1.3625,1.3625,1,0.8544,1.3968,1.0989,0.8771,0.7534,0.896,1.5827,5.4257,0.7613
"11520",1.3625,1.3625,1,0.8544,1.3968,1.0989,0.8771,0.7534,0.896,1.5827,5.4257,0.7613
"11530",1.0958,1.0958,1,0.8544,1.3968,1.0989,0.8771,0.7534,0.896,1.5827,4.7096,0.7613
"11542",1.0958,1.0958,1,0.8544,1.3968,1.712,1.52,1.4756,0.896,0.7821,4.7318,1.7837
"11545",1.0958,1.0958,1,0.8544,1.3968,1.712,1.52,1.4756,0.896,0.7821,4.7318,1.7837
"11547",1.0958,1.0958,1,0.8544,1.3968,1.712,1.52,1.4756,0.896,0.7821,4.7318,1.7837
"11548",1.0958,1.0958,1,0.8544,1.3968,1.712,1.52,1.4756,0.896,0.7821,4.7318,0.7613
"11550",1.3625,1.3625,1,0.8544,1.3968,1.0989,0.8771,0.7534,0.896,1.5827,4.7096,0.7613
"11552",1.0958,1.0958,1,0.8544,1.3968,1.0989,0.8771,0.7534,0.896,1.5827,4.7096,0.7613
"11553",1.3625,1.3625,1,0.8544,1.3968,1.0989,0.8771,0.7534,0.896,1.5827,4.7096,0.7613
"11554",1.3625,1.3625,1,0.8544,1.3968,1.0989,0.8771,0.7534,0.896,1.5827,4.7096,1.7837
"11556",1.3625,1.3625,1,0.8544,1.3968,1.0989,0.8771,0.7534,0.896,1.5827,4.7096,0.7613
"11557",1.3625,1.3625,1,0.8544,1.3968,1.0989,0.8771,0.7534,0.896,1.5827,5.4257,0.7613
"11558",1.3625,1.3625,1,0.8544,1.3968,1.0989,0.8771,0.7534,0.896,1.5827,5.4257,0.7613
"11559",1.3625,1.3625,1,0.8544,0.6029,0.6257,0.4267,0.4821,0.896,1.5827,5.4257,0.394
"11560",1.0958,1.0958,1,0.8544,1.3968,1.712,1.52,1.4756,0.896,0.7821,4.7318,1.7837
"11561",1.3625,1.3625,1,0.8544,1.3968,1.0989,0.8771,0.7534,0.896,1.5827,5.4257,0.7613
"11563",1.3625,1.3625,1,0.8544,1.3968,1.0989,0.8771,0.7534,0.896,1.5827,4.7096,0.7613
"11565",1.3625,1.3625,1,0.8544,0.6029,1.0989,0.8771,0.7534,0.896,1.5827,4.7096,0.7613
"11566",1.3625,1.3625,1,0.8544,1.3968,1.0989,0.8771,0.7534,0.896,1.5827,5.4257,0.7613
"11568",1.3625,1.3625,1,0.8544,1.3968,1.712,1.52,1.4756,0.896,0.7821,4.7318,0.7613
"11569",1.3625,1.3625,1,0.8544,1.3968,1.0989,0.8771,0.7534,0.896,1.5827,5.4257,0.7613
"11570",1.3625,1.3625,1,0.8544,1.3968,1.0989,0.8771,0.7534,0.896,1.5827,5.4257,0.7613
"11572",1.3625,1.3625,1,0.8544,1.3968,1.0989,0.8771,0.7534,0.896,1.5827,5.4257,0.7613
"11575",1.3625,1.3625,1,0.8544,1.3968,1.0989,0.8771,0.7534,0.896,1.5827,4.7096,0.7613
"11576",1.0958,1.0958,1,0.8544,0.6029,1.712,1.52,1.4756,0.896,0.7821,4.7318,0.7613
"11577",1.3625,1.3625,1,0.8544,0.6029,1.712,1.52,1.4756,0.896,0.7821,4.3834,0.7613
"11579",1.0958,1.0958,1,0.8544,1.3968,1.712,1.52,1.4756,0.896,0.7821,4.7318,1.7837
"11580",1.3625,1.3625,1,0.8544,1.3968,1.0989,0.8771,0.7534,1.7614,1.5827,4.7096,0.7613
"11581",1.3625,1.3625,1,0.8544,1.3968,1.0989,0.8771,0.7534,0.896,1.5827,4.7096,0.7613
"11590",1.3625,1.3625,1,0.8544,1.3968,1.0989,0.8771,0.7534,0.896,0.7821,4.7096,0.7613
"11596",1.0958,1.0958,1,0.8544,0.6029,1.0989,0.8771,0.7534,0.896,0.7821,4.3834,0.7613
"11598",1.3625,1.3625,1,0.8544,1.3968,1.0989,0.8771,0.7534,0.896,1.5827,5.4257,0.7613
"11599",1.0958,1.0958,1,0.8544,1.3968,1.0989,0.8771,0.7534,0.896,1.5827,4.7096,0.7613
"11691",1.3625,1.3625,1,0.8544,0.6029,0.6257,0.4267,0.4821,1.7614,1.5827,5.4257,0.394
"11692",1.3625,1.3625,1,0.8544,0.6029,0.6257,0.4267,0.4821,1.7614,1.5827,5.4257,0.394
"11693",1.3625,1.3625,1,0.8544,0.6029,0.6257,0.4267,0.4821,1.7614,1.5827,5.4257,0.394
"11694",1.3625,1.3625,1,0.8544,0.6029,0.6257,0.4267,0.4821,1.7614,1.5827,5.4257,0.394
"11697",1.3625,1.3625,1,0.8544,0.6029,0.6257,0.4267,0.4821,1.7614,1.5827,5.4257,0.394
"11701",1.3625,1.3625,1,0.8544,1.3968,1.0989,0.8771,0.7534,0.896,1.5827,5.4257,0.7613
"11702",1.3625,1.3625,1,0.8544,1.3968,1.0989,0.8771,0.7534,0.896,0.7821,5.4257,1.7837
"11703",1.3625,1.3625,1,0.8544,1.3968,1.0989,0.8771,0.7534,0.896,0.7821,5.4257,1.8685
"11704",1.3625,1.3625,1,0.8544,1.3968,1.0989,0.8771,0.7534,0.896,0.7821,5.4257,1.7837
"11705",1.3625,1.3625,1,0.8544,1.3968,1.0989,0.8771,0.7534,0.896,0.8979,7.0963,1.8685
"11706",1.3625,1.3625,1,0.8544,1.3968,1.0989,0.8771,0.7534,0.896,1.62,5.4257,1.8685
"11709",1.0958,1.0958,1,0.8544,1.3968,1.712,1.52,1.4756,0.896,0.7821,4.7318,1.7837
"11710",1.3625,1.3625,1,0.8544,1.3968,1.0989,0.8771,0.7534,0.896,1.5827,5.4257,0.7613
"11713",1.3625,1.3625,1,0.8544,1.3968,1.0989,0.8771,0.7534,0.896,0.8979,7.0963,1.8685
"11714",1.3625,1.3625,1,0.8544,1.3968,1.0989,0.8771,0.7534,0.896,0.7821,4.7096,1.7837
"11715",1.3625,1.3625,1,0.8544,1.3968,1.0989,0.8771,0.7534,0.896,0.8979,7.0963,1.8685
"11716",1.3625,1.3625,1,0.8544,1.3968,1.0989,0.8771,0.7534,0.896,1.62,5.4257,1.8685
"11717",1.3625,1.3625,1,0.8544,1.3968,1.0989,0.8771,0.7534,0.896,1.62,4.7096,1.8685
"11718",1.3625,1.3625,1,0.8544,1.3968,1.0989,0.8771,0.7534,0.896,1.62,5.4257,1.8685
"11719",1.3625,1.3625,1,0.8544,1.3968,1.0989,0.8771,0.7534,0.896,0.8979,7.0963,1.2948
"11720",1.3625,1.3625,1,0.8544,1.3968,1.0989,0.8771,0.7534,0.896,1.62,4.7096,1.8685
"11721",1.3625,1.3625,1,0.8544,1.3968,1.712,1.52,1.4756,0.896,0.7821,5.6914,1.8685
"11722",1.3625,1.3625,1,0.8544,1.3968,1.0989,0.8771,0.7534,0.896,1.62,4.7096,1.8685
"11724",1.0958,1.0958,1,0.8544,1.3968,1.712,1.52,1.4756,0.896,0.7821,5.6914,1.7837
"11725",1.3625,1.3625,1,0.8544,1.3968,1.712,1.52,1.4756,0.896,0.7821,4.7096,1.8685
"11726",1.3625,1.3625,1,0.8544,1.3968,1.0989,0.8771,0.7534,0.896,0.7821,5.4257,0.7613
"11727",1.3625,1.3625,1,1.3433,1.3968,1.0989,0.8771,0.7534,0.896,0.8979,4.7096,1.8685
"11729",1.3625,1.3625,1,0.8544,1.3968,1.0989,0.8771,0.7534,0.896,0.7821,4.7096,1.8685
"11730",1.3625,1.3625,1,0.8544,1.3968,1.0989,0.8771,0.7534,0.896,1.62,7.0963,1.8685
"11731",1.3625,1.3625,1,0.8544,1.3968,1.712,1.52,1.4756,0.896,0.7821,4.7096,1.8685
"11732",1.0958,1.0958,1,0.8544,1.3968,1.712,1.52,1.4756,0.896,0.7821,4.7096,1.7837
"11733",1.3625,1.3625,1,0.8544,1.3968,1.712,1.52,1.4756,0.896,1.62,5.6914,1.8685
"11735",1.3625,1.3625,1,0.8544,1.3968,1.0989,0.8771,0.7534,0.896,0.7821,4.7096,1.7837
"11737",1.3625,1.3625,1,0.8544,1.3968,1.0989,0.8771,0.7534,0.896,0.7821,4.7096,1.7837
"11738",1.3625,1.3625,1,0.8544,1.3968,1.0989,0.8771,0.7534,0.896,0.8979,4.7096,1.8685
"11739",1.3625,1.3625,1,0.8544,1.3968,1.0989,0.8771,0.7534,0.896,1.62,7.0963,1.8685
"11740",1.3625,1.3625,1,0.8544,1.3968,1.712,1.52,1.4756,0.896,0.7821,4.7096,1.8685
"11741",1.3625,1.3625,1,0.8544,1.3968,1.0989,0.8771,0.7534,0.896,0.8979,4.7096,1.8685
"11742",1.3625,1.3625,1,0.8544,1.3968,1.0989,0.8771,0.7534,0.896,0.8979,4.7096,1.8685
"11743",1.3625,1.3625,1,0.8544,1.3968,1.712,1.52,1.4756,0.896,0.7821,5.6914,1.8685
"11746",1.3625,1.3625,1,0.8544,1.3968,1.712,1.52,1.4756,0.896,0.7821,4.7096,1.8685
"11747",1.3625,1.3625,1,0.8544,1.3968,1.0989,0.8771,0.7534,0.896,0.7821,4.7096,1.8685
"11749",1.3625,1.3625,1,0.8544,1.3968,1.0989,0.8771,0.7534,0.896,1.62,4.7096,1.8685
"11751",1.3625,1.3625,1,0.8544,1.3968,1.0989,0.8771,0.7534,0.896,1.62,5.4257,1.8685
"11752",1.3625,1.3625,1,0.8544,1.3968,1.0989,0.8771,0.7534,0.896,1.62,5.4257,1.8685
"11753",1.3625,1.3625,1,0.8544,1.3968,1.712,1.52,1.4756,0.896,0.7821,4.7096,0.7613
"11754",1.3625,1.3625,1,0.8544,1.3968,1.712,1.52,1.4756,0.896,0.7821,5.6914,1.8685
"11755",1.3625,1.3625,1,0.8544,1.3968,1.0989,0.8771,0.7534,0.896,1.62,4.7096,1.8685
"11756",1.3625,1.3625,1,0.8544,1.3968,1.0989,0.8771,0.7534,0.896,1.5827,4.7096,1.7837
"11757",1.3625,1.3625,1,0.8544,1.3968,1.0989,0.8771,0.7534,0.896,0.7821,5.4257,0.7613
"11758",1.3625,1.3625,1,0.8544,1.3968,1.0989,0.8771,0.7534,0.896,1.5827,5.4257,0.7613
"11762",1.3625,1.3625,1,0.8544,1.3968,1.0989,0.8771,0.7534,0.896,0.7821,5.4257,0.7613
"11763",1.3625,1.3625,1,0.8544,1.3968,1.0989,0.8771,0.7534,0.896,0.8979,4.7096,1.8685
"11764",1.3625,1.3625,1,1.3433,1.3968,1.0989,0.8771,0.7534,0.896,1.62,5.6914,1.8685
"11765",1.0958,1.0958,1,0.8544,1.3968,1.712,1.52,1.4756,0.896,0.7821,4.7318,1.7837
"11766",1.3625,1.3625,1,1.3433,1.3968,1.0989,0.8771,0.7534,0.896,1.62,5.6914,1.8685
"11767",1.3625,1.3625,1,0.8544,1.3968,1.712,1.52,1.4756,0.896,0.7821,4.7096,1.8685
"11768",1.3625,1.3625,1,0.8544,1.3968,1.712,1.52,1.4756,0.896,0.7821,5.6914,1.8685
"11769",1.3625,1.3625,1,0.8544,1.3968,1.0989,0.8771,0.7534,0.896,1.62,7.0963,1.8685
"11770",1.3625,1.3625,1,0.8544,1.3968,1.0989,0.8771,0.7534,0.896,1.62,5.4257,1.8685
"11771",1.0958,1.0958,1,0.8544,1.3968,1.712,1.52,1.4756,0.896,0.7821,4.7318,1.7837
"11772",1.3625,1.3625,1,0.8544,1.3968,1.0989,0.8771,0.7534,0.896,0.8979,7.0963,1.8685
"11776",1.3625,1.3625,1,1.3433,1.3968,1.0989,0.8771,0.7534,0.896,1.62,4.7096,1.8685
"11777",1.3625,1.3625,1,1.3433,1.3968,1.0989,0.8771,0.7534,0.896,1.62,5.6914,1.8685
"11778",1.3625,1.3625,1,1.3433,1.3968,1.0989,0.8771,0.7534,0.896,0.8979,5.6914,1.8685
"11779",1.3625,1.3625,1,0.8544,1.3968,1.0989,0.8771,0.7534,0.896,1.62,4.7096,1.8685
"11780",1.3625,1.3625,1,0.8544,1.3968,1.712,1.52,1.4756,0.896,0.7821,5.6914,1.8685
"11782",1.3625,1.3625,1,0.8544,1.3968,1.0989,0.8771,0.7534,0.896,1.62,7.0963,1.8685
"11783",1.3625,1.3625,1,0.8544,1.3968,1.0989,0.8771,0.7534,0.896,1.5827,5.4257,0.7613
"11784",1.3625,1.3625,1,0.8544,1.3968,1.0989,0.8771,0.7534,0.896,0.8979,4.7096,1.8685
"11786",1.3625,1.3625,1,1.3433,1.3968,1.0989,0.8771,0.7534,0.896,0.8979,5.6914,1.2948
"11787",1.3625,1.3625,1,0.8544,1.3968,1.712,1.52,1.4756,0.896,0.7821,4.7096,1.8685
"11788",1.3625,1.3625,1,0.8544,1.3968,1.0989,0.8771,0.7534,0.896,0.7821,4.7096,1.8685
"11789",1.3625,1.3625,1,1.3433,1.3968,1.0989,0.8771,0.7534,0.896,0.8979,5.6914,1.8685
"11790",1.3625,1.3625,1,0.8544,1.3968,1.712,1.52,1.4756,0.896,1.62,5.6914,1.8685
"11791",1.0958,1.0958,1,0.8544,1.3968,1.712,1.52,1.4756,0.896,0.7821,4.7096,1.7837
"11792",1.3625,1.3625,1,1.3433,1.3968,1.0989,0.8771,0.7534,0.896,0.8979,5.6914,1.2948
"11793",1.3625,1.3625,1,0.8544,1.3968,1.0989,0.8771,0.7534,0.896,1.5827,5.4257,0.7613
"11795",1.3625,1.3625,1,0.8544,1.3968,1.0989,0.8771,0.7534,0.896,0.7821,5.4257,1.7837
"11796",1.3625,1.3625,1,0.8544,1.3968,1.0989,0.8771,0.7534,0.896,1.62,7.0963,1.8685
"11797",1.0958,1.0958,1,0.8544,1.3968,1.712,1.52,1.4756,0.896,0.7821,5.6914,1.7837
"11798",1.3625,1.3625,1,0.8544,1.3968,1.0989,0.8771,0.7534,0.896,0.7821,4.7096,1.8685
"11801",1.3625,1.3625,1,0.8544,1.3968,1.0989,0.8771,0.7534,0.896,0.7821,4.7096,0.7613
"11803",1.0958,1.0958,1,0.8544,1.3968,1.712,1.52,1.4756,0.896,0.7821,4.7096,1.7837
"11804",1.0958,1.0958,1,0.8544,1.3968,1.0989,0.8771,0.7534,0.896,0.7821,4.7096,1.7837
"11901",1.3625,1.3625,1,1.3433,1.3968,1.3251,1.8119,1.2463,0.896,0.8979,5.6914,1.2948
"11930",1.3625,1.3625,1,1.3433,1.3968,1.3251,1.8119,1.2463,0.896,0.8979,8.2194,1.2948
"11931",1.3625,1.3625,1,1.3433,1.3968,1.3251,1.8119,1.2463,0.896,0.8979,5.6914,1.2948
"11932",1.3625,1.3625,1,1.3433,1.3968,1.3251,1.8119,1.2463,0.896,0.8979,8.2194,1.2948
"11933",1.3625,1.3625,1,1.3433,1.3968,1.3251,1.8119,1.2463,0.896,0.8979,5.6914,1.2948
"11934",1.3625,1.3625,1,1.3433,1.3968,1.3251,1.8119,1.2463,0.896,0.8979,8.2194,1.2948
"11935",1.3625,1.3625,1,1.3433,1.3968,1.3251,1.8119,1.2463,0.896,0.8979,8.2194,1.2948
"11937",1.3625,1.3625,1,1.3433,1.3968,1.3251,1.8119,1.2463,0.896,0.8979,8.2194,1.2948
"11939",1.3625,1.3625,1,1.3433,1.3968,1.3251,1.8119,1.2463,0.896,0.8979,8.2194,1.2948
"11940",1.3625,1.3625,1,1.3433,1.3968,1.3251,1.8119,1.2463,0.896,0.8979,8.2194,1.2948
"11941",1.3625,1.3625,1,1.3433,1.3968,1.3251,1.8119,1.2463,0.896,0.8979,8.2194,1.2948
"11942",1.3625,1.3625,1,1.3433,1.3968,1.3251,1.8119,1.2463,0.896,0.8979,8.2194,1.2948
"11944",1.3625,1.3625,1,1.3433,1.3968,1.3251,1.8119,1.2463,0.896,0.8979,8.2194,1.2948
"11946",1.3625,1.3625,1,1.3433,1.3968,1.3251,1.8119,1.2463,0.896,0.8979,8.2194,1.2948
"11947",1.3625,1.3625,1,1.3433,1.3968,1.3251,1.8119,1.2463,0.896,0.8979,5.6914,1.2948
"11948",1.3625,1.3625,1,1.3433,1.3968,1.3251,1.8119,1.2463,0.896,0.8979,8.2194,1.2948
"11949",1.3625,1.3625,1,1.3433,1.3968,1.3251,1.8119,1.2463,0.896,0.8979,5.6914,1.2948
"11950",1.3625,1.3625,1,1.3433,1.3968,1.3251,1.8119,1.2463,0.896,0.8979,5.6914,1.2948
"11951",1.3625,1.3625,1,1.3433,1.3968,1.3251,1.8119,1.2463,0.896,0.8979,7.0963,1.2948
"11952",1.3625,1.3625,1,1.3433,1.3968,1.3251,1.8119,1.2463,0.896,0.8979,8.2194,1.2948
"11953",1.3625,1.3625,1,1.3433,1.3968,1.0989,0.8771,0.7534,0.896,0.8979,4.7096,1.8685
"11954",1.3625,1.3625,1,1.3433,1.3968,1.3251,1.8119,1.2463,0.896,0.8979,8.2194,1.2948
"11955",1.3625,1.3625,1,1.3433,1.3968,1.3251,1.8119,1.2463,0.896,0.8979,8.2194,1.2948
"11956",1.3625,1.3625,1,1.3433,1.3968,1.3251,1.8119,1.2463,0.896,0.8979,8.2194,1.2948
"11957",1.3625,1.3625,1,1.3433,1.3968,1.3251,1.8119,1.2463,0.896,0.8979,8.2194,1.2948
"11958",1.3625,1.3625,1,1.3433,1.3968,1.3251,1.8119,1.2463,0.896,0.8979,8.2194,1.2948
"11959",1.3625,1.3625,1,1.3433,1.3968,1.3251,1.8119,1.2463,0.896,0.8979,8.2194,1.2948
"11960",1.3625,1.3625,1,0.8544,1.3968,1.0989,0.8771,0.7534,0.896,0.8979,7.0963,1.8685
"11961",1.3625,1.3625,1,1.3433,1.3968,1.0989,0.8771,0.7534,0.896,0.8979,4.7096,1.2948
"11962",1.3625,1.3625,1,1.3433,1.3968,1.3251,1.8119,1.2463,0.896,0.8979,8.2194,1.2948
"11963",1.3625,1.3625,1,1.3433,1.3968,1.3251,1.8119,1.2463,0.896,0.8979,8.2194,1.2948
"11964",1.3625,1.3625,1,1.3433,1.3968,1.3251,1.8119,1.2463,0.896,0.8979,8.2194,1.2948
"11965",1.3625,1.3625,1,1.3433,1.3968,1.3251,1.8119,1.2463,0.896,0.8979,8.2194,1.2948
"11967",1.3625,1.3625,1,1.3433,1.3968,1.0989,0.8771,0.7534,0.896,0.8979,7.0963,1.2948
"11968",1.3625,1.3625,1,1.3433,1.3968,1.3251,1.8119,1.2463,0.896,0.8979,8.2194,1.2948
"11970",1.3625,1.3625,1,1.3433,1.3968,1.3251,1.8119,1.2463,0.896,0.8979,8.2194,1.2948
"11971",1.3625,1.3625,1,1.3433,1.3968,1.3251,1.8119,1.2463,0.896,0.8979,8.2194,1.2948
"11972",1.3625,1.3625,1,0.8544,1.3968,1.0989,0.8771,0.7534,0.896,0.8979,7.0963,1.8685
"11975",1.3625,1.3625,1,1.3433,1.3968,1.3251,1.8119,1.2463,0.896,0.8979,8.2194,1.2948
"11976",1.3625,1.3625,1,1.3433,1.3968,1.3251,1.8119,1.2463,0.896,0.8979,8.2194,1.2948
"11977",1.3625,1.3625,1,1.3433,1.3968,1.3251,1.8119,1.2463,0.896,0.8979,8.2194,1.2948
"11978",1.3625,1.3625,1,1.3433,1.3968,1.3251,1.8119,1.2463,0.896,0.8979,8.2194,1.2948
"11980",1.3625,1.3625,1,0.8544,1.3968,1.0989,0.8771,0.7534,0.896,0.8979,4.7096,1.2948
"12007",0.8662,0.8662,1,0.8187,1.0898,0.7504,0.9474,1.2726,0.8851,0.4693,0,0.9276
"12008",0.8662,0.8662,1,0.8187,1.0898,1.0252,2.0503,1.0595,0.5762,0.7474,0,1.5463
"12009",0.8662,0.8662,1,0.8187,1.0898,1.0252,2.0503,1.0595,0.8851,0.4693,0,0.9276
"12010",0.8662,0.8662,1,0.8187,1.0898,0.7504,0.9474,1.2726,0.5762,0.7474,0,1.5463
"12015",0.8662,0.8662,1,0.8187,1.0898,0.8722,0.891,1.8786,0.5762,0.6613,0,0.9276
"12017",0.8662,0.8662,1,0.8187,1.0898,0.8722,0.891,1.8786,0.5762,0.4693,0,0.9276
"12018",0.8662,0.8662,1,0.8187,1.0898,0.8722,0.891,1.8786,0.8851,0.7474,0,1.5463
"12019",0.8662,0.8662,1,0.8187,1.0898,1.0252,2.0503,1.0595,0.8851,0.7474,0,1.5463
"12020",0.8662,0.8662,1,0.8187,1.0898,1.0252,2.0503,1.0595,0.5762,0.7474,0,1.5463
"12022",0.7593,0.7593,1,0.8187,1.0898,0.8722,0.891,1.8786,0.5762,0.4693,0,1.5463
"12023",0.8662,0.8662,1,0.8187,1.0898,0.7504,0.9474,1.2726,0.8851,0.4693,0,0.9276
"12024",0.8662,0.8662,1,0.8187,1.0898,0.8722,0.891,1.8786,0.5762,0.4693,0,1.5463
"12025",0.7593,0.7593,1,0.8187,1.0898,0.7504,0.9474,1.2726,0.5762,0.4693,0,1.5463
"12027",0.8662,0.8662,1,0.8187,1.0898,1.0252,2.0503,1.0595,0.5762,0.7474,0,1.5463
"12028",0.7593,0.7593,1,0.8187,1.0898,0.8722,0.891,1.8786,0.5762,0.7474,0,1.5463
"12029",0.8662,0.8662,1,0.8187,1.0898,0.8722,0.891,1.8786,0.5762,0.4693,0,0.9276
"12031",0.8662,0.8662,1,0.8187,1.0898,0.7504,0.9474,1.2726,0.5762,0.4693,0,0.9276
"12032",0.8662,0.8662,1,0.8187,1.0898,0.7504,0.9474,1.2726,0.5762,0.4693,0,1.5463
"12033",0.8662,0.8662,1,0.8187,1.0898,0.8722,0.891,1.8786,0.8851,0.4693,0,1.5463
"12035",0.8662,0.8662,1,0.8187,1.0898,0.7504,0.9474,1.2726,0.5762,0.4693,0,0.9276
"12036",0.8662,0.8662,1,0.8187,1.0898,0.7504,0.9474,1.2726,0.5762,0.4693,0,0.9276
"12037",0.8662,0.8662,1,0.8187,1.0898,0.8722,0.891,1.8786,0.5762,0.4693,0,1.5463
"12040",0.7593,0.7593,1,0.8187,1.0898,0.8722,0.891,1.8786,0.5762,0.4693,0,1.5463
"12041",0.8662,0.8662,1,0.8187,1.0898,0.7504,0.9474,1.2726,0.8851,0.4693,0,0.9276
"12042",0.8662,0.8662,1,0.8187,1.0898,0.7504,0.9474,1.2726,0.5762,0.4693,0,0.9276
"12043",0.8662,0.8662,1,0.8187,1.0898,0.7504,0.9474,1.2726,0.5762,0.4693,0,0.9276
"12045",0.8662,0.8662,1,0.8187,1.0898,0.7504,0.9474,1.2726,0.8851,0.4693,0,0.9276
"12046",0.8662,0.8662,1,0.8187,1.0898,0.7504,0.9474,1.2726,0.8851,0.4693,0,0.9276
"12047",0.8662,0.8662,1,0.8187,1.0898,1.0252,2.0503,1.0595,0.8851,0.7474,0,1.5463
"12050",0.8662,0.8662,1,0.8187,1.0898,0.8722,0.891,1.8786,0.5762,0.4693,0,1.5463
"12051",0.8662,0.8662,1,0.8187,1.0898,0.8722,0.891,1.8786,0.5762,0.6613,0,0.9276
"12052",0.8662,0.8662,1,0.8187,1.0898,0.8722,0.891,1.8786,0.8851,0.7474,0,1.5463
"12053",0.8662,0.8662,1,0.8187,1.0898,0.7504,0.9474,1.2726,0.8851,0.4693,0,1.5463
"12054",0.8662,0.8662,1,0.8187,1.0898,1.0252,2.0503,1.0595,0.8851,0.4693,0,0.9276
"12055",0.8662,0.8662,1,0.8187,1.0898,0.7504,0.9474,1.2726,0.8851,0.4693,0,0.9276
"12056",0.8662,0.8662,1,0.8187,1.0898,0.7504,0.9474,1.2726,0.8851,0.4693,0,1.5463
"12057",0.7593,0.7593,1,0.8187,1,0.8722,0.891,1.8786,0.5762,0.4693,0,1.5463
"12058",0.8662,0.8662,1,0.8187,1.0898,0.8722,0.891,1.8786,0.5762,0.6613,0,0.9276
"12059",0.8662,0.8662,1,0.8187,1.0898,0.7504,0.9474,1.2726,0.8851,0.4693,0,0.9276
"12060",0.8662,0.8662,1,0.8187,1.0898,0.8722,0.891,1.8786,0.5762,0.4693,0,0.9276
"12061",0.8662,0.8662,1,0.8187,1.0898,0.8722,0.891,1.8786,0.5762,0.4693,0,1.5463
"12062",0.8662,0.8662,1,0.8187,1.0898,0.8722,0.891,1.8786,0.5762,0.4693,0,1.5463
"12063",0.8662,0.8662,1,0.8187,1.0898,0.8722,0.891,1.8786,0.5762,0.4693,0,1.5463
"12064",0.8662,0.8662,1,0.8187,1.0898,0.7504,0.9474,1.2726,0.5762,0.4693,0,0.9276
"12065",0.8662,0.8662,1,0.8187,1.0898,1.0252,2.0503,1.0595,0.5762,0.7474,0,1.5463
"12066",0.8662,0.8662,1,0.8187,1.0898,0.7504,0.9474,1.2726,0.5762,0.4693,0,1.5463
"12067",0.8662,0.8662,1,0.8187,1.0898,0.7504,0.9474,1.2726,0.8851,0.4693,0,0.9276
"12068",0.8662,0.8662,1,0.8187,1.0898,0.7504,0.9474,1.2726,0.5762,0.4693,0,1.5463
"12069",0.8662,0.8662,1,0.8187,1.0898,0.7504,0.9474,1.2726,0.5762,0.7474,0,1.5463
"12070",0.8662,0.8662,1,0.8187,1.0898,0.7504,0.9474,1.2726,0.5762,0.4693,0,1.5463
"12071",0.8662,0.8662,1,0.8187,1.0898,0.7504,0.9474,1.2726,0.5762,0.4693,0,0.9276
"12072",0.8662,0.8662,1,0.8187,1.0898,0.7504,0.9474,1.2726,0.5762,0.4693,0,1.5463
"12074",0.8662,0.8662,1,0.8187,1.0898,0.7504,0.9474,1.2726,0.5762,0.4693,0,1.5463
"12075",0.8662,0.8662,1,0.8187,1.0898,0.8722,0.891,1.8786,0.5762,0.4693,0,1.5463
"12076",0.8662,0.8662,1,0.8187,1.0898,0.7504,0.9474,1.2726,0.5762,0.4693,0,0.9276
"12077",0.8662,0.8662,1,0.8187,1.0898,1.0252,2.0503,1.0595,0.8851,0.4693,0,0.9276
"12078",0.8662,0.8662,1,0.8187,1.0898,0.7504,0.9474,1.2726,0.5762,0.4693,0,1.5463
"12082",0.8662,0.8662,1,0.8187,1.0898,0.8722,0.891,1.8786,0.8851,0.7474,0,1.5463
"12083",0.8662,0.8662,1,0.8187,1.0898,0.7504,0.9474,1.2726,0.8851,0.4693,0,0.9276
"12084",0.8662,0.8662,1,0.8187,1.0898,1.0252,2.0503,1.0595,0.8851,0.7474,0,1.5463
"12085",0.8662,0.8662,1,0.8187,1.0898,1.0252,2.0503,1.0595,0.8851,0.4693,0,0.9276
"12086",0.7593,0.7593,1,0.8187,1.0898,0.7504,0.9474,1.2726,0.5762,0.4693,0,1.5463
"12087",0.8662,0.8662,1,0.8187,1.0898,0.7504,0.9474,1.2726,0.5762,0.4693,0,0.9276
"12089",0.7593,0.7593,1,0.8187,1.0898,0.8722,0.891,1.8786,0.5762,0.4693,0,1.5463
"12090",0.7593,0.7593,1,0.8187,1.0898,0.8722,0.891,1.8786,0.5762,0.4693,0,1.5463
"12092",0.8662,0.8662,1,0.8187,1.0898,0.7504,0.9474,1.2726,0.5762,0.4693,0,0.9276
"12093",0.8662,0.8662,1,0.8187,1.0898,0.7504,0.9474,1.2726,0.5762,0.4693,0,0.9276
"12094",0.8662,0.8662,1,0.8187,1.0898,0.8722,0.891,1.8786,0.5762,0.7474,0,1.5463
"12095",0.8662,0.8662,1,0.8187,1.0898,0.7504,0.9474,1.2726,0.5762,0.4693,0,1.5463
"12106",0.8662,0.8662,1,0.8187,1.0898,0.8722,0.891,1.8786,0.5762,0.4693,0,1.5463
"12107",0.8662,0.8662,1,0.8187,1.0898,1.0252,2.0503,1.0595,0.8851,0.4693,0,0.9276
"12108",0.7593,0.7593,1,1.2898,1,0.7504,0.9474,1.2726,0.5762,0.4693,0,1.5463
"12110",0.8662,0.8662,1,0.8187,1.0898,1.0252,2.0503,1.0595,0.8851,0.7474,0,1.5463
"12115",0.8662,0.8662,1,0.8187,1.0898,0.8722,0.891,1.8786,0.5762,0.4693,0,1.5463
"12116",0.8662,0.8662,1,0.8187,1.0898,0.7504,0.9474,1.2726,0.5762,0.4693,0,0.9276
"12117",0.8662,0.8662,1,0.8187,1.0898,0.7504,0.9474,1.2726,0.5762,0.4693,0,1.5463
"12118",0.8662,0.8662,1,0.8187,1.0898,1.0252,2.0503,1.0595,0.5762,0.7474,0,1.5463
"12120",0.8662,0.8662,1,0.8187,1.0898,0.7504,0.9474,1.2726,0.8851,0.4693,0,0.9276
"12121",0.8662,0.8662,1,0.8187,1.0898,0.8722,0.891,1.8786,0.5762,0.7474,0,1.5463
"12122",0.8662,0.8662,1,0.8187,1.0898,0.7504,0.9474,1.2726,0.8851,0.4693,0,0.9276
"12123",0.8662,0.8662,1,0.8187,1.0898,0.8722,0.891,1.8786,0.5762,0.4693,0,1.5463
"12124",0.8662,0.8662,1,0.8187,1.0898,0.8722,0.891,1.8786,0.5762,0.4693,0,1.5463
"12125",0.8662,0.8662,1,0.8187,1.0898,0.8722,0.891,1.8786,0.5762,0.4693,0,1.5463
"12130",0.8662,0.8662,1,0.8187,1.0898,0.8722,0.891,1.8786,0.5762,0.4693,0,1.5463
"12131",0.8662,0.8662,1,0.8187,1.0898,0.7504,0.9474,1.2726,0.5762,0.4693,0,0.9276
"12132",0.8662,0.8662,1,0.8187,1.0898,0.8722,0.891,1.8786,0.5762,0.4693,0,1.5463
"12134",0.8662,0.8662,1,0.8187,1.0898,0.7504,0.9474,1.2726,0.5762,0.4693,0,1.5463
"12136",0.8662,0.8662,1,0.8187,1.0898,0.8722,0.891,1.8786,0.5762,0.4693,0,1.5463
"12137",0.8662,0.8662,1,0.8187,1.0898,1.0252,2.0503,1.0595,0.8851,0.7474,0,1.5463
"12138",0.7593,0.7593,1,0.8187,1.0898,0.8722,0.891,1.8786,0.5762,0.4693,0,1.5463
"12139",0.7593,0.7593,1,1.2898,1,0.7504,0.9474,1.2726,0.5762,0.4693,0,1.5463
"12140",0.8662,0.8662,1,0.8187,1.0898,0.8722,0.891,1.8786,0.5762,0.4693,0,1.5463
"12143",0.8662,0.8662,1,0.8187,1.0898,0.7504,0.9474,1.2726,0.8851,0.4693,0,0.9276
"12144",0.8662,0.8662,1,0.8187,1.0898,0.8722,0.891,1.8786,0.8851,0.4693,0,1.5463
"12147",0.8662,0.8662,1,0.8187,1.0898,0.7504,0.9474,1.2726,0.8851,0.4693,0,0.9276
"12148",0.8662,0.8662,1,0.8187,1.0898,1.0252,2.0503,1.0595,0.5762,0.7474,0,1.5463
"12149",0.8662,0.8662,1,0.8187,1.0898,0.7504,0.9474,1.2726,0.5762,0.4693,0,0.9276
"12150",0.8662,0.8662,1,0.8187,1.0898,1.0252,2.0503,1.0595,0.8851,0.7474,0,1.5463
"12151",0.8662,0.8662,1,0.8187,1.0898,1.0252,2.0503,1.0595,0.5762,0.7474,0,1.5463
"12153",0.7593,0.7593,1,0.8187,1.0898,0.8722,0.891,1.8786,0.5762,0.7474,0,1.5463
"12154",0.8662,0.8662,1,0.8187,1.0898,1.0252,2.0503,1.0595,0.5762,0.4693,0,1.5463
"12155",0.8662,0.8662,1,0.8187,1.0898,0.7504,0.9474,1.2726,0.5762,0.4693,0,0.9276
"12156",0.8662,0.8662,1,0.8187,1.0898,0.8722,0.891,1.8786,0.5762,0.4693,0,1.5463
"12157",0.8662,0.8662,1,0.8187,1.0898,0.7504,0.9474,1.2726,0.5762,0.4693,0,0.9276
"12158",0.8662,0.8662,1,0.8187,1.0898,0.7504,0.9474,1.2726,0.8851,0.4693,0,0.9276
"12159",0.8662,0.8662,1,0.8187,1.0898,1.0252,2.0503,1.0595,0.8851,0.4693,0,0.9276
"12160",0.8662,0.8662,1,0.8187,1.0898,0.7504,0.9474,1.2726,0.5762,0.4693,0,0.9276
"12161",0.8662,0.8662,1,0.8187,1.0898,0.7504,0.9474,1.2726,0.8851,0.4693,0,0.9276
"12164",0.7593,0.7593,1,1.2898,1,0.7504,0.9474,1.2726,0.5762,0.4693,0,1.5463
"12165",0.8662,0.8662,1,0.8187,1.0898,0.8722,0.891,1.8786,0.5762,0.4693,0,1.5463
"12166",0.8662,0.8662,1,0.8187,1.0898,0.7504,0.9474,1.2726,0.5762,0.4693,0,0.9276
"12167",0.8662,0.8662,1,0.8187,1.0898,0.7504,0.9474,1.2726,0.5762,0.4693,0,0.9276
"12168",0.8662,0.8662,1,0.8187,1.0898,0.8722,0.891,1.8786,0.5762,0.4693,0,1.5463
"12169",0.8662,0.8662,1,0.8187,1.0898,0.8722,0.891,1.8786,0.5762,0.7474,0,1.5463
"12170",0.7593,0.7593,1,0.8187,1.0898,1.0252,2.0503,1.0595,0.5762,0.7474,0,1.5463
"12172",0.8662,0.8662,1,0.8187,1.0898,0.8722,0.891,1.8786,0.5762,0.4693,0,1.5463
"12173",0.8662,0.8662,1,0.8187,1.0898,0.8722,0.891,1.8786,0.5762,0.4693,0,1.5463
"12174",0.8662,0.8662,1,0.8187,1.0898,0.8722,0.891,1.8786,0.5762,0.4693,0,1.5463
"12175",0.8662,0.8662,1,0.8187,1.0898,0.7504,0.9474,1.2726,0.5762,0.4693,0,0.9276
"12176",0.8662,0.8662,1,0.8187,1.0898,0.7504,0.9474,1.2726,0.5762,0.4693,0,0.9276
"12177",0.8662,0.8662,1,0.8187,1.0898,0.7504,0.9474,1.2726,0.5762,0.4693,0,1.5463
"12180",0.8662,0.8662,1,0.8187,1.0898,0.8722,0.891,1.8786,0.8851,0.7474,0,1.5463
"12182",0.8662,0.8662,1,0.8187,1.0898,0.8722,0.891,1.8786,0.8851,0.7474,0,1.5463
"12183",0.8662,0.8662,1,0.8187,1.0898,1.0252,2.0503,1.0595,0.8851,0.7474,0,1.5463
"12184",0.8662,0.8662,1,0.8187,1.0898,0.8722,0.891,1.8786,0.5762,0.4693,0,1.5463
"12185",0.8662,0.8662,1,0.8187,1.0898,1.0252,2.0503,1.0595,0.5762,0.7474,0,1.5463
"12186",0.8662,0.8662,1,0.8187,1.0898,1.0252,2.0503,1.0595,0.8851,0.4693,0,0.9276
"12187",0.8662,0.8662,1,0.8187,1.0898,0.7504,0.9474,1.2726,0.5762,0.4693,0,0.9276
"12188",0.8662,0.8662,1,0.8187,1.0898,1.0252,2.0503,1.0595,0.5762,0.7474,0,1.5463
"12189",0.8662,0.8662,1,0.8187,1.0898,1.0252,2.0503,1.0595,0.8851,0.7474,0,1.5463
"12190",0.8662,0.8662,1,1.2898,1.0898,0.7504,0.9474,1.2726,0.5762,0.4693,0,1.5463
"12192",0.8662,0.8662,1,0.8187,1.0898,0.8722,0.891,1.8786,0.5762,0.4693,0,0.9276
"12193",0.8662,0.8662,1,0.8187,1.0898,0.7504,0.9474,1.2726,0.8851,0.4693,0,0.9276
"12194",0.8662,0.8662,1,0.8187,1.0898,0.7504,0.9474,1.2726,0.5762,0.4693,0,0.9276
"12196",0.8662,0.8662,1,0.8187,1.0898,0.8722,0.891,1.8786,0.5762,0.4693,0,1.5463
"12197",0.8662,0.8662,1,0.8187,1.0898,0.7504,0.9474,1.2726,0.5762,0.4693,0,0.9276
"12198",0.8662,0.8662,1,0.8187,1.0898,0.8722,0.891,1.8786,0.5762,0.4693,0,1.5463
"12202",1.3665,1.3665,1,0.8187,1.0898,1.0252,2.0503,1.0595,0.8851,0.5366,0,0.9276
"12203",0.8662,0.8662,1,0.8187,1.0898,1.0252,2.0503,1.0595,0.8851,0.7474,0,1.5463
"12204",0.8662,0.8662,1,0.8187,1.0898,1.0252,2.0503,1.0595,0.8851,0.7474,0,0.9276
"12205",0.8662,0.8662,1,0.8187,1.0898,1.0252,2.0503,1.0595,0.8851,0.7474,0,1.5463
"12206",0.8662,0.8662,1,0.8187,1.0898,1.0252,2.0503,1.0595,0.8851,0.7474,0,1.5463
"12207",1.3665,1.3665,1,0.8187,1.0898,1.0252,2.0503,1.0595,0.8851,0.5366,0,0.9276
"12208",0.8662,0.8662,1,0.8187,1.0898,1.0252,2.0503,1.0595,0.8851,0.4693,0,1.5463
"12209",1.3665,1.3665,1,0.8187,1.0898,1.0252,2.0503,1.0595,0.8851,0.5366,0,0.9276
"12210",1.3665,1.3665,1,0.8187,1.0898,1.0252,2.0503,1.0595,0.8851,0.5366,0,0.9276
"12211",0.8662,0.8662,1,0.8187,1.0898,1.0252,2.0503,1.0595,0.8851,0.7474,0,1.5463
"12223",1.3665,1.3665,1,0.8187,1.0898,1.0252,2.0503,1.0595,0.8851,0.5366,0,0.9276
"12226",0.8662,0.8662,1,0.8187,1.0898,1.0252,2.0503,1.0595,0.8851,0.7474,0,1.5463
"12247",1.3665,1.3665,1,0.8187,1.0898,1.0252,2.0503,1.0595,0.8851,0.5366,0,0.9276
"12260",0.8662,0.8662,1,0.8187,1.0898,1.0252,2.0503,1.0595,0.8851,0.7474,0,1.5463
"12302",0.8662,0.8662,1,0.8187,1.0898,1.0252,2.0503,1.0595,0.8851,0.7474,0,1.5463
"12303",0.8662,0.8662,1,0.8187,1.0898,1.0252,2.0503,1.0595,0.8851,0.7474,0,1.5463
"12304",0.8662,0.8662,1,0.8187,1.0898,1.0252,2.0503,1.0595,0.8851,0.7474,0,1.5463
"12305",0.8662,0.8662,1,0.8187,1.0898,1.0252,2.0503,1.0595,0.8851,0.7474,0,1.5463
"12306",0.8662,0.8662,1,0.8187,1.0898,1.0252,2.0503,1.0595,0.8851,0.7474,0,1.5463
"12307",0.8662,0.8662,1,0.8187,1.0898,1.0252,2.0503,1.0595,0.8851,0.7474,0,1.5463
"12308",0.8662,0.8662,1,0.8187,1.0898,1.0252,2.0503,1.0595,0.8851,0.7474,0,1.5463
"12309",0.8662,0.8662,1,0.8187,1.0898,1.0252,2.0503,1.0595,0.8851,0.7474,0,1.5463
"12401",0.8662,0.8662,1,0.8187,1.0898,0.8722,0.891,1.8786,0.5762,0.6613,0,0.9276
"12404",0.8662,0.8662,1,0.8187,1.0898,0.7504,0.9474,1.2726,0.5762,0.6613,0,0.9276
"12405",0.8662,0.8662,1,0.8187,1.0898,0.7504,0.9474,1.2726,0.5762,0.4693,0,0.9276
"12406",0.8662,0.8662,1,0.8187,1.0898,0.7504,0.9474,1.2726,0.5762,0.4693,0,0.9276
"12407",0.8662,0.8662,1,0.8187,1.0898,0.7504,0.9474,1.2726,0.5762,0.4693,0,0.9276
"12409",0.8662,0.8662,1,0.8187,1.0898,0.8722,0.891,1.8786,0.5762,0.4693,0,0.9276
"12410",0.8662,0.8662,1,0.8187,1.0898,0.7504,0.9474,1.2726,0.5762,0.4693,0,0.9276
"12411",0.8662,0.8662,1,0.8187,1.0898,0.8722,0.891,1.8786,0.5762,0.6613,0,0.9276
"12412",0.8662,0.8662,1,0.8187,1.0898,0.7504,0.9474,1.2726,0.5762,0.4693,0,0.9276
"12413",0.8662,0.8662,1,0.8187,1.0898,0.8722,0.891,1.8786,0.5762,0.6613,0,0.9276
"12414",0.8662,0.8662,1,0.8187,1.0898,0.8722,0.891,1.8786,0.5762,0.6613,0,0.9276
"12416",0.8662,0.8662,1,0.8187,1.0898,0.7504,0.9474,1.2726,0.5762,0.4693,0,0.9276
"12417",0.8662,0.8662,1,0.8187,1.0898,0.8722,0.891,1.8786,0.5762,0.6613,0,0.9276
"12418",0.8662,0.8662,1,0.8187,1.0898,0.7504,0.9474,1.2726,0.5762,0.4693,0,0.9276
"12419",0.8662,0.8662,1,0.8187,1.0898,0.7504,0.9474,1.2726,0.5762,0.6613,0,0.9276
"12420",0.8662,0.8662,1,0.8187,1.0898,0.7504,0.9474,1.2726,1.1221,0.6613,0,0.9276
"12421",0.8662,0.8662,1,0.8187,1.0898,0.7504,0.9474,1.2726,0.5762,0.4693,0,0.9276
"12422",0.8662,0.8662,1,0.8187,1.0898,0.7504,0.9474,1.2726,0.5762,0.4693,0,0.9276
"12423",0.8662,0.8662,1,0.8187,1.0898,0.7504,0.9474,1.2726,0.5762,0.4693,0,0.9276
"12424",0.8662,0.8662,1,0.8187,1.0898,0.7504,0.9474,1.2726,0.5762,0.4693,0,0.9276
"12427",0.8662,0.8662,1,0.8187,1.0898,0.8722,0.891,1.8786,0.5762,0.4693,0,0.9276
"12428",0.8662,0.8662,1,0.8187,1.0898,0.7504,0.9474,1.2726,1.1221,0.6613,0,0.9276
"12429",0.8662,0.8662,1,0.8187,1.0898,0.8722,0.891,1.8786,0.5762,0.6613,0,0.9276
"12430",0.8662,0.8662,1,0.8187,1.0898,0.7504,0.9474,1.2726,0.5762,0.4693,0,0.9276
"12431",0.8662,0.8662,1,0.8187,1.0898,0.7504,0.9474,1.2726,0.5762,0.4693,0,0.9276
"12433",0.8662,0.8662,1,0.8187,1.0898,0.8722,0.891,1.8786,0.5762,0.4693,0,0.9276
"12434",0.8662,0.8662,1,0.8187,1.0898,0.7504,0.9474,1.2726,0.5762,0.4693,0,0.9276
"12435",0.8662,0.8662,1,0.8187,1.0898,0.7504,0.9474,1.2726,1.1221,0.4693,0,0.9276
"12436",0.8662,0.8662,1,0.8187,1.0898,0.7504,0.9474,1.2726,0.5762,0.4693,0,0.9276
"12438",0.8662,0.8662,1,0.8187,1.0898,0.7504,0.9474,1.2726,0.5762,0.4693,0,0.9276
"12439",0.8662,0.8662,1,0.8187,1.0898,0.7504,0.9474,1.2726,0.5762,0.4693,0,0.9276
"12440",0.8662,0.8662,1,0.8187,1.0898,0.7504,0.9474,1.2726,0.5762,0.6613,0,0.9276
"12441",0.8662,0.8662,1,0.8187,1.0898,0.7504,0.9474,1.2726,0.5762,0.4693,0,0.9276
"12442",0.8662,0.8662,1,0.8187,1.0898,0.7504,0.9474,1.2726,0.5762,0.4693,0,0.9276
"12443",0.8662,0.8662,1,0.8187,1.0898,0.8722,0.891,1.8786,0.5762,0.4693,0,0.9276
"12444",0.8662,0.8662,1,0.8187,1.0898,0.7504,0.9474,1.2726,0.5762,0.4693,0,0.9276
"12446",0.8662,0.8662,1,0.8187,1.0898,0.7504,0.9474,1.2726,1.1221,0.6613,0,0.9276
"12448",0.8662,0.8662,1,0.8187,1.0898,0.8722,0.891,1.8786,0.5762,0.4693,0,0.9276
"12449",0.8662,0.8662,1,0.8187,1.0898,0.8722,0.891,1.8786,0.5762,0.6613,0,0.9276
"12450",0.8662,0.8662,1,0.8187,1.0898,0.8722,0.891,1.8786,0.5762,0.4693,0,0.9276
"12451",0.8662,0.8662,1,0.8187,1.0898,0.8722,0.891,1.8786,0.5762,0.6613,0,0.9276
"12452",0.8662,0.8662,1,0.8187,1.0898,0.7504,0.9474,1.2726,0.5762,0.4693,0,0.9276
"12453",0.8662,0.8662,1,0.8187,1.0898,0.8722,0.891,1.8786,0.5762,0.6613,0,0.9276
"12454",0.8662,0.8662,1,0.8187,1.0898,0.8722,0.891,1.8786,0.5762,0.4693,0,0.9276
"12455",0.8662,0.8662,1,0.8187,1.0898,0.7504,0.9474,1.2726,0.5762,0.4693,0,0.9276
"12456",0.8662,0.8662,1,0.8187,1.0898,0.8722,0.891,1.8786,0.5762,0.6613,0,0.9276
"12457",0.8662,0.8662,1,0.8187,1.0898,0.7504,0.9474,1.2726,0.5762,0.4693,0,0.9276
"12458",0.8662,0.8662,1,0.8187,1.0898,0.7504,0.9474,1.2726,1.1221,0.6613,0,0.9276
"12459",0.8662,0.8662,1,0.8187,1.0898,0.7504,0.9474,1.2726,0.5762,0.4693,0,0.9276
"12460",0.8662,0.8662,1,0.8187,1.0898,0.7504,0.9474,1.2726,0.5762,0.4693,0,0.9276
"12461",0.8662,0.8662,1,0.8187,1.0898,0.7504,0.9474,1.2726,1.1221,0.6613,0,0.9276
"12463",0.8662,0.8662,1,0.8187,1.0898,0.8722,0.891,1.8786,0.5762,0.6613,0,0.9276
"12464",0.8662,0.8662,1,0.8187,1.0898,0.7504,0.9474,1.2726,1.1221,0.4693,0,0.9276
"12465",0.8662,0.8662,1,0.8187,1.0898,0.7504,0.9474,1.2726,0.5762,0.4693,0,0.9276
"12466",0.8662,0.8662,1,0.8187,1.0898,0.8722,0.891,1.8786,0.5762,0.6613,0,0.9276
"12468",0.8662,0.8662,1,0.8187,1.0898,0.7504,0.9474,1.2726,0.5762,0.4693,0,0.9276
"12469",0.8662,0.8662,1,0.8187,1.0898,0.7504,0.9474,1.2726,0.8851,0.4693,0,0.9276
"12470",0.8662,0.8662,1,0.8187,1.0898,0.8722,0.891,1.8786,0.5762,0.6613,0,0.9276
"12471",0.8662,0.8662,1,0.8187,1.0898,0.8722,0.891,1.8786,0.5762,0.6613,0,0.9276
"12472",0.8662,0.8662,1,0.8187,1.0898,0.7504,0.9474,1.2726,0.5762,0.6613,0,0.9276
"12473",0.8662,0.8662,1,0.8187,1.0898,0.8722,0.891,1.8786,0.5762,0.4693,0,0.9276
"12474",0.8662,0.8662,1,0.8187,1.0898,0.7504,0.9474,1.2726,0.5762,0.4693,0,0.9276
"12475",0.8662,0.8662,1,0.8187,1.0898,0.8722,0.891,1.8786,0.5762,0.6613,0,0.9276
"12477",0.8662,0.8662,1,0.8187,1.0898,0.8722,0.891,1.8786,0.5762,0.6613,0,0.9276
"12480",0.8662,0.8662,1,0.8187,1.0898,0.7504,0.9474,1.2726,0.5762,0.4693,0,0.9276
"12481",0.8662,0.8662,1,0.8187,1.0898,0.7504,0.9474,1.2726,1.1221,0.4693,0,0.9276
"12482",0.8662,0.8662,1,0.8187,1.0898,0.8722,0.891,1.8786,0.5762,0.6613,0,0.9276
"12484",0.8662,0.8662,1,0.8187,1.0898,0.7504,0.9474,1.2726,0.5762,0.6613,0,0.9276
"12485",0.8662,0.8662,1,0.8187,1.0898,0.7504,0.9474,1.2726,0.5762,0.4693,0,0.9276
"12486",0.8662,0.8662,1,0.8187,1.0898,0.7504,0.9474,1.2726,0.5762,0.6613,0,0.9276
"12487",0.8662,0.8662,1,0.8187,1.0898,0.8722,0.891,1.8786,0.5762,0.6613,0,0.9276
"12489",0.8662,0.8662,1,0.8187,1.0898,0.7504,0.9474,1.2726,1.1221,0.6613,0,0.9276
"12490",0.8662,0.8662,1,0.8187,1.0898,0.8722,0.891,1.8786,0.5762,0.6613,0,0.9276
"12491",0.8662,0.8662,1,0.8187,1.0898,0.8722,0.891,1.8786,0.5762,0.4693,0,0.9276
"12492",0.8662,0.8662,1,0.8187,1.0898,0.7504,0.9474,1.2726,0.5762,0.4693,0,0.9276
"12493",0.8662,0.8662,1,0.8187,1.0898,0.7504,0.9474,1.2726,1.1221,0.6613,0,0.9276
"12494",0.8662,0.8662,1,0.8187,1.0898,0.7504,0.9474,1.2726,1.1221,0.4693,0,0.9276
"12495",0.8662,0.8662,1,0.8187,1.0898,0.8722,0.891,1.8786,0.5762,0.4693,0,0.9276
"12496",0.8662,0.8662,1,0.8187,1.0898,0.7504,0.9474,1.2726,0.5762,0.4693,0,0.9276
"12498",0.8662,0.8662,1,0.8187,1.0898,0.8722,0.891,1.8786,0.5762,0.4693,0,0.9276
"12501",0.8662,0.8662,1,0.8187,1.0898,0.8722,0.891,1.8786,0.5762,0.4693,0,0.9276
"12502",0.8662,0.8662,1,0.8187,1.0898,0.8722,0.891,1.8786,0.5762,0.4693,0,0.9276
"12503",0.8662,0.8662,1,0.8187,1.0898,0.8722,0.891,1.8786,0.5762,0.4693,0,0.9276
"12507",0.8662,0.8662,1,0.8187,1.0898,0.8722,0.891,1.8786,0.5762,0.4693,0,0.9276
"12508",0.8662,0.8662,1,0.8187,1.0898,0.8722,0.891,1.8786,0.5762,0.6613,0,0.9276
"12512",0.8662,0.8662,1,0.8187,1.0898,0.8722,0.891,1.8786,0.5762,0.6613,0,0.9276
"12513",0.8662,0.8662,1,0.8187,1.0898,0.8722,0.891,1.8786,0.5762,0.4693,0,1.5463
"12514",0.8662,0.8662,1,0.8187,1.0898,0.8722,0.891,1.8786,0.5762,0.4693,0,0.9276
"12515",0.8662,0.8662,1,0.8187,1.0898,0.7504,0.9474,1.2726,1.1221,0.6613,0,0.9276
"12516",0.8662,0.8662,1,0.8187,1.0898,0.8722,0.891,1.8786,0.5762,0.4693,0,0.9276
"12517",0.8662,0.8662,1,0.8187,1.0898,0.8722,0.891,1.8786,0.5762,0.4693,0,0.9276
"12518",0.8662,0.8662,1,0.8187,1.0898,0.7504,0.9474,1.2726,1.1221,0.6613,0,0.9276
"12520",0.8662,0.8662,1,0.8187,1.0898,0.7504,0.9474,1.2726,1.1221,0.6613,0,0.9276
"12521",0.8662,0.8662,1,0.8187,1.0898,0.8722,0.891,1.8786,0.5762,0.4693,0,1.5463
"12522",0.8662,0.8662,1,0.8187,1.0898,0.8722,0.891,1.8786,0.5762,0.6613,0,0.9276
"12523",0.8662,0.8662,1,0.8187,1.0898,0.8722,0.891,1.8786,0.5762,0.4693,0,1.5463
"12524",0.8662,0.8662,1,0.8187,1.0898,0.8722,0.891,1.8786,0.5762,0.6613,0,0.9276
"12525",0.8662,0.8662,1,0.8187,1.0898,0.7504,0.9474,1.2726,1.1221,0.6613,0,0.9276
"12526",0.8662,0.8662,1,0.8187,1.0898,0.8722,0.891,1.8786,0.5762,0.4693,0,1.5463
"12527",0.8662,0.8662,1,0.8187,1.0898,0.8722,0.891,1.8786,0.5762,0.6613,0,0.9276
"12528",0.8662,0.8662,1,0.8187,1.0898,0.7504,0.9474,1.2726,1.1221,0.6613,0,0.9276
"12529",0.8662,0.8662,1,0.8187,1.0898,0.8722,0.891,1.8786,0.5762,0.4693,0,0.9276
"12530",0.8662,0.8662,1,0.8187,1.0898,0.8722,0.891,1.8786,0.5762,0.4693,0,1.5463
"12531",0.8662,0.8662,1,0.8187,1.0898,0.8722,0.891,1.8786,0.5762,0.6613,0,0.9276
"12533",0.8662,0.8662,1,0.8187,1.0898,0.8722,0.891,1.8786,0.5762,0.6613,0,0.9276
"12534",0.8662,0.8662,1,0.8187,1.0898,0.8722,0.891,1.8786,0.5762,0.4693,0,1.5463
"12538",0.8662,0.8662,1,0.8187,1.0898,0.8722,0.891,1.8786,0.5762,0.6613,0,0.9276
"12540",0.8662,0.8662,1,0.8187,1.0898,0.8722,0.891,1.8786,0.5762,0.6613,0,0.9276
"12541",0.8662,0.8662,1,0.8187,1.0898,0.8722,0.891,1.8786,0.5762,0.4693,0,1.5463
"12542",0.8662,0.8662,1,0.8187,1.0898,0.7504,0.9474,1.2726,1.1221,0.6613,0,0.9276
"12543",0.8662,0.8662,1,0.8187,1.0898,0.7504,0.9474,1.2726,1.1221,0.6613,0,0.9276
"12544",0.8662,0.8662,1,0.8187,1.0898,0.8722,0.891,1.8786,0.5762,0.4693,0,1.5463
"12545",0.8662,0.8662,1,0.8187,1.0898,0.8722,0.891,1.8786,0.5762,0.6613,0,0.9276
"12546",0.8662,0.8662,1,0.8187,1.0898,0.8722,0.891,1.8786,0.5762,0.4693,0,0.9276
"12547",0.8662,0.8662,1,0.8187,1.0898,0.7504,0.9474,1.2726,1.1221,0.6613,0,0.9276
"12548",0.8662,0.8662,1,0.8187,1.0898,0.7504,0.9474,1.2726,1.1221,0.6613,0,0.9276
"12549",0.8662,0.8662,1,0.8187,1.0898,0.7504,0.9474,1.2726,1.1221,0.6613,0,0.9276
"12550",0.8662,0.8662,1,0.8187,1.0898,0.7504,0.9474,1.2726,1.1221,0.6613,0,0.9276
"12553",0.8662,0.8662,1,0.8187,1.0898,0.7504,0.9474,1.2726,1.1221,0.6613,0,0.9276
"12561",0.8662,0.8662,1,0.8187,1.0898,0.7504,0.9474,1.2726,0.5762,0.6613,0,0.9276
"12563",1.1696,1.1696,1,0.9128,0.79,0.9019,0.8742,0.9771,0.6395,1.3928,0,0.688
"12564",0.8662,0.8662,1,0.8187,1.0898,0.8722,0.891,1.8786,0.5762,0.6613,0,0.9276
"12565",0.8662,0.8662,1,0.8187,1.0898,0.8722,0.891,1.8786,0.5762,0.4693,0,1.5463
"12566",0.8662,0.8662,1,0.8187,1.0898,0.7504,0.9474,1.2726,1.1221,0.6613,0,0.9276
"12567",0.8662,0.8662,1,0.8187,1.0898,0.8722,0.891,1.8786,0.5762,0.4693,0,0.9276
"12568",0.8662,0.8662,1,0.8187,1.0898,0.7504,0.9474,1.2726,1.1221,0.6613,0,0.9276
"12569",0.8662,0.8662,1,0.8187,1.0898,0.8722,0.891,1.8786,0.5762,0.6613,0,0.9276
"12570",0.8662,0.8662,1,0.8187,1.0898,0.8722,0.891,1.8786,0.5762,0.6613,0,0.9276
"12571",0.8662,0.8662,1,0.8187,1.0898,0.8722,0.891,1.8786,0.5762,0.4693,0,0.9276
"12572",0.8662,0.8662,1,0.8187,1.0898,0.8722,0.891,1.8786,0.5762,0.4693,0,0.9276
"12574",0.8662,0.8662,1,0.8187,1.0898,0.8722,0.891,1.8786,0.5762,0.4693,0,0.9276
"12575",0.8662,0.8662,1,0.8187,1.0898,0.7504,0.9474,1.2726,1.1221,0.6613,0,0.9276
"12577",0.8662,0.8662,1,0.8187,1.0898,0.7504,0.9474,1.2726,1.1221,0.6613,0,0.9276
"12578",0.8662,0.8662,1,0.8187,1.0898,0.8722,0.891,1.8786,0.5762,0.6613,0,0.9276
"12580",0.8662,0.8662,1,0.8187,1.0898,0.8722,0.891,1.8786,0.5762,0.6613,0,0.9276
"12581",0.8662,0.8662,1,0.8187,1.0898,0.8722,0.891,1.8786,0.5762,0.4693,0,0.9276
"12582",0.8662,0.8662,1,0.8187,1.0898,0.8722,0.891,1.8786,0.5762,0.6613,0,0.9276
"12583",0.8662,0.8662,1,0.8187,1.0898,0.8722,0.891,1.8786,0.5762,0.4693,0,0.9276
"12585",0.8662,0.8662,1,0.8187,1.0898,0.8722,0.891,1.8786,0.5762,0.6613,0,0.9276
"12586",0.8662,0.8662,1,0.8187,1.0898,0.7504,0.9474,1.2726,1.1221,0.6613,0,0.9276
"12589",0.8662,0.8662,1,0.8187,1.0898,0.7504,0.9474,1.2726,1.1221,0.6613,0,0.9276
"12590",0.8662,0.8662,1,0.8187,1.0898,0.8722,0.891,1.8786,0.5762,0.6613,0,0.9276
"12592",0.8662,0.8662,1,0.8187,1.0898,0.8722,0.891,1.8786,0.5762,0.4693,0,0.9276
"12594",0.8662,0.8662,1,0.8187,1.0898,0.8722,0.891,1.8786,0.5762,0.6613,0,0.9276
"12601",0.8662,0.8662,1,0.8187,1.0898,0.8722,0.891,1.8786,0.5762,0.6613,0,0.9276
"12603",0.8662,0.8662,1,0.8187,1.0898,0.8722,0.891,1.8786,0.5762,0.6613,0,0.9276
"12701",0.8662,0.8662,1,0.8187,1.0898,0.7504,0.9474,1.2726,1.1221,0.4693,0,0.9276
"12719",0.8662,0.8662,1,0.8187,1.0898,0.7504,0.9474,1.2726,1.1221,0.4693,0,0.9276
"12720",0.8662,0.8662,1,0.8187,1.0898,0.7504,0.9474,1.2726,1.1221,0.4693,0,0.9276
"12721",0.8662,0.8662,1,0.8187,1.0898,0.7504,0.9474,1.2726,1.1221,0.6613,0,0.9276
"12722",0.8662,0.8662,1,0.8187,1.0898,0.7504,0.9474,1.2726,1.1221,0.6613,0,0.9276
"12723",0.8662,0.8662,1,0.8187,1.0898,0.7504,0.9474,1.2726,0.5762,0.4693,0,0.9276
"12724",0.8662,0.8662,1,0.8187,1.0898,0.7504,0.9474,1.2726,0.5762,0.4693,0,0.9276
"12725",0.8662,0.8662,1,0.8187,1.0898,0.7504,0.9474,1.2726,0.5762,0.4693,0,0.9276
"12726",0.8662,0.8662,1,0.8187,1.0898,0.7504,0.9474,1.2726,1.1221,0.4693,0,0.9276
"12729",0.8662,0.8662,1,0.8187,1.0898,0.7504,0.9474,1.2726,1.1221,0.6613,0,0.9276
"12732",0.8662,0.8662,1,0.8187,1.0898,0.7504,0.9474,1.2726,1.1221,0.4693,0,0.9276
"12733",0.8662,0.8662,1,0.8187,1.0898,0.7504,0.9474,1.2726,1.1221,0.4693,0,0.9276
"12734",0.8662,0.8662,1,0.8187,1.0898,0.7504,0.9474,1.2726,1.1221,0.4693,0,0.9276
"12736",0.8662,0.8662,1,0.8187,1.0898,0.7504,0.9474,1.2726,0.5762,0.4693,0,0.8177
"12737",0.8662,0.8662,1,0.8187,1.0898,0.7504,0.9474,1.2726,1.1221,0.4693,0,0.9276
"12738",0.8662,0.8662,1,0.8187,1.0898,0.7504,0.9474,1.2726,1.1221,0.4693,0,0.9276
"12740",0.8662,0.8662,1,0.8187,1.0898,0.7504,0.9474,1.2726,1.1221,0.6613,0,0.9276
"12741",0.8662,0.8662,1,0.8187,1.0898,0.7504,0.9474,1.2726,0.5762,0.4693,0,0.8177
"12742",0.8662,0.8662,1,0.8187,1.0898,0.7504,0.9474,1.2726,1.1221,0.4693,0,0.9276
"12743",0.8662,0.8662,1,0.8187,1.0898,0.7504,0.9474,1.2726,1.1221,0.4693,0,0.9276
"12745",0.8662,0.8662,1,0.8187,1.0898,0.7504,0.9474,1.2726,0.5762,0.4693,0,0.9276
"12746",0.8662,0.8662,1,0.8187,1.0898,0.7504,0.9474,1.2726,1.1221,0.6613,0,0.9276
"12747",0.8662,0.8662,1,0.8187,1.0898,0.7504,0.9474,1.2726,1.1221,0.4693,0,0.9276
"12748",0.8662,0.8662,1,0.8187,1.0898,0.7504,0.9474,1.2726,0.5762,0.4693,0,0.9276
"12749",0.8662,0.8662,1,0.8187,1.0898,0.7504,0.9474,1.2726,1.1221,0.4693,0,0.9276
"12750",0.8662,0.8662,1,0.8187,1.0898,0.7504,0.9474,1.2726,0.5762,0.4693,0,0.9276
"12751",0.8662,0.8662,1,0.8187,1.0898,0.7504,0.9474,1.2726,1.1221,0.4693,0,0.9276
"12752",0.8662,0.8662,1,0.8187,1.0898,0.7504,0.9474,1.2726,1.1221,0.4693,0,0.9276
"12754",0.8662,0.8662,1,0.8187,1.0898,0.7504,0.9474,1.2726,1.1221,0.6613,0,0.9276
"12758",0.8662,0.8662,1,0.8187,1.0898,0.7504,0.9474,1.2726,0.5762,0.4693,0,0.9276
"12759",0.8662,0.8662,1,0.8187,1.0898,0.7504,0.9474,1.2726,1.1221,0.6613,0,0.9276
"12760",0.8662,0.8662,1,0.8187,1.0898,0.7504,0.9474,1.2726,0.5762,0.4693,0,0.8177
"12762",0.8662,0.8662,1,0.8187,1.0898,0.7504,0.9474,1.2726,1.1221,0.4693,0,0.9276
"12763",0.8662,0.8662,1,0.8187,1.0898,0.7504,0.9474,1.2726,1.1221,0.4693,0,0.9276
"12764",0.8662,0.8662,1,0.8187,1.0898,0.7504,0.9474,1.2726,1.1221,0.4693,0,0.9276
"12765",0.8662,0.8662,1,0.8187,1.0898,0.7504,0.9474,1.2726,1.1221,0.6613,0,0.9276
"12766",0.8662,0.8662,1,0.8187,1.0898,0.7504,0.9474,1.2726,0.5762,0.4693,0,0.9276
"12767",0.8662,0.8662,1,0.8187,1.0898,0.7504,0.9474,1.2726,0.5762,0.4693,0,0.9276
"12768",0.8662,0.8662,1,0.8187,1.0898,0.7504,0.9474,1.2726,1.1221,0.6613,0,0.9276
"12769",0.8662,0.8662,1,0.8187,1.0898,0.7504,0.9474,1.2726,1.1221,0.6613,0,0.9276
"12770",0.8662,0.8662,1,0.8187,1.0898,0.7504,0.9474,1.2726,1.1221,0.4693,0,0.9276
"12771",0.8662,0.8662,1,0.8187,1.0898,0.7504,0.9474,1.2726,1.1221,0.6613,0,0.9276
"12775",0.8662,0.8662,1,0.8187,1.0898,0.7504,0.9474,1.2726,1.1221,0.4693,0,0.9276
"12776",0.8662,0.8662,1,0.8187,1.0898,0.7504,0.9474,1.2726,0.5762,0.4693,0,0.9276
"12777",0.8662,0.8662,1,0.8187,1.0898,0.7504,0.9474,1.2726,1.1221,0.4693,0,0.9276
"12778",0.8662,0.8662,1,0.8187,1.0898,0.7504,0.9474,1.2726,1.1221,0.4693,0,0.9276
"12779",0.8662,0.8662,1,0.8187,1.0898,0.7504,0.9474,1.2726,1.1221,0.4693,0,0.9276
"12780",0.8662,0.8662,1,0.8187,1.0898,0.7504,0.9474,1.2726,1.1221,0.6613,0,0.9276
"12781",0.8662,0.8662,1,0.8187,1.0898,0.7504,0.9474,1.2726,1.1221,0.6613,0,0.9276
"12783",0.8662,0.8662,1,0.8187,1.0898,0.7504,0.9474,1.2726,1.1221,0.4693,0,0.9276
"12784",0.8662,0.8662,1,0.8187,1.0898,0.7504,0.9474,1.2726,1.1221,0.4693,0,0.9276
"12785",0.8662,0.8662,1,0.8187,1.0898,0.7504,0.9474,1.2726,1.1221,0.6613,0,0.9276
"12786",0.8662,0.8662,1,0.8187,1.0898,0.7504,0.9474,1.2726,1.1221,0.4693,0,0.9276
"12787",0.8662,0.8662,1,0.8187,1.0898,0.7504,0.9474,1.2726,0.5762,0.4693,0,0.9276
"12788",0.8662,0.8662,1,0.8187,1.0898,0.7504,0.9474,1.2726,1.1221,0.4693,0,0.9276
"12789",0.8662,0.8662,1,0.8187,1.0898,0.7504,0.9474,1.2726,1.1221,0.4693,0,0.9276
"12790",0.8662,0.8662,1,0.8187,1.0898,0.7504,0.9474,1.2726,1.1221,0.6613,0,0.9276
"12791",0.8662,0.8662,1,0.8187,1.0898,0.7504,0.9474,1.2726,0.5762,0.4693,0,0.9276
"12792",0.8662,0.8662,1,0.8187,1.0898,0.7504,0.9474,1.2726,1.1221,0.4693,0,0.9276
"12801",0.7593,0.7593,1,1.2898,1.0898,1.0252,2.0503,1.0595,0.5762,0.4693,0,1.5463
"12803",0.7593,0.7593,1,0.8187,1,1.0252,2.0503,1.0595,0.5762,0.4693,0,1.5463
"12804",0.7593,0.7593,1,1.2898,1.0898,1.0252,2.0503,1.0595,0.5762,0.4693,0,1.5463
"12808",0.8662,0.8662,1,1.2898,1,1.0252,2.0503,1.0595,0.5762,0.4693,0,1.5463
"12809",0.7593,0.7593,1,0.8187,1,1.0252,2.0503,1.0595,0.5762,0.4693,0,1.5463
"12810",0.8662,0.8662,1,1.2898,1,0.7504,0.9474,1.2726,0.5762,0.4693,0,1.5463
"12811",0.8662,0.8662,1,1.2898,1,0.7504,0.9474,1.2726,0.5762,0.4693,0,1.5463
"12812",0.7593,0.7593,1,1.2898,1,1.0252,2.0503,1.0595,0.5762,0.4693,0,1.5463
"12814",0.8662,0.8662,1,1.2898,1,1.0252,2.0503,1.0595,0.5762,0.4693,0,1.5463
"12815",0.8662,0.8662,1,1.2898,1,1.0252,2.0503,1.0595,0.5762,0.4693,0,1.5463
"12816",0.7593,0.7593,1,0.8187,1,1.0252,2.0503,1.0595,0.5762,0.7474,0,1.5463
"12817",0.8662,0.8662,1,1.2898,1,1.0252,2.0503,1.0595,0.5762,0.4693,0,1.5463
"12819",0.7593,0.7593,1,1.2898,1,1.0252,2.0503,1.0595,0.5762,0.4693,0,1.5463
"12820",0.7593,0.7593,1,1.2898,1.0898,1.0252,2.0503,1.0595,0.5762,0.4693,0,1.5463
"12821",0.7593,0.7593,1,1.2898,1,1.0252,2.0503,1.0595,0.5762,0.4693,0,1.5463
"12822",0.8662,0.8662,1,0.8187,1.0898,1.0252,2.0503,1.0595,0.5762,0.4693,0,1.5463
"12823",0.7593,0.7593,1,0.8187,1,1.0252,2.0503,1.0595,0.5762,0.4693,0,1.5463
"12824",0.7593,0.7593,1,1.2898,1,1.0252,2.0503,1.0595,0.5762,0.4693,0,1.5463
"12827",0.7593,0.7593,1,1.2898,1,1.0252,2.0503,1.0595,0.5762,0.4693,0,1.5463
"12828",0.7593,0.7593,1,0.8187,1,1.0252,2.0503,1.0595,0.5762,0.4693,0,1.5463
"12831",0.7593,0.7593,1,0.8187,1.0898,1.0252,2.0503,1.0595,0.5762,0.4693,0,1.5463
"12832",0.7593,0.7593,1,1.2898,1,1.0252,2.0503,1.0595,0.5762,0.4693,0,1.5463
"12833",0.7593,0.7593,1,0.8187,1.0898,1.0252,2.0503,1.0595,0.5762,0.4693,0,1.5463
"12834",0.8662,0.8662,1,0.8187,1,1.0252,2.0503,1.0595,0.5762,0.4693,0,1.5463
"12835",0.8662,0.8662,1,0.8187,1.0898,1.0252,2.0503,1.0595,0.5762,0.4693,0,1.5463
"12836",0.7593,0.7593,1,1.2898,1,1.0252,2.0503,1.0595,0.5762,0.4693,0,1.5463
"12837",0.7593,0.7593,1,1.2898,1,1.0252,2.0503,1.0595,0.5762,0.4693,0,1.5463
"12838",0.7593,0.7593,1,1.2898,1,1.0252,2.0503,1.0595,0.5762,0.4693,0,1.5463
"12839",0.7593,0.7593,1,1.2898,1,1.0252,2.0503,1.0595,0.5762,0.4693,0,1.5463
"12841",0.7593,0.7593,1,1.2898,1,1.0252,2.0503,1.0595,0.5762,0.4693,0,1.5463
"12842",0.7593,0.7593,1,1.2898,1,0.7504,0.9474,1.2726,0.5762,0.4693,0,1.5463
"12843",0.8662,0.8662,1,1.2898,1,0.7504,0.9474,1.2726,0.5762,0.4693,0,1.5463
"12844",0.7593,0.7593,1,1.2898,1,1.0252,2.0503,1.0595,0.5762,0.4693,0,1.5463
"12845",0.7593,0.7593,1,1.2898,1,1.0252,2.0503,1.0595,0.5762,0.4693,0,1.5463
"12846",0.7593,0.7593,1,1.2898,1.0898,1.0252,2.0503,1.0595,0.5762,0.4693,0,1.5463
"12847",0.7593,0.7593,1,1.2898,1,1.5413,0.9474,1.2726,0.5762,0.4693,0,1.5463
"12849",0.7593,0.7593,1,1.2898,1,1.0252,2.0503,1.0595,0.5762,0.4693,0,1.5463
"12850",0.7593,0.7593,1,0.8187,1.0898,0.7504,0.9474,1.2726,0.5762,0.4693,0,1.5463
"12851",0.7593,0.7593,1,1.2898,1,1.0252,2.0503,1.0595,0.5762,0.4693,0,1.5463
"12852",0.7593,0.7593,1,1.2898,1,1.0252,2.0503,1.0595,0.5762,0.4693,0,1.5463
"12853",0.8662,0.8662,1,1.2898,1,1.0252,2.0503,1.0595,0.5762,0.4693,0,1.5463
"12854",0.7593,0.7593,1,1.2898,1,1.0252,2.0503,1.0595,0.5762,0.4693,0,1.5463
"12855",0.7593,0.7593,1,1.2898,1,1.0252,2.0503,1.0595,0.5762,0.4693,0,1.5463
"12856",0.8662,0.8662,1,1.2898,1,1.0252,2.0503,1.0595,0.5762,0.4693,0,1.5463
"12857",0.7593,0.7593,1,1.2898,1,1.0252,2.0503,1.0595,0.5762,0.4693,0,1.5463
"12858",0.7593,0.7593,1,1.2898,1,1.0252,2.0503,1.0595,0.5762,0.4693,0,1.5463
"12859",0.7593,0.7593,1,0.8187,1.0898,1.0252,2.0503,1.0595,0.5762,0.4693,0,1.5463
"12860",0.8662,0.8662,1,1.2898,1,1.0252,2.0503,1.0595,0.5762,0.4693,0,1.5463
"12861",0.7593,0.7593,1,1.2898,1,1.0252,2.0503,1.0595,0.5762,0.4693,0,1.5463
"12862",0.8662,0.8662,1,1.2898,1,1.0252,2.0503,1.0595,0.5762,0.4693,0,1.5463
"12863",0.7593,0.7593,1,0.8187,1.0898,0.7504,0.9474,1.2726,0.5762,0.7474,0,1.5463
"12865",0.7593,0.7593,1,0.8187,1,1.0252,2.0503,1.0595,0.5762,0.7474,0,1.5463
"12866",0.8662,0.8662,1,0.8187,1.0898,1.0252,2.0503,1.0595,0.5762,0.4693,0,1.5463
"12870",0.8662,0.8662,1,1.2898,1,1.0252,2.0503,1.0595,0.5762,0.4693,0,1.5463
"12871",0.7593,0.7593,1,0.8187,1.0898,1.0252,2.0503,1.0595,0.5762,0.4693,0,1.5463
"12872",0.8662,0.8662,1,1.2898,1,1.0252,2.0503,1.0595,0.5762,0.4693,0,1.5463
"12873",0.7593,0.7593,1,0.8187,1,1.0252,2.0503,1.0595,0.5762,0.7474,0,1.5463
"12874",0.7593,0.7593,1,1.2898,1,1.0252,2.0503,1.0595,0.5762,0.4693,0,1.5463
"12878",0.8662,0.8662,1,1.2898,1.0898,0.7504,0.9474,1.2726,0.5762,0.4693,0,1.5463
"12879",0.7593,0.7593,1,1.2898,1,1.0252,2.0503,1.0595,0.5762,0.4693,0,1.5463
"12883",0.7593,0.7593,1,1.2898,1,1.0252,2.0503,1.0595,0.5762,0.4693,0,1.5463
"12884",0.7593,0.7593,1,0.8187,1.0898,1.0252,2.0503,1.0595,0.5762,0.4693,0,1.5463
"12885",0.8662,0.8662,1,1.2898,1,1.0252,2.0503,1.0595,0.5762,0.4693,0,1.5463
"12886",0.8662,0.8662,1,1.2898,1,1.0252,2.0503,1.0595,0.5762,0.4693,0,1.5463
"12887",0.7593,0.7593,1,1.2898,1,1.0252,2.0503,1.0595,0.5762,0.4693,0,1.5463
"12901",0.7593,0.7593,1,1.2898,1,1.5413,0.9474,1.2726,0.5762,0.4693,0,1.4362
"12903",0.7593,0.7593,1,1.2898,1,1.5413,0.9474,1.2726,0.5762,0.4693,0,1.4362
"12910",0.7593,0.7593,1,1.013,1,1.5413,0.9474,1.2726,0.5762,0.4693,0,1.4362
"12911",0.7593,0.7593,1,1.2898,1,1.5413,0.9474,1.2726,0.5762,0.4693,0,1.4362
"12912",0.7593,0.7593,1,1.2898,1,1.5413,0.9474,1.2726,0.5762,0.4693,0,1.4362
"12913",0.7593,0.7593,1,1.2898,1,1.0252,2.0503,1.0595,0.5762,0.4693,0,1.4362
"12914",0.7593,0.7593,1,1.013,1,1.5413,0.9474,1.2726,0.5762,0.4693,0,1.4362
"12916",0.7593,0.7593,1,1.013,1,1.5413,0.9474,1.2726,0.5762,0.4693,0,1.4362
"12917",0.7593,0.7593,1,1.013,1,1.5413,0.9474,1.2726,0.5762,0.4693,0,1.4362
"12918",0.7593,0.7593,1,1.013,1,1.5413,0.9474,1.2726,0.5762,0.4693,0,1.4362
"12919",0.7593,0.7593,1,1.013,1,1.5413,0.9474,1.2726,0.5762,0.4693,0,1.4362
"12920",0.7593,0.7593,1,1.013,1,1.5413,0.9474,1.2726,0.5762,0.4693,0,1.4362
"12921",0.7593,0.7593,1,1.013,1,1.5413,0.9474,1.2726,0.5762,0.4693,0,1.4362
"12922",0.7593,0.7593,1,1.013,1,1.5413,0.9474,1.2726,0.5762,0.4693,0,1.5463
"12923",0.7593,0.7593,1,1.013,1,1.5413,0.9474,1.2726,0.5762,0.4693,0,1.4362
"12924",0.7593,0.7593,1,1.2898,1,1.5413,0.9474,1.2726,0.5762,0.4693,0,1.4362
"12926",0.7593,0.7593,1,1.013,1,1.5413,0.9474,1.2726,0.5762,0.4693,0,1.4362
"12927",0.7593,0.7593,1,1.2898,1,1.5413,0.9474,1.2726,0.5762,0.4693,0,1.5463
"12928",0.7593,0.7593,1,1.2898,1,1.0252,2.0503,1.0595,0.5762,0.4693,0,1.5463
"12929",0.7593,0.7593,1,1.013,1,1.5413,0.9474,1.2726,0.5762,0.4693,0,1.4362
"12930",0.7593,0.7593,1,1.013,1,1.5413,0.9474,1.2726,0.5762,0.4693,0,1.4362
"12932",0.7593,0.7593,1,1.2898,1,1.0252,2.0503,1.0595,0.5762,0.4693,0,1.4362
"12934",0.7593,0.7593,1,1.013,1,1.5413,0.9474,1.2726,0.5762,0.4693,0,1.4362
"12935",0.7593,0.7593,1,1.013,1,1.5413,0.9474,1.2726,0.5762,0.4693,0,1.4362
"12936",0.7593,0.7593,1,1.2898,1,1.0252,2.0503,1.0595,0.5762,0.4693,0,1.4362
"12937",0.7593,0.7593,1,1.013,1,1.5413,0.9474,1.2726,0.5762,0.4693,0,1.4362
"12939",0.7593,0.7593,1,1.2898,1,1.0252,2.0503,1.0595,0.5762,0.4693,0,1.4362
"12941",0.7593,0.7593,1,1.2898,1,1.0252,2.0503,1.0595,0.5762,0.4693,0,1.4362
"12942",0.7593,0.7593,1,1.2898,1,1.0252,2.0503,1.0595,0.5762,0.4693,0,1.4362
"12943",0.7593,0.7593,1,1.2898,1,1.0252,2.0503,1.0595,0.5762,0.4693,0,1.4362
"12944",0.7593,0.7593,1,1.2898,1,1.5413,0.9474,1.2726,0.5762,0.4693,0,1.4362
"12945",0.7593,0.7593,1,1.2898,1,1.0252,2.0503,1.0595,0.5762,0.4693,0,1.4362
"12946",0.7593,0.7593,1,1.2898,1,1.0252,2.0503,1.0595,0.5762,0.4693,0,1.4362
"12949",0.7593,0.7593,1,1.013,1,1.5413,0.9474,1.2726,0.5762,0.4693,0,1.4362
"12950",0.7593,0.7593,1,1.2898,1,1.5413,0.9474,1.2726,0.5762,0.4693,0,1.4362
"12952",0.7593,0.7593,1,1.013,1,1.5413,0.9474,1.2726,0.5762,0.4693,0,1.4362
"12953",0.7593,0.7593,1,1.013,1,1.5413,0.9474,1.2726,0.5762,0.4693,0,1.4362
"12955",0.7593,0.7593,1,1.013,1,1.5413,0.9474,1.2726,0.5762,0.4693,0,1.4362
"12956",0.7593,0.7593,1,1.2898,1,1.0252,2.0503,1.0595,0.5762,0.4693,0,1.5463
"12957",0.7593,0.7593,1,1.013,1,1.5413,0.9474,1.2726,0.5762,0.4693,0,1.4362
"12958",0.7593,0.7593,1,1.013,1,1.5413,0.9474,1.2726,0.5762,0.4693,0,1.4362
"12959",0.7593,0.7593,1,1.013,1,1.5413,0.9474,1.2726,0.5762,0.4693,0,1.4362
"12960",0.7593,0.7593,1,1.2898,1,1.0252,2.0503,1.0595,0.5762,0.4693,0,1.5463
"12961",0.7593,0.7593,1,1.2898,1,1.0252,2.0503,1.0595,0.5762,0.4693,0,1.5463
"12962",0.7593,0.7593,1,1.013,1,1.5413,0.9474,1.2726,0.5762,0.4693,0,1.4362
"12964",0.7593,0.7593,1,1.2898,1,1.0252,2.0503,1.0595,0.5762,0.4693,0,1.5463
"12965",0.7593,0.7593,1,1.013,1,1.5413,0.9474,1.2726,0.5762,0.4693,0,1.4362
"12966",0.7593,0.7593,1,1.013,1,1.5413,0.9474,1.2726,0.5762,0.4693,0,1.4362
"12967",0.7593,0.7593,1,1.013,1,1.5413,0.9474,1.2726,0.5762,0.4693,0,1.4362
"12969",0.7593,0.7593,1,1.013,1,1.5413,0.9474,1.2726,0.5762,0.4693,0,1.4362
"12970",0.7593,0.7593,1,1.2898,1,1.5413,0.9474,1.2726,0.5762,0.4693,0,1.4362
"12972",0.7593,0.7593,1,1.2898,1,1.5413,0.9474,1.2726,0.5762,0.4693,0,1.4362
"12973",0.7593,0.7593,1,1.2898,1,1.5413,0.9474,1.2726,0.5762,0.4693,0,1.5463
"12974",0.7593,0.7593,1,1.2898,1,1.0252,2.0503,1.0595,0.5762,0.4693,0,1.5463
"12975",0.7593,0.7593,1,1.2898,1,1.5413,0.9474,1.2726,0.5762,0.4693,0,1.4362
"12976",0.7593,0.7593,1,1.2898,1,1.5413,0.9474,1.2726,0.5762,0.4693,0,1.4362
"12977",0.7593,0.7593,1,1.2898,1,1.0252,2.0503,1.0595,0.5762,0.4693,0,1.4362
"12978",0.7593,0.7593,1,1.013,1,1.5413,0.9474,1.2726,0.5762,0.4693,0,1.4362
"12979",0.7593,0.7593,1,1.013,1,1.5413,0.9474,1.2726,0.5762,0.4693,0,1.4362
"12980",0.7593,0.7593,1,1.013,1,1.5413,0.9474,1.2726,0.5762,0.4693,0,1.4362
"12981",0.7593,0.7593,1,1.013,1,1.5413,0.9474,1.2726,0.5762,0.4693,0,1.4362
"12983",0.7593,0.7593,1,1.2898,1,1.0252,2.0503,1.0595,0.5762,0.4693,0,1.4362
"12985",0.7593,0.7593,1,1.2898,1,1.5413,0.9474,1.2726,0.5762,0.4693,0,1.4362
"12986",0.7593,0.7593,1,1.2898,1,1.5413,0.9474,1.2726,0.5762,0.4693,0,1.5463
"12987",0.7593,0.7593,1,1.2898,1,1.0252,2.0503,1.0595,0.5762,0.4693,0,1.4362
"12989",0.7593,0.7593,1,1.2898,1,1.5413,0.9474,1.2726,0.5762,0.4693,0,1.4362
"12992",0.7593,0.7593,1,1.013,1,1.5413,0.9474,1.2726,0.5762,0.4693,0,1.4362
"12993",0.7593,0.7593,1,1.2898,1,1.0252,2.0503,1.0595,0.5762,0.4693,0,1.4362
"12995",0.7593,0.7593,1,1.013,1,1.5413,0.9474,1.2726,0.5762,0.4693,0,1.4362
"12996",0.7593,0.7593,1,1.2898,1,1.5413,0.9474,1.2726,0.5762,0.4693,0,1.4362
"12997",0.7593,0.7593,1,1.2898,1,1.0252,2.0503,1.0595,0.5762,0.4693,0,1.4362
"12998",0.7593,0.7593,1,1.2898,1,1.0252,2.0503,1.0595,0.5762,0.4693,0,1.5463
"13020",0.7593,0.7593,1,0.8187,1,0.7504,0.9474,1.2726,0.5762,0.4693,0,1.4362
"13021",0.7593,0.7593,1,0.8187,1,0.7504,0.9474,1.2726,0.5762,0.4693,0,0.9276
"13026",0.7593,0.7593,1,1.4473,1.0898,0.7504,0.9474,1.2726,0.5762,0.4693,0,0.8177
"13027",0.7593,0.7593,1,0.8187,1,0.7504,0.9474,1.2726,0.5762,0.4693,0,1.4362
"13028",0.7593,0.7593,1,0.8187,1,1.5413,0.9474,1.2726,0.5762,0.4693,0,1.5463
"13029",0.7593,0.7593,1,0.8187,1,1.5413,0.9474,1.2726,0.5762,0.4693,0,1.4362
"13030",0.7593,0.7593,1,0.8187,1,0.7504,0.9474,1.2726,0.5762,0.4693,0,0.9276
"13031",0.7593,0.7593,1,0.8187,1,0.7504,0.9474,1.2726,0.5762,0.4693,0,1.4362
"13032",0.7593,0.7593,1,0.8187,1,0.7504,0.9474,1.2726,0.5762,0.4693,0,0.9276
"13033",0.7593,0.7593,1,0.8187,1,0.7504,0.9474,1.2726,0.5762,0.4693,0,1.4362
"13034",0.7593,0.7593,1,0.8187,0.8662,0.7504,0.9474,1.2726,0.5762,0.4693,0,0.8177
"13035",0.7593,0.7593,1,0.8187,1,0.7504,0.9474,1.2726,0.5762,0.4693,0,0.9276
"13036",0.7593,0.7593,1,0.8187,1,1.5413,0.9474,1.2726,0.5762,0.4693,0,1.4362
"13037",0.7593,0.7593,1,0.8187,1,0.7504,0.9474,1.2726,0.5762,0.4693,0,0.9276
"13039",0.7593,0.7593,1,0.8187,1,0.7504,0.9474,1.2726,0.5762,0.4693,0,1.4362
"13040",0.7593,0.7593,1,1.4473,1.0898,0.7504,0.9474,1.2726,0.5762,0.4693,0,0.8177
"13041",0.7593,0.7593,1,0.8187,1,1.5413,0.9474,1.2726,0.5762,0.4693,0,1.4362
"13042",0.7593,0.7593,1,0.8187,1,1.5413,0.9474,1.2726,0.5762,0.4693,0,1.5463
"13044",0.7593,0.7593,1,0.8187,1,1.5413,0.9474,1.2726,0.5762,0.4693,0,1.5463
"13045",0.7593,0.7593,1,1.4473,1.0898,0.7504,0.9474,1.2726,0.5762,0.4693,0,0.9276
"13052",0.7593,0.7593,1,0.8187,1,0.7504,0.9474,1.2726,0.5762,0.4693,0,0.9276
"13053",0.7593,0.7593,1,1.4473,1.0898,0.7504,0.9474,1.2726,0.5762,0.4693,0,0.8177
"13054",0.7593,0.7593,1,0.8187,1,1.5413,0.9474,1.2726,0.5762,0.4693,0,1.5463
"13057",0.7593,0.7593,1,0.8187,1,0.7504,0.9474,1.2726,0.5762,0.4693,0,0.9276
"13060",0.7593,0.7593,1,0.8187,1,0.7504,0.9474,1.2726,0.5762,0.4693,0,1.4362
"13061",0.7593,0.7593,1,0.8187,1,0.7504,0.9474,1.2726,0.5762,0.4693,0,0.8177
"13062",0.8662,0.8662,1,1.4473,1.0898,0.7504,0.9474,1.2726,0.5762,0.4693,0,0.9276
"13063",0.7593,0.7593,1,0.8187,1,0.7504,0.9474,1.2726,0.5762,0.4693,0,0.9276
"13064",0.7593,0.7593,1,0.8187,1,0.7504,0.9474,1.2726,0.5762,0.4693,0,1.4362
"13065",0.7593,0.7593,1,0.8187,0.8662,0.7504,0.9474,1.2726,0.5762,0.4693,0,0.8177
"13066",0.7593,0.7593,1,0.8187,1,0.7504,0.9474,1.2726,0.5762,0.4693,0,0.9276
"13068",0.8662,0.8662,1,1.4473,1.0898,0.7504,0.9474,1.2726,0.5762,0.4693,0,0.9276
"13069",0.7593,0.7593,1,0.8187,1,0.7504,0.9474,1.2726,0.5762,0.4693,0,1.4362
"13071",0.7593,0.7593,1,1.4473,1.0898,0.7504,0.9474,1.2726,0.5762,0.4693,0,0.9276
"13072",0.7593,0.7593,1,0.8187,1,0.7504,0.9474,1.2726,0.5762,0.4693,0,0.9276
"13073",0.7593,0.7593,1,1.4473,1.0898,0.7504,0.9474,1.2726,0.5762,0.4693,0,0.9276
"13074",0.7593,0.7593,1,0.8187,1,0.7504,0.9474,1.2726,0.5762,0.4693,0,1.4362
"13076",0.7593,0.7593,1,0.8187,1,1.5413,0.9474,1.2726,0.5762,0.4693,0,1.4362
"13077",0.7593,0.7593,1,0.8187,1,0.7504,0.9474,1.2726,0.5762,0.4693,0,1.4362
"13078",0.7593,0.7593,1,0.8187,1,0.7504,0.9474,1.2726,0.5762,0.4693,0,1.4362
"13080",0.7593,0.7593,1,0.8187,1,0.7504,0.9474,1.2726,0.5762,0.4693,0,0.8177
"13081",0.7593,0.7593,1,1.4473,1.0898,0.7504,0.9474,1.2726,0.5762,0.4693,0,0.9276
"13082",0.7593,0.7593,1,0.8187,1,0.7504,0.9474,1.2726,0.5762,0.4693,0,0.9276
"13083",0.7593,0.7593,1,0.8187,1,1.5413,0.9474,1.2726,0.5762,0.4693,0,1.5463
"13084",0.7593,0.7593,1,0.8187,1,0.7504,0.9474,1.2726,0.5762,0.4693,0,1.4362
"13087",0.7593,0.7593,1,0.8187,1,0.7504,0.9474,1.2726,0.5762,0.4693,0,1.4362
"13088",0.7593,0.7593,1,0.8187,1,0.7504,0.9474,1.2726,0.5762,0.4693,0,1.4362
"13090",0.7593,0.7593,1,0.8187,1,0.7504,0.9474,1.2726,0.5762,0.4693,0,1.4362
"13092",0.7593,0.7593,1,1.4473,1.0898,0.7504,0.9474,1.2726,0.5762,0.4693,0,0.9276
"13101",0.7593,0.7593,1,1.4473,1.0898,0.7504,0.9474,1.2726,0.5762,0.4693,0,0.8177
"13102",0.8662,0.8662,1,1.4473,1.0898,0.7504,0.9474,1.2726,0.5762,0.4693,0,0.9276
"13103",0.7593,0.7593,1,0.8187,1,1.5413,0.9474,1.2726,0.5762,0.4693,0,1.4362
"13104",0.7593,0.7593,1,0.8187,1,0.7504,0.9474,1.2726,0.5762,0.4693,0,0.9276
"13108",0.7593,0.7593,1,0.8187,1,0.7504,0.9474,1.2726,0.5762,0.4693,0,1.4362
"13110",0.7593,0.7593,1,0.8187,1,0.7504,0.9474,1.2726,0.5762,0.4693,0,1.4362
"13111",0.7593,0.7593,1,0.8187,1,0.7504,0.9474,1.2726,0.5762,0.4693,0,1.4362
"13112",0.7593,0.7593,1,0.8187,1,0.7504,0.9474,1.2726,0.5762,0.4693,0,1.4362
"13113",0.7593,0.7593,1,0.8187,1,0.7504,0.9474,1.2726,0.5762,0.4693,0,1.4362
"13114",0.7593,0.7593,1,0.8187,1,1.5413,0.9474,1.2726,0.5762,0.4693,0,1.4362
"13115",0.7593,0.7593,1,0.8187,1,0.7504,0.9474,1.2726,0.5762,0.4693,0,1.4362
"13116",0.7593,0.7593,1,0.8187,1,0.7504,0.9474,1.2726,0.5762,0.4693,0,0.9276
"13117",0.7593,0.7593,1,0.8187,1,0.7504,0.9474,1.2726,0.5762,0.4693,0,0.8177
"13118",0.7593,0.7593,1,0.8187,1.0898,0.7504,0.9474,1.2726,0.5762,0.4693,0,0.9276
"13120",0.7593,0.7593,1,0.8187,1,0.7504,0.9474,1.2726,0.5762,0.4693,0,1.4362
"13121",0.7593,0.7593,1,0.8187,1,1.5413,0.9474,1.2726,0.5762,0.4693,0,1.4362
"13122",0.7593,0.7593,1,0.8187,1,0.7504,0.9474,1.2726,0.5762,0.4693,0,0.9276
"13123",0.7593,0.7593,1,0.8187,1,1.5413,0.9474,1.2726,0.5762,0.4693,0,1.5463
"13124",0.7593,0.7593,1,0.8187,1.0898,0.7504,0.9474,1.2726,0.5762,0.4693,0,0.9276
"13126",0.7593,0.7593,1,0.8187,1,0.7504,0.9474,1.2726,0.5762,0.4693,0,1.4362
"13131",0.7593,0.7593,1,0.8187,1,1.5413,0.9474,1.2726,0.5762,0.4693,0,1.4362
"13132",0.7593,0.7593,1,0.8187,1,1.5413,0.9474,1.2726,0.5762,0.4693,0,1.4362
"13134",0.7593,0.7593,1,0.8187,1,0.7504,0.9474,1.2726,0.5762,0.4693,0,0.9276
"13135",0.7593,0.7593,1,0.8187,1,1.5413,0.9474,1.2726,0.5762,0.4693,0,1.4362
"13136",0.7593,0.7593,1,0.8187,1.0898,0.7504,0.9474,1.2726,0.5762,0.4693,0,0.8177
"13137",0.7593,0.7593,1,0.8187,1,0.7504,0.9474,1.2726,0.5762,0.4693,0,1.4362
"13138",0.7593,0.7593,1,0.8187,1,0.7504,0.9474,1.2726,0.5762,0.4693,0,1.4362
"13140",0.7593,0.7593,1,0.8187,1,0.7504,0.9474,1.2726,0.5762,0.4693,0,0.8177
"13141",0.7593,0.7593,1,0.8187,1,0.7504,0.9474,1.2726,0.5762,0.4693,0,1.4362
"13142",0.7593,0.7593,1,0.8187,1,1.5413,0.9474,1.2726,0.5762,0.4693,0,1.4362
"13143",0.7593,0.7593,1,0.8187,1,0.7504,0.9474,1.2726,0.5762,0.4693,0,1.4362
"13144",0.7593,0.7593,1,0.8187,1,1.5413,0.9474,1.2726,0.5762,0.4693,0,1.5463
"13145",0.7593,0.7593,1,0.8187,1,1.5413,0.9474,1.2726,0.5762,0.4693,0,1.4362
"13146",0.7593,0.7593,1,0.8187,0.8662,0.7504,0.9474,1.2726,0.5762,0.4693,0,0.8177
"13147",0.7593,0.7593,1,0.8187,1.0898,0.7504,0.9474,1.2726,0.5762,0.4693,0,0.8177
"13148",0.7593,0.7593,1,0.8187,0.8662,0.7504,0.9474,1.2726,0.5762,0.4693,0,0.8177
"13152",0.7593,0.7593,1,0.8187,1,0.7504,0.9474,1.2726,0.5762,0.4693,0,1.4362
"13153",0.7593,0.7593,1,0.8187,1,0.7504,0.9474,1.2726,0.5762,0.4693,0,1.4362
"13155",0.7593,0.7593,1,0.8187,1.0898,0.7504,0.9474,1.2726,0.5762,0.4693,0,0.9276
"13156",0.7593,0.7593,1,0.8187,1,0.7504,0.9474,1.2726,0.5762,0.4693,0,1.4362
"13157",0.7593,0.7593,1,0.8187,1,1.5413,0.9474,1.2726,0.5762,0.4693,0,1.5463
"13158",0.7593,0.7593,1,0.8187,1,0.7504,0.9474,1.2726,0.5762,0.4693,0,0.9276
"13159",0.7593,0.7593,1,0.8187,1,0.7504,0.9474,1.2726,0.5762,0.4693,0,1.4362
"13160",0.7593,0.7593,1,0.8187,1.0898,0.7504,0.9474,1.2726,0.5762,0.4693,0,0.8177
"13162",0.7593,0.7593,1,0.8187,1,1.5413,0.9474,1.2726,0.5762,0.4693,0,1.5463
"13163",0.7593,0.7593,1,0.8187,1,0.7504,0.9474,1.2726,0.5762,0.4693,0,0.9276
"13164",0.7593,0.7593,1,0.8187,1,0.7504,0.9474,1.2726,0.5762,0.4693,0,1.4362
"13165",0.7593,0.7593,1,1.4473,0.8662,0.7504,0.9474,1.2726,0.5762,0.4693,0,0.8177
"13166",0.7593,0.7593,1,0.8187,1,0.7504,0.9474,1.2726,0.5762,0.4693,0,0.8177
"13167",0.7593,0.7593,1,0.8187,1,1.5413,0.9474,1.2726,0.5762,0.4693,0,1.5463
"13202",0.7593,0.7593,1,0.8187,1,0.7504,0.9474,1.2726,0.5762,0.4693,0,0.9276
"13203",1.3665,1.3665,1,0.8187,1,0.7504,0.9474,1.2726,0.5762,0.9514,0,0.9276
"13204",1.3665,1.3665,1,0.8187,1,0.7504,0.9474,1.2726,0.5762,0.9514,0,1.4362
"13205",0.7593,0.7593,1,0.8187,1,0.7504,0.9474,1.2726,0.5762,0.4693,0,1.4362
"13206",1.3665,1.3665,1,0.8187,1,0.7504,0.9474,1.2726,0.5762,0.9514,0,0.9276
"13207",1.3665,1.3665,1,0.8187,1,0.7504,0.9474,1.2726,0.5762,0.9514,0,1.4362
"13208",1.3665,1.3665,1,0.8187,1,0.7504,0.9474,1.2726,0.5762,0.9514,0,1.4362
"13209",0.7593,0.7593,1,0.8187,1,0.7504,0.9474,1.2726,0.5762,0.4693,0,1.4362
"13210",0.7593,0.7593,1,0.8187,1,0.7504,0.9474,1.2726,0.5762,0.4693,0,0.9276
"13211",0.7593,0.7593,1,0.8187,1,0.7504,0.9474,1.2726,0.5762,0.4693,0,0.9276
"13212",0.7593,0.7593,1,0.8187,1,0.7504,0.9474,1.2726,0.5762,0.4693,0,1.4362
"13214",0.7593,0.7593,1,0.8187,1,0.7504,0.9474,1.2726,0.5762,0.4693,0,0.9276
"13215",0.7593,0.7593,1,0.8187,1,0.7504,0.9474,1.2726,0.5762,0.4693,0,1.4362
"13219",0.7593,0.7593,1,0.8187,1,0.7504,0.9474,1.2726,0.5762,0.4693,0,1.4362
"13224",0.7593,0.7593,1,0.8187,1,0.7504,0.9474,1.2726,0.5762,0.4693,0,0.9276
"13290",1.3665,1.3665,1,0.8187,1,0.7504,0.9474,1.2726,0.5762,0.9514,0,1.4362
"13301",0.7593,0.7593,1,1.2898,1,0.7504,0.9474,1.2726,0.5762,0.4693,0,1.5463
"13302",0.7593,0.7593,1,0.8187,1,1.5413,0.9474,1.2726,0.5762,0.4693,0,1.4362
"13303",0.7593,0.7593,1,0.8187,1,1.5413,0.9474,1.2726,0.5762,0.4693,0,1.5463
"13304",0.7593,0.7593,1,0.8187,1,1.5413,0.9474,1.2726,0.5762,0.4693,0,1.5463
"13305",0.7593,0.7593,1,1.2898,1,1.5413,0.9474,1.2726,0.5762,0.4693,0,1.5463
"13308",0.7593,0.7593,1,0.8187,1,1.5413,0.9474,1.2726,0.5762,0.4693,0,1.5463
"13309",0.7593,0.7593,1,0.8187,1,0.7504,0.9474,1.2726,0.5762,0.4693,0,1.5463
"13310",0.7593,0.7593,1,0.8187,1,0.7504,0.9474,1.2726,0.5762,0.4693,0,0.8177
"13312",0.7593,0.7593,1,1.2898,1,0.7504,0.9474,1.2726,0.5762,0.4693,0,1.5463
"13313",0.7593,0.7593,1,0.8187,1,0.7504,0.9474,1.2726,0.5762,0.4693,0,0.9276
"13314",0.7593,0.7593,1,0.8187,1,0.7504,0.9474,1.2726,0.5762,0.4693,0,0.8177
"13315",0.8662,0.8662,1,0.8187,1.0898,0.7504,0.9474,1.2726,0.5762,0.4693,0,0.9276
"13316",0.7593,0.7593,1,0.8187,1,1.5413,0.9474,1.2726,0.5762,0.4693,0,1.5463
"13317",0.8662,0.8662,1,0.8187,1.0898,0.7504,0.9474,1.2726,0.5762,0.4693,0,0.9276
"13318",0.7593,0.7593,1,0.8187,1,0.7504,0.9474,1.2726,0.5762,0.4693,0,0.9276
"13319",0.7593,0.7593,1,1.2898,1,0.7504,0.9474,1.2726,0.5762,0.4693,0,0.9276
"13320",0.8662,0.8662,1,0.8187,1.0898,0.7504,0.9474,1.2726,0.5762,0.4693,0,0.9276
"13321",0.7593,0.7593,1,0.8187,1,0.7504,0.9474,1.2726,0.5762,0.4693,0,0.9276
"13322",0.7593,0.7593,1,0.8187,1,1.5413,0.9474,1.2726,0.5762,0.4693,0,0.9276
"13323",0.7593,0.7593,1,0.8187,1,0.7504,0.9474,1.2726,0.5762,0.4693,0,0.9276
"13324",0.7593,0.7593,1,1.2898,1,0.7504,0.9474,1.2726,0.5762,0.4693,0,1.5463
"13325",0.7593,0.7593,1,0.8187,1,1.5413,0.9474,1.2726,0.5762,0.4693,0,1.5463
"13326",0.8662,0.8662,1,0.8187,1.0898,0.7504,0.9474,1.2726,0.5762,0.4693,0,0.9276
"13327",0.7593,0.7593,1,1.2898,1,1.5413,0.9474,1.2726,0.5762,0.4693,0,1.5463
"13328",0.7593,0.7593,1,0.8187,1,0.7504,0.9474,1.2726,0.5762,0.4693,0,0.9276
"13329",0.7593,0.7593,1,0.8187,1,0.7504,0.9474,1.2726,0.5762,0.4693,0,1.5463
"13331",0.7593,0.7593,1,1.2898,1,0.7504,0.9474,1.2726,0.5762,0.4693,0,1.5463
"13332",0.7593,0.7593,1,0.8187,1,0.7504,0.9474,1.2726,0.5762,0.4693,0,0.8177
"13333",0.8662,0.8662,1,0.8187,1.0898,0.7504,0.9474,1.2726,0.5762,0.4693,0,0.9276
"13334",0.7593,0.7593,1,0.8187,1,0.7504,0.9474,1.2726,0.5762,0.4693,0,0.8177
"13335",0.7593,0.7593,1,0.8187,1.0898,0.7504,0.9474,1.2726,0.5762,0.4693,0,0.8177
"13337",0.8662,0.8662,1,0.8187,1.0898,0.7504,0.9474,1.2726,0.5762,0.4693,0,0.9276
"13338",0.7593,0.7593,1,1.2898,1,0.7504,0.9474,1.2726,0.5762,0.4693,0,1.5463
"13339",0.8662,0.8662,1,0.8187,1,0.7504,0.9474,1.2726,0.5762,0.4693,0,1.5463
"13340",0.7593,0.7593,1,1.2898,1,1.5413,0.9474,1.2726,0.5762,0.4693,0,1.5463
"13341",0.7593,0.7593,1,0.8187,1,0.7504,0.9474,1.2726,0.5762,0.4693,0,0.9276
"13342",0.8662,0.8662,1,0.8187,1.0898,0.7504,0.9474,1.2726,0.5762,0.4693,0,0.9276
"13343",0.7593,0.7593,1,1.2898,1,0.7504,0.9474,1.2726,0.5762,0.4693,0,1.5463
"13345",0.7593,0.7593,1,1.2898,1,0.7504,0.9474,1.2726,0.5762,0.4693,0,1.5463
"13346",0.7593,0.7593,1,0.8187,1,0.7504,0.9474,1.2726,0.5762,0.4693,0,0.8177
"13348",0.8662,0.8662,1,0.8187,1.0898,0.7504,0.9474,1.2726,0.5762,0.4693,0,0.9276
"13350",0.7593,0.7593,1,0.8187,1,0.7504,0.9474,1.2726,0.5762,0.4693,0,1.5463
"13352",0.7593,0.7593,1,1.2898,1,0.7504,0.9474,1.2726,0.5762,0.4693,0,1.5463
"13353",0.7593,0.7593,1,1.2898,1,0.7504,0.9474,1.2726,0.5762,0.4693,0,1.5463
"13354",0.7593,0.7593,1,0.8187,1,1.5413,0.9474,1.2726,0.5762,0.4693,0,1.5463
"13355",0.7593,0.7593,1,0.8187,1,0.7504,0.9474,1.2726,0.5762,0.4693,0,0.8177
"13357",0.7593,0.7593,1,0.8187,1,0.7504,0.9474,1.2726,0.5762,0.4693,0,0.9276
"13360",0.7593,0.7593,1,1.2898,1,0.7504,0.9474,1.2726,0.5762,0.4693,0,1.5463
"13361",0.7593,0.7593,1,0.8187,1,0.7504,0.9474,1.2726,0.5762,0.4693,0,0.9276
"13363",0.7593,0.7593,1,0.8187,1,1.5413,0.9474,1.2726,0.5762,0.4693,0,1.5463
"13364",0.7593,0.7593,1,0.8187,1,0.7504,0.9474,1.2726,0.5762,0.4693,0,0.8177
"13365",0.7593,0.7593,1,0.8187,1,0.7504,0.9474,1.2726,0.5762,0.4693,0,1.5463
"13367",0.7593,0.7593,1,1.2898,1,1.5413,0.9474,1.2726,0.5762,0.4693,0,1.5463
"13368",0.7593,0.7593,1,1.2898,1,0.7504,0.9474,1.2726,0.5762,0.4693,0,1.5463
"13402",0.7593,0.7593,1,0.8187,1,0.7504,0.9474,1.2726,0.5762,0.4693,0,0.8177
"13403",0.7593,0.7593,1,0.8187,1,1.5413,0.9474,1.2726,0.5762,0.4693,0,1.5463
"13406",0.7593,0.7593,1,0.8187,1,0.7504,0.9474,1.2726,0.5762,0.4693,0,1.5463
"13407",0.7593,0.7593,1,0.8187,1,0.7504,0.9474,1.2726,0.5762,0.4693,0,1.5463
"13408",0.7593,0.7593,1,0.8187,1,0.7504,0.9474,1.2726,0.5762,0.4693,0,0.9276
"13409",0.7593,0.7593,1,0.8187,1,0.7504,0.9474,1.2726,0.5762,0.4693,0,0.9276
"13411",0.7593,0.7593,1,0.8187,1.0898,0.7504,0.9474,1.2726,0.5762,0.4693,0,0.8177
"13413",0.7593,0.7593,1,1.2898,1,0.7504,0.9474,1.2726,0.5762,0.4693,0,0.9276
"13415",0.8662,0.8662,1,0.8187,1.0898,0.7504,0.9474,1.2726,0.5762,0.4693,0,0.9276
"13416",0.7593,0.7593,1,1.2898,1,0.7504,0.9474,1.2726,0.5762,0.4693,0,1.5463
"13417",0.7593,0.7593,1,1.2898,1,0.7504,0.9474,1.2726,0.5762,0.4693,0,0.9276
"13418",0.7593,0.7593,1,0.8187,1,0.7504,0.9474,1.2726,0.5762,0.4693,0,0.8177
"13420",0.7593,0.7593,1,1.2898,1,0.7504,0.9474,1.2726,0.5762,0.4693,0,1.5463
"13421",0.7593,0.7593,1,0.8187,1,0.7504,0.9474,1.2726,0.5762,0.4693,0,0.9276
"13424",0.7593,0.7593,1,0.8187,1,1.5413,0.9474,1.2726,0.5762,0.4693,0,1.5463
"13425",0.7593,0.7593,1,0.8187,1,0.7504,0.9474,1.2726,0.5762,0.4693,0,0.9276
"13426",0.7593,0.7593,1,0.8187,1,1.5413,0.9474,1.2726,0.5762,0.4693,0,1.5463
"13428",0.8662,0.8662,1,0.8187,1.0898,0.7504,0.9474,1.2726,0.5762,0.4693,0,0.9276
"13431",0.7593,0.7593,1,1.2898,1,1.5413,0.9474,1.2726,0.5762,0.4693,0,1.5463
"13433",0.7593,0.7593,1,1.2898,1,0.7504,0.9474,1.2726,0.5762,0.4693,0,1.5463
"13435",0.7593,0.7593,1,1.2898,1,0.7504,0.9474,1.2726,0.5762,0.4693,0,1.5463
"13436",0.7593,0.7593,1,1.2898,1,1.0252,2.0503,1.0595,0.5762,0.4693,0,1.5463
"13437",0.7593,0.7593,1,0.8187,1,1.5413,0.9474,1.2726,0.5762,0.4693,0,1.5463
"13438",0.7593,0.7593,1,1.2898,1,0.7504,0.9474,1.2726,0.5762,0.4693,0,1.5463
"13439",0.8662,0.8662,1,0.8187,1.0898,0.7504,0.9474,1.2726,0.5762,0.4693,0,0.9276
"13440",0.7593,0.7593,1,0.8187,1,1.5413,0.9474,1.2726,0.5762,0.4693,0,1.5463
"13441",0.7593,0.7593,1,0.8187,1,1.5413,0.9474,1.2726,0.5762,0.4693,0,1.5463
"13450",0.8662,0.8662,1,0.8187,1.0898,0.7504,0.9474,1.2726,0.5762,0.4693,0,0.9276
"13452",0.8662,0.8662,1,0.8187,1.0898,0.7504,0.9474,1.2726,0.5762,0.4693,0,1.5463
"13454",0.7593,0.7593,1,0.8187,1,0.7504,0.9474,1.2726,0.5762,0.4693,0,1.5463
"13456",0.7593,0.7593,1,0.8187,1,0.7504,0.9474,1.2726,0.5762,0.4693,0,0.9276
"13457",0.8662,0.8662,1,0.8187,1.0898,0.7504,0.9474,1.2726,0.5762,0.4693,0,0.9276
"13459",0.8662,0.8662,1,0.8187,1.0898,0.7504,0.9474,1.2726,0.5762,0.4693,0,0.9276
"13460",0.7593,0.7593,1,0.8187,1,0.7504,0.9474,1.2726,0.5762,0.4693,0,0.8177
"13461",0.7593,0.7593,1,0.8187,1,0.7504,0.9474,1.2726,0.5762,0.4693,0,0.9276
"13464",0.7593,0.7593,1,0.8187,1.0898,0.7504,0.9474,1.2726,0.5762,0.4693,0,0.8177
"13465",0.7593,0.7593,1,0.8187,1,0.7504,0.9474,1.2726,0.5762,0.4693,0,0.8177
"13468",0.8662,0.8662,1,0.8187,1.0898,0.7504,0.9474,1.2726,0.5762,0.4693,0,0.9276
"13469",0.7593,0.7593,1,0.8187,1,1.5413,0.9474,1.2726,0.5762,0.4693,0,1.5463
"13470",0.7593,0.7593,1,0.8187,1,0.7504,0.9474,1.2726,0.5762,0.4693,0,1.5463
"13471",0.7593,0.7593,1,0.8187,1,1.5413,0.9474,1.2726,0.5762,0.4693,0,1.5463
"13472",0.7593,0.7593,1,1.2898,1,0.7504,0.9474,1.2726,0.5762,0.4693,0,1.5463
"13473",0.7593,0.7593,1,1.2898,1,1.5413,0.9474,1.2726,0.5762,0.4693,0,1.5463
"13475",0.7593,0.7593,1,0.8187,1,0.7504,0.9474,1.2726,0.5762,0.4693,0,0.9276
"13476",0.7593,0.7593,1,0.8187,1,0.7504,0.9474,1.2726,0.5762,0.4693,0,1.5463
"13477",0.7593,0.7593,1,0.8187,1,0.7504,0.9474,1.2726,0.5762,0.4693,0,0.9276
"13478",0.7593,0.7593,1,0.8187,1,1.5413,0.9474,1.2726,0.5762,0.4693,0,1.5463
"13480",0.7593,0.7593,1,0.8187,1,0.7504,0.9474,1.2726,0.5762,0.4693,0,0.9276
"13482",0.8662,0.8662,1,0.8187,1.0898,0.7504,0.9474,1.2726,0.5762,0.4693,0,0.9276
"13483",0.7593,0.7593,1,0.8187,1,1.5413,0.9474,1.2726,0.5762,0.4693,0,1.5463
"13485",0.7593,0.7593,1,0.8187,1,0.7504,0.9474,1.2726,0.5762,0.4693,0,0.8177
"13486",0.7593,0.7593,1,0.8187,1,1.5413,0.9474,1.2726,0.5762,0.4693,0,1.5463
"13488",0.8662,0.8662,1,0.8187,1.0898,0.7504,0.9474,1.2726,0.5762,0.4693,0,0.9276
"13489",0.7593,0.7593,1,0.8187,1,1.5413,0.9474,1.2726,0.5762,0.4693,0,1.5463
"13490",0.7593,0.7593,1,0.8187,1,1.5413,0.9474,1.2726,0.5762,0.4693,0,1.5463
"13491",0.7593,0.7593,1,0.8187,1,0.7504,0.9474,1.2726,0.5762,0.4693,0,0.9276
"13492",0.7593,0.7593,1,0.8187,1,1.5413,0.9474,1.2726,0.5762,0.4693,0,1.5463
"13493",0.7593,0.7593,1,0.8187,1,1.5413,0.9474,1.2726,0.5762,0.4693,0,1.5463
"13494",0.7593,0.7593,1,1.2898,1,0.7504,0.9474,1.2726,0.5762,0.4693,0,1.5463
"13495",0.7593,0.7593,1,1.2898,1,1.5413,0.9474,1.2726,0.5762,0.4693,0,0.9276
"13501",0.7593,0.7593,1,1.2898,1,1.5413,0.9474,1.2726,0.5762,0.4693,0,1.5463
"13502",0.7593,0.7593,1,0.8187,1,1.5413,0.9474,1.2726,0.5762,0.4693,0,1.5463
"13601",0.7593,0.7593,1,1.2898,1,1.5413,0.9474,1.2726,0.5762,0.4693,0,1.4362
"13602",0.7593,0.7593,1,1.2898,1,1.5413,0.9474,1.2726,0.5762,0.4693,0,1.4362
"13603",0.7593,0.7593,1,1.2898,1,1.5413,0.9474,1.2726,0.5762,0.4693,0,1.4362
"13605",0.7593,0.7593,1,1.2898,1,1.5413,0.9474,1.2726,0.5762,0.4693,0,1.4362
"13606",0.7593,0.7593,1,1.2898,1,1.5413,0.9474,1.2726,0.5762,0.4693,0,1.4362
"13607",0.7593,0.7593,1,1.013,1,1.5413,0.9474,1.2726,0.5762,0.4693,0,1.4362
"13608",0.7593,0.7593,1,1.013,1,1.5413,0.9474,1.2726,0.5762,0.4693,0,1.4362
"13611",0.7593,0.7593,1,1.2898,1,1.5413,0.9474,1.2726,0.5762,0.4693,0,1.4362
"13612",0.7593,0.7593,1,1.2898,1,1.5413,0.9474,1.2726,0.5762,0.4693,0,1.5463
"13613",0.7593,0.7593,1,1.013,1,1.5413,0.9474,1.2726,0.5762,0.4693,0,1.4362
"13614",0.7593,0.7593,1,1.013,1,1.5413,0.9474,1.2726,0.5762,0.4693,0,1.4362
"13615",0.7593,0.7593,1,1.2898,1,1.5413,0.9474,1.2726,0.5762,0.4693,0,1.4362
"13616",0.7593,0.7593,1,1.2898,1,1.5413,0.9474,1.2726,0.5762,0.4693,0,1.4362
"13617",0.7593,0.7593,1,1.013,1,1.5413,0.9474,1.2726,0.5762,0.4693,0,1.4362
"13618",0.7593,0.7593,1,1.013,1,1.5413,0.9474,1.2726,0.5762,0.4693,0,1.4362
"13619",0.7593,0.7593,1,1.2898,1,1.5413,0.9474,1.2726,0.5762,0.4693,0,1.5463
"13620",0.7593,0.7593,1,1.2898,1,1.5413,0.9474,1.2726,0.5762,0.4693,0,1.5463
"13621",0.7593,0.7593,1,1.013,1,1.5413,0.9474,1.2726,0.5762,0.4693,0,1.4362
"13622",0.7593,0.7593,1,1.013,1,1.5413,0.9474,1.2726,0.5762,0.4693,0,1.4362
"13623",0.7593,0.7593,1,1.013,1,1.5413,0.9474,1.2726,0.5762,0.4693,0,1.4362
"13624",0.7593,0.7593,1,1.013,1,1.5413,0.9474,1.2726,0.5762,0.4693,0,1.4362
"13625",0.7593,0.7593,1,1.013,1,1.5413,0.9474,1.2726,0.5762,0.4693,0,1.4362
"13626",0.7593,0.7593,1,1.2898,1,1.5413,0.9474,1.2726,0.5762,0.4693,0,1.4362
"13628",0.7593,0.7593,1,1.2898,1,1.5413,0.9474,1.2726,0.5762,0.4693,0,1.4362
"13630",0.7593,0.7593,1,1.013,1,1.5413,0.9474,1.2726,0.5762,0.4693,0,1.4362
"13632",0.7593,0.7593,1,1.013,1,1.5413,0.9474,1.2726,0.5762,0.4693,0,1.4362
"13633",0.7593,0.7593,1,1.013,1,1.5413,0.9474,1.2726,0.5762,0.4693,0,1.4362
"13634",0.7593,0.7593,1,1.2898,1,1.5413,0.9474,1.2726,0.5762,0.4693,0,1.4362
"13635",0.7593,0.7593,1,1.013,1,1.5413,0.9474,1.2726,0.5762,0.4693,0,1.4362
"13636",0.7593,0.7593,1,1.2898,1,1.5413,0.9474,1.2726,0.5762,0.4693,0,1.4362
"13637",0.7593,0.7593,1,1.2898,1,1.5413,0.9474,1.2726,0.5762,0.4693,0,1.4362
"13638",0.7593,0.7593,1,1.2898,1,1.5413,0.9474,1.2726,0.5762,0.4693,0,1.5463
"13639",0.7593,0.7593,1,1.013,1,1.5413,0.9474,1.2726,0.5762,0.4693,0,1.4362
"13640",0.7593,0.7593,1,1.013,1,1.5413,0.9474,1.2726,0.5762,0.4693,0,1.4362
"13641",0.7593,0.7593,1,1.013,1,1.5413,0.9474,1.2726,0.5762,0.4693,0,1.4362
"13642",0.7593,0.7593,1,1.013,1,1.5413,0.9474,1.2726,0.5762,0.4693,0,1.4362
"13643",0.7593,0.7593,1,1.2898,1,1.5413,0.9474,1.2726,0.5762,0.4693,0,1.5463
"13645",0.7593,0.7593,1,1.013,1,1.5413,0.9474,1.2726,0.5762,0.4693,0,1.4362
"13646",0.7593,0.7593,1,1.013,1,1.5413,0.9474,1.2726,0.5762,0.4693,0,1.4362
"13647",0.7593,0.7593,1,1.013,1,1.5413,0.9474,1.2726,0.5762,0.4693,0,1.4362
"13648",0.7593,0.7593,1,1.2898,1,1.5413,0.9474,1.2726,0.5762,0.4693,0,1.4362
"13650",0.7593,0.7593,1,1.2898,1,1.5413,0.9474,1.2726,0.5762,0.4693,0,1.4362
"13651",0.7593,0.7593,1,1.2898,1,1.5413,0.9474,1.2726,0.5762,0.4693,0,1.4362
"13652",0.7593,0.7593,1,1.013,1,1.5413,0.9474,1.2726,0.5762,0.4693,0,1.4362
"13654",0.7593,0.7593,1,1.013,1,1.5413,0.9474,1.2726,0.5762,0.4693,0,1.4362
"13655",0.7593,0.7593,1,1.013,1,1.5413,0.9474,1.2726,0.5762,0.4693,0,1.4362
"13656",0.7593,0.7593,1,1.013,1,1.5413,0.9474,1.2726,0.5762,0.4693,0,1.4362
"13658",0.7593,0.7593,1,1.013,1,1.5413,0.9474,1.2726,0.5762,0.4693,0,1.4362
"13659",0.7593,0.7593,1,1.2898,1,1.5413,0.9474,1.2726,0.5762,0.4693,0,1.5463
"13660",0.7593,0.7593,1,1.013,1,1.5413,0.9474,1.2726,0.5762,0.4693,0,1.4362
"13661",0.7593,0.7593,1,1.2898,1,1.5413,0.9474,1.2726,0.5762,0.4693,0,1.4362
"13662",0.7593,0.7593,1,1.013,1,1.5413,0.9474,1.2726,0.5762,0.4693,0,1.4362
"13664",0.7593,0.7593,1,1.013,1,1.5413,0.9474,1.2726,0.5762,0.4693,0,1.4362
"13665",0.7593,0.7593,1,1.2898,1,1.5413,0.9474,1.2726,0.5762,0.4693,0,1.5463
"13666",0.7593,0.7593,1,1.013,1,1.5413,0.9474,1.2726,0.5762,0.4693,0,1.4362
"13667",0.7593,0.7593,1,1.013,1,1.5413,0.9474,1.2726,0.5762,0.4693,0,1.4362
"13668",0.7593,0.7593,1,1.013,1,1.5413,0.9474,1.2726,0.5762,0.4693,0,1.4362
"13669",0.7593,0.7593,1,1.013,1,1.5413,0.9474,1.2726,0.5762,0.4693,0,1.4362
"13670",0.7593,0.7593,1,1.013,1,1.5413,0.9474,1.2726,0.5762,0.4693,0,1.4362
"13672",0.7593,0.7593,1,1.013,1,1.5413,0.9474,1.2726,0.5762,0.4693,0,1.4362
"13673",0.7593,0.7593,1,1.2898,1,1.5413,0.9474,1.2726,0.5762,0.4693,0,1.4362
"13674",0.7593,0.7593,1,1.2898,1,1.5413,0.9474,1.2726,0.5762,0.4693,0,1.4362
"13675",0.7593,0.7593,1,1.013,1,1.5413,0.9474,1.2726,0.5762,0.4693,0,1.4362
"13676",0.7593,0.7593,1,1.013,1,1.5413,0.9474,1.2726,0.5762,0.4693,0,1.4362
"13679",0.7593,0.7593,1,1.013,1,1.5413,0.9474,1.2726,0.5762,0.4693,0,1.4362
"13680",0.7593,0.7593,1,1.013,1,1.5413,0.9474,1.2726,0.5762,0.4693,0,1.4362
"13681",0.7593,0.7593,1,1.013,1,1.5413,0.9474,1.2726,0.5762,0.4693,0,1.4362
"13682",0.7593,0.7593,1,1.2898,1,1.5413,0.9474,1.2726,0.5762,0.4693,0,1.4362
"13684",0.7593,0.7593,1,1.013,1,1.5413,0.9474,1.2726,0.5762,0.4693,0,1.4362
"13685",0.7593,0.7593,1,1.2898,1,1.5413,0.9474,1.2726,0.5762,0.4693,0,1.4362
"13687",0.7593,0.7593,1,1.013,1,1.5413,0.9474,1.2726,0.5762,0.4693,0,1.4362
"13690",0.7593,0.7593,1,1.013,1,1.5413,0.9474,1.2726,0.5762,0.4693,0,1.4362
"13691",0.7593,0.7593,1,1.013,1,1.5413,0.9474,1.2726,0.5762,0.4693,0,1.4362
"13692",0.7593,0.7593,1,1.013,1,1.5413,0.9474,1.2726,0.5762,0.4693,0,1.4362
"13693",0.7593,0.7593,1,1.013,1,1.5413,0.9474,1.2726,0.5762,0.4693,0,1.4362
"13694",0.7593,0.7593,1,1.013,1,1.5413,0.9474,1.2726,0.5762,0.4693,0,1.4362
"13695",0.7593,0.7593,1,1.013,1,1.5413,0.9474,1.2726,0.5762,0.4693,0,1.4362
"13696",0.7593,0.7593,1,1.013,1,1.5413,0.9474,1.2726,0.5762,0.4693,0,1.4362
"13697",0.7593,0.7593,1,1.013,1,1.5413,0.9474,1.2726,0.5762,0.4693,0,1.4362
"13730",0.8662,0.8662,1,0.8187,1.0898,0.7504,0.9474,1.2726,0.5762,0.4693,0,0.8177
"13731",0.8662,0.8662,1,0.8187,1.0898,0.7504,0.9474,1.2726,0.5762,0.4693,0,0.9276
"13732",0.8662,0.8662,1,1.4473,1.0898,0.7504,0.9474,1.2726,0.5762,0.4693,0,0.8177
"13733",0.8662,0.8662,1,0.8187,1.0898,0.7504,0.9474,1.2726,0.5762,0.4693,0,0.8177
"13734",0.7593,0.7593,1,1.4473,1.0898,0.7504,0.9474,1.2726,0.5762,0.4693,0,0.8177
"13736",0.7593,0.7593,1,1.4473,1.0898,0.7504,0.9474,1.2726,0.5762,0.4693,0,0.8177
"13739",0.8662,0.8662,1,0.8187,1.0898,0.7504,0.9474,1.2726,0.5762,0.4693,0,0.9276
"13740",0.8662,0.8662,1,0.8187,1.0898,0.7504,0.9474,1.2726,0.5762,0.4693,0,0.9276
"13743",0.7593,0.7593,1,1.4473,1.0898,0.7504,0.9474,1.2726,0.5762,0.4693,0,0.8177
"13744",0.8662,0.8662,1,0.8187,1.0898,0.7504,0.9474,1.2726,0.5762,0.4693,0,0.8177
"13746",0.8662,0.8662,1,0.8187,1.0898,0.7504,0.9474,1.2726,0.5762,0.4693,0,0.8177
"13748",0.8662,0.8662,1,0.8187,1.0898,0.7504,0.9474,1.2726,0.5762,0.4693,0,0.8177
"13750",0.8662,0.8662,1,0.8187,1.0898,0.7504,0.9474,1.2726,0.5762,0.4693,0,0.9276
"13751",0.8662,0.8662,1,0.8187,1.0898,0.7504,0.9474,1.2726,0.5762,0.4693,0,0.9276
"13752",0.8662,0.8662,1,0.8187,1.0898,0.7504,0.9474,1.2726,0.5762,0.4693,0,0.9276
"13753",0.8662,0.8662,1,0.8187,1.0898,0.7504,0.9474,1.2726,0.5762,0.4693,0,0.9276
"13754",0.8662,0.8662,1,0.8187,1.0898,0.7504,0.9474,1.2726,0.5762,0.4693,0,0.8177
"13755",0.8662,0.8662,1,0.8187,1.0898,0.7504,0.9474,1.2726,0.5762,0.4693,0,0.9276
"13756",0.8662,0.8662,1,0.8187,1.0898,0.7504,0.9474,1.2726,0.5762,0.4693,0,0.9276
"13757",0.8662,0.8662,1,0.8187,1.0898,0.7504,0.9474,1.2726,0.5762,0.4693,0,0.9276
"13760",0.8662,0.8662,1,0.8187,1.0898,0.7504,0.9474,1.2726,0.5762,0.4693,0,0.8177
"13774",0.8662,0.8662,1,0.8187,1.0898,0.7504,0.9474,1.2726,0.5762,0.4693,0,0.9276
"13775",0.8662,0.8662,1,0.8187,1.0898,0.7504,0.9474,1.2726,0.5762,0.4693,0,0.9276
"13776",0.8662,0.8662,1,0.8187,1.0898,0.7504,0.9474,1.2726,0.5762,0.4693,0,0.9276
"13777",0.8662,0.8662,1,0.8187,1.0898,0.7504,0.9474,1.2726,0.5762,0.4693,0,0.8177
"13778",0.8662,0.8662,1,0.8187,1.0898,0.7504,0.9474,1.2726,0.5762,0.4693,0,0.8177
"13780",0.8662,0.8662,1,0.8187,1.0898,0.7504,0.9474,1.2726,0.5762,0.4693,0,0.8177
"13782",0.8662,0.8662,1,0.8187,1.0898,0.7504,0.9474,1.2726,0.5762,0.4693,0,0.9276
"13783",0.8662,0.8662,1,0.8187,1.0898,0.7504,0.9474,1.2726,0.5762,0.4693,0,0.8177
"13784",0.7593,0.7593,1,1.4473,1.0898,0.7504,0.9474,1.2726,0.5762,0.4693,0,0.8177
"13786",0.8662,0.8662,1,0.8187,1.0898,0.7504,0.9474,1.2726,0.5762,0.4693,0,0.9276
"13787",0.8662,0.8662,1,0.8187,1.0898,0.7504,0.9474,1.2726,0.5762,0.4693,0,0.8177
"13788",0.8662,0.8662,1,0.8187,1.0898,0.7504,0.9474,1.2726,0.5762,0.4693,0,0.9276
"13790",0.8662,0.8662,1,0.8187,1.0898,0.7504,0.9474,1.2726,0.5762,0.4693,0,0.8177
"13795",0.8662,0.8662,1,0.8187,1.0898,0.7504,0.9474,1.2726,0.5762,0.4693,0,0.8177
"13796",0.8662,0.8662,1,0.8187,1.0898,0.7504,0.9474,1.2726,0.5762,0.4693,0,0.9276
"13797",0.7593,0.7593,1,1.4473,1.0898,0.7504,0.9474,1.2726,0.5762,0.4693,0,0.8177
"13801",0.7593,0.7593,1,0.8187,1.0898,0.7504,0.9474,1.2726,0.5762,0.4693,0,0.8177
"13802",0.8662,0.8662,1,0.8187,1.0898,0.7504,0.9474,1.2726,0.5762,0.4693,0,0.8177
"13803",0.7593,0.7593,1,1.4473,1.0898,0.7504,0.9474,1.2726,0.5762,0.4693,0,0.8177
"13804",0.8662,0.8662,1,0.8187,1.0898,0.7504,0.9474,1.2726,0.5762,0.4693,0,0.8177
"13806",0.8662,0.8662,1,0.8187,1.0898,0.7504,0.9474,1.2726,0.5762,0.4693,0,0.9276
"13807",0.8662,0.8662,1,0.8187,1.0898,0.7504,0.9474,1.2726,0.5762,0.4693,0,0.9276
"13808",0.8662,0.8662,1,0.8187,1.0898,0.7504,0.9474,1.2726,0.5762,0.4693,0,0.9276
"13809",0.8662,0.8662,1,0.8187,1.0898,0.7504,0.9474,1.2726,0.5762,0.4693,0,0.8177
"13810",0.8662,0.8662,1,0.8187,1.0898,0.7504,0.9474,1.2726,0.5762,0.4693,0,0.9276
"13811",0.8662,0.8662,1,1.4473,1.0898,0.7504,0.9474,1.2726,0.5762,0.4693,0,0.8177
"13812",0.7593,0.7593,1,1.4473,1.0898,0.7504,0.9474,1.2726,0.5762,0.4693,0,0.8177
"13813",0.8662,0.8662,1,0.8187,1.0898,0.7504,0.9474,1.2726,0.5762,0.4693,0,0.8177
"13814",0.7593,0.7593,1,0.8187,1.0898,0.7504,0.9474,1.2726,0.5762,0.4693,0,0.8177
"13815",0.7593,0.7593,1,0.8187,1.0898,0.7504,0.9474,1.2726,0.5762,0.4693,0,0.8177
"13820",0.8662,0.8662,1,0.8187,1.0898,0.7504,0.9474,1.2726,0.5762,0.4693,0,0.9276
"13825",0.8662,0.8662,1,0.8187,1.0898,0.7504,0.9474,1.2726,0.5762,0.4693,0,0.9276
"13826",0.8662,0.8662,1,0.8187,1.0898,0.7504,0.9474,1.2726,0.5762,0.4693,0,0.8177
"13827",0.8662,0.8662,1,1.4473,1.0898,0.7504,0.9474,1.2726,0.5762,0.4693,0,0.8177
"13830",0.8662,0.8662,1,0.8187,1.0898,0.7504,0.9474,1.2726,0.5762,0.4693,0,0.8177
"13832",0.7593,0.7593,1,0.8187,1.0898,0.7504,0.9474,1.2726,0.5762,0.4693,0,0.8177
"13833",0.8662,0.8662,1,0.8187,1.0898,0.7504,0.9474,1.2726,0.5762,0.4693,0,0.8177
"13834",0.8662,0.8662,1,0.8187,1.0898,0.7504,0.9474,1.2726,0.5762,0.4693,0,0.9276
"13835",0.7593,0.7593,1,1.4473,1.0898,0.7504,0.9474,1.2726,0.5762,0.4693,0,0.8177
"13838",0.8662,0.8662,1,0.8187,1.0898,0.7504,0.9474,1.2726,0.5762,0.4693,0,0.8177
"13839",0.8662,0.8662,1,0.8187,1.0898,0.7504,0.9474,1.2726,0.5762,0.4693,0,0.9276
"13840",0.7593,0.7593,1,1.4473,1.0898,0.7504,0.9474,1.2726,0.5762,0.4693,0,0.8177
"13841",0.8662,0.8662,1,0.8187,1.0898,0.7504,0.9474,1.2726,0.5762,0.4693,0,0.8177
"13842",0.8662,0.8662,1,0.8187,1.0898,0.7504,0.9474,1.2726,0.5762,0.4693,0,0.9276
"13843",0.8662,0.8662,1,0.8187,1.0898,0.7504,0.9474,1.2726,0.5762,0.4693,0,0.8177
"13844",0.7593,0.7593,1,0.8187,1.0898,0.7504,0.9474,1.2726,0.5762,0.4693,0,0.8177
"13846",0.8662,0.8662,1,0.8187,1.0898,0.7504,0.9474,1.2726,0.5762,0.4693,0,0.9276
"13847",0.8662,0.8662,1,0.8187,1.0898,0.7504,0.9474,1.2726,0.5762,0.4693,0,0.9276
"13849",0.8662,0.8662,1,0.8187,1.0898,0.7504,0.9474,1.2726,0.5762,0.4693,0,0.8177
"13850",0.8662,0.8662,1,0.8187,1.0898,0.7504,0.9474,1.2726,0.5762,0.4693,0,0.8177
"13856",0.8662,0.8662,1,0.8187,1.0898,0.7504,0.9474,1.2726,0.5762,0.4693,0,0.9276
"13859",0.8662,0.8662,1,0.8187,1.0898,0.7504,0.9474,1.2726,0.5762,0.4693,0,0.8177
"13861",0.8662,0.8662,1,0.8187,1.0898,0.7504,0.9474,1.2726,0.5762,0.4693,0,0.9276
"13862",0.8662,0.8662,1,0.8187,1.0898,0.7504,0.9474,1.2726,0.5762,0.4693,0,0.8177
"13863",0.8662,0.8662,1,0.8187,1.0898,0.7504,0.9474,1.2726,0.5762,0.4693,0,0.8177
"13864",0.8662,0.8662,1,1.4473,1.0898,0.7504,0.9474,1.2726,0.5762,0.4693,0,0.8177
"13865",0.8662,0.8662,1,0.8187,1.0898,0.7504,0.9474,1.2726,0.5762,0.4693,0,0.8177
"13901",0.8662,0.8662,1,0.8187,1.0898,0.7504,0.9474,1.2726,0.5762,0.4693,0,0.8177
"13902",0.8662,0.8662,1,0.8187,1.0898,0.7504,0.9474,1.2726,0.5762,0.4693,0,0.8177
"13903",0.8662,0.8662,1,0.8187,1.0898,0.7504,0.9474,1.2726,0.5762,0.4693,0,0.8177
"13904",0.8662,0.8662,1,0.8187,1.0898,0.7504,0.9474,1.2726,0.5762,0.4693,0,0.8177
"13905",0.8662,0.8662,1,0.8187,1.0898,0.7504,0.9474,1.2726,0.5762,0.4693,0,0.8177
"14001",0.7593,0.7593,1,1.4473,0.8662,1.3332,1.2989,1.111,0.8425,0.4693,0,0.8177
"14004",0.7593,0.7593,1,1.4473,0.8662,1.3332,1.2989,1.111,0.8425,0.4693,0,0.8177
"14005",0.7593,0.7593,1,1.4473,0.8662,1.0322,0.4297,1.7332,0.5762,0.5633,0,0.8177
"14006",0.7593,0.7593,1,1.4473,0.8662,1.3332,1.2989,1.111,0.8425,0.8009,0,0.8177
"14008",0.7593,0.7593,1,1.4473,0.8662,1.3332,1.2989,1.111,1.8039,0.4693,0,0.8177
"14009",0.7593,0.7593,1,1.4473,0.8662,1.0322,0.4297,1.7332,0.5762,0.4693,0,0.8177
"14011",0.7593,0.7593,1,1.4473,0.8662,1.3332,1.2989,1.111,0.5762,0.4693,0,0.8177
"14012",0.7593,0.7593,1,1.4473,0.8662,1.3332,1.2989,1.111,0.8425,0.4693,0,0.8177
"14013",0.7593,0.7593,1,1.4473,0.8662,1.3332,1.2989,1.111,0.8425,0.4693,0,0.8177
"14020",0.7593,0.7593,1,1.4473,0.8662,1.0322,0.4297,1.7332,0.5762,0.5633,0,0.8177
"14024",0.7593,0.7593,1,1.4473,0.8662,0.7504,0.9474,1.2726,0.5762,0.4693,0,0.8177
"14025",0.7593,0.7593,1,1.4473,0.8662,1.0322,0.4297,1.7332,0.8425,0.8009,0,0.8177
"14026",0.7593,0.7593,1,1.4473,0.8662,1.3332,1.2989,1.111,0.8425,0.4693,0,0.8177
"14027",0.7593,0.7593,1,1.4473,0.8662,1.3332,1.2989,1.111,0.8425,0.8009,0,0.8177
"14028",0.7593,0.7593,1,1.4473,0.8662,1.3332,1.2989,1.111,1.8039,0.4693,0,0.8177
"14029",0.7593,0.7593,1,1.4473,0.8662,0.7504,0.9474,1.2726,0.5762,0.4693,0,0.8177
"14030",0.7593,0.7593,1,1.4473,0.8662,1.0322,0.4297,1.7332,0.8425,0.8009,0,0.8177
"14031",0.7593,0.7593,1,1.4473,0.8662,1.3332,1.2989,1.111,0.8425,0.4693,0,0.8177
"14032",0.7593,0.7593,1,1.4473,0.8662,1.3332,1.2989,1.111,0.8425,0.4693,0,0.8177
"14033",0.7593,0.7593,1,1.4473,0.8662,1.3332,1.2989,1.111,0.8425,0.8009,0,0.8177
"14034",0.7593,0.7593,1,1.4473,0.8662,1.0322,0.4297,1.7332,0.8425,0.4693,0,0.8177
"14036",0.7593,0.7593,1,1.4473,0.8662,1.3332,1.2989,1.111,0.8425,0.4693,0,0.8177
"14037",0.7593,0.7593,1,1.4473,0.8662,1.3332,1.2989,1.111,0.8425,0.4693,0,0.8177
"14039",0.7593,0.7593,1,1.4473,0.8662,1.0322,0.4297,1.7332,0.5762,0.4693,0,0.8177
"14040",0.7593,0.7593,1,1.4473,0.8662,1.3332,1.2989,1.111,0.5762,0.4693,0,0.8177
"14041",0.7593,0.7593,1,1.4473,0.8662,1.0322,0.4297,1.7332,0.8425,0.4693,0,0.8177
"14042",0.7593,0.7593,1,1.4473,0.8662,0.7504,0.9474,1.2726,0.8425,0.4693,0,0.8177
"14043",0.7593,0.7593,1,1.4473,0.8662,1.3332,1.2989,1.111,0.8425,0.8009,0,0.8177
"14047",0.7593,0.7593,1,1.4473,0.8662,1.3332,1.2989,1.111,0.8425,0.8009,0,0.8177
"14048",0.7593,0.7593,1,1.4473,0.8662,1.3332,1.2989,1.111,0.5762,0.4693,0,0.8177
"14051",0.7593,0.7593,1,1.4473,0.8662,1.3332,1.2989,1.111,1.8039,0.4693,0,0.8177
"14052",0.7593,0.7593,1,1.4473,0.8662,1.3332,1.2989,1.111,0.5762,0.8009,0,0.8177
"14054",0.7593,0.7593,1,1.4473,0.8662,1.0322,0.4297,1.7332,0.5762,0.5633,0,0.8177
"14055",0.7593,0.7593,1,1.4473,0.8662,1.3332,1.2989,1.111,0.8425,0.8009,0,0.8177
"14056",0.7593,0.7593,1,1.4473,0.8662,1.0322,0.4297,1.7332,0.5762,0.5633,0,0.8177
"14057",0.7593,0.7593,1,1.4473,0.8662,1.3332,1.2989,1.111,0.8425,0.8009,0,0.8177
"14058",0.7593,0.7593,1,1.4473,0.8662,1.0322,0.4297,1.7332,0.5762,0.5633,0,0.8177
"14059",0.7593,0.7593,1,1.4473,0.8662,1.3332,1.2989,1.111,0.8425,0.4693,0,0.8177
"14060",0.7593,0.7593,1,1.4473,0.8662,0.7504,0.9474,1.2726,0.8425,0.4693,0,0.8177
"14061",0.7593,0.7593,1,1.4473,0.8662,1.3332,1.2989,1.111,0.8425,0.8009,0,0.8177
"14062",0.7593,0.7593,1,1.4473,0.8662,1.3332,1.2989,1.111,0.5762,0.4693,0,0.8177
"14063",0.7593,0.7593,1,1.4473,0.8662,1.3332,1.2989,1.111,0.5762,0.4693,0,0.8177
"14065",0.7593,0.7593,1,1.4473,0.8662,0.7504,0.9474,1.2726,0.5762,0.4693,0,0.8177
"14066",0.7593,0.7593,1,1.4473,0.8662,0.7504,0.9474,1.2726,0.5762,0.4693,0,0.8177
"14067",0.7593,0.7593,1,1.4473,0.8662,1.3332,1.2989,1.111,1.8039,0.4693,0,0.8177
"14068",0.7593,0.7593,1,1.4473,0.8662,1.3332,1.2989,1.111,0.8425,0.4693,0,0.8177
"14069",0.7593,0.7593,1,1.4473,0.8662,1.3332,1.2989,1.111,0.8425,0.8009,0,0.8177
"14070",0.7593,0.7593,1,1.4473,0.8662,1.0322,0.4297,1.7332,0.8425,0.4693,0,0.8177
"14072",0.7593,0.7593,1,1.4473,0.8662,1.3332,1.2989,1.111,1.8039,0.8009,0,0.8177
"14075",0.7593,0.7593,1,1.4473,0.8662,1.3332,1.2989,1.111,0.8425,0.8009,0,0.8177
"14080",0.7593,0.7593,1,1.4473,0.8662,1.3332,1.2989,1.111,0.8425,0.8009,0,0.8177
"14081",0.7593,0.7593,1,1.4473,0.8662,1.3332,1.2989,1.111,0.8425,0.8009,0,0.8177
"14082",0.7593,0.7593,1,1.4473,0.8662,1.0322,0.4297,1.7332,0.5762,0.4693,0,0.8177
"14083",0.7593,0.7593,1,1.4473,0.8662,1.0322,0.4297,1.7332,0.5762,0.4693,0,0.8177
"14085",0.7593,0.7593,1,1.4473,0.8662,1.3332,1.2989,1.111,0.8425,0.8009,0,0.8177
"14086",0.7593,0.7593,1,1.4473,0.8662,1.3332,1.2989,1.111,0.8425,0.4693,0,0.8177
"14091",0.7593,0.7593,1,1.4473,0.8662,1.3332,1.2989,1.111,0.8425,0.8009,0,0.8177
"14092",0.7593,0.7593,1,1.4473,0.8662,1.3332,1.2989,1.111,1.8039,0.8009,0,0.8177
"14094",0.7593,0.7593,1,1.4473,0.8662,1.3332,1.2989,1.111,1.8039,0.8009,0,0.8177
"14098",0.7593,0.7593,1,1.4473,0.8662,1.3332,1.2989,1.111,0.5762,0.4693,0,0.8177
"14101",0.7593,0.7593,1,1.4473,0.8662,0.7504,0.9474,1.2726,0.8425,0.4693,0,0.8177
"14102",0.7593,0.7593,1,1.4473,0.8662,1.3332,1.2989,1.111,0.5762,0.4693,0,0.8177
"14103",0.7593,0.7593,1,1.4473,0.8662,1.3332,1.2989,1.111,0.5762,0.4693,0,0.8177
"14105",0.7593,0.7593,1,1.4473,0.8662,1.3332,1.2989,1.111,0.8425,0.4693,0,0.8177
"14107",0.7593,0.7593,1,1.4473,0.8662,1.3332,1.2989,1.111,1.8039,0.8009,0,0.8177
"14108",0.7593,0.7593,1,1.4473,0.8662,1.3332,1.2989,1.111,1.8039,0.4693,0,0.8177
"14111",0.7593,0.7593,1,1.4473,0.8662,1.3332,1.2989,1.111,0.8425,0.8009,0,0.8177
"14113",0.7593,0.7593,1,1.4473,0.8662,1.0322,0.4297,1.7332,0.5762,0.4693,0,0.8177
"14120",0.7593,0.7593,1,1.4473,0.8662,1.3332,1.2989,1.111,1.8039,0.8009,0,0.8177
"14125",0.7593,0.7593,1,1.4473,0.8662,1.0322,0.4297,1.7332,0.5762,0.5633,0,0.8177
"14126",0.7593,0.7593,1,1.4473,0.8662,1.3332,1.2989,1.111,1.8039,0.4693,0,0.8177
"14127",0.7593,0.7593,1,1.4473,0.8662,1.3332,1.2989,1.111,0.8425,0.8009,0,0.8177
"14129",0.7593,0.7593,1,1.4473,0.8662,1.3332,1.2989,1.111,0.5762,0.4693,0,0.8177
"14130",0.7593,0.7593,1,1.4473,0.8662,0.7504,0.9474,1.2726,0.5762,0.4693,0,0.8177
"14131",0.7593,0.7593,1,1.4473,0.8662,1.3332,1.2989,1.111,1.8039,0.8009,0,0.8177
"14132",0.7593,0.7593,1,1.4473,0.8662,1.3332,1.2989,1.111,1.8039,0.8009,0,0.8177
"14134",0.7593,0.7593,1,1.4473,0.8662,1.0322,0.4297,1.7332,0.8425,0.8009,0,0.8177
"14135",0.7593,0.7593,1,1.4473,0.8662,1.3332,1.2989,1.111,0.5762,0.4693,0,0.8177
"14136",0.7593,0.7593,1,1.4473,0.8662,1.3332,1.2989,1.111,0.5762,0.4693,0,0.8177
"14138",0.7593,0.7593,1,1.4473,0.8662,1.3332,1.2989,1.111,0.5762,0.4693,0,0.8177
"14139",0.7593,0.7593,1,1.4473,0.8662,1.0322,0.4297,1.7332,0.8425,0.8009,0,0.8177
"14141",0.7593,0.7593,1,1.4473,0.8662,1.0322,0.4297,1.7332,0.8425,0.8009,0,0.8177
"14143",0.7593,0.7593,1,1.4473,0.8662,1.0322,0.4297,1.7332,0.5762,0.5633,0,0.8177
"14145",0.7593,0.7593,1,1.4473,0.8662,1.0322,0.4297,1.7332,0.5762,0.4693,0,0.8177
"14150",0.7593,0.7593,1,1.4473,0.8662,1.3332,1.2989,1.111,1.8039,0.8009,0,0.8177
"14167",0.7593,0.7593,1,1.4473,0.8662,1.0322,0.4297,1.7332,0.5762,0.4693,0,0.8177
"14169",0.7593,0.7593,1,1.4473,0.8662,1.3332,1.2989,1.111,0.5762,0.8009,0,0.8177
"14170",0.7593,0.7593,1,1.4473,0.8662,1.0322,0.4297,1.7332,0.5762,0.8009,0,0.8177
"14171",0.7593,0.7593,1,1.4473,0.8662,0.7504,0.9474,1.2726,0.8425,0.4693,0,0.8177
"14172",0.7593,0.7593,1,1.4473,0.8662,1.3332,1.2989,1.111,1.8039,0.4693,0,0.8177
"14173",0.7593,0.7593,1,1.4473,0.8662,1.0322,0.4297,1.7332,0.8425,0.8009,0,0.8177
"14174",0.7593,0.7593,1,1.4473,0.8662,1.3332,1.2989,1.111,1.8039,0.8009,0,0.8177
"14201",1.2494,1.2494,1,1.4473,0.8662,1.3332,1.2989,1.111,1.8039,0.8009,0,0.8177
"14202",1.2494,1.2494,1,1.4473,0.8662,1.3332,1.2989,1.111,1.8039,0.8009,0,0.8177
"14203",1.2494,1.2494,1,1.4473,0.8662,1.3332,1.2989,1.111,0.8425,0.8009,0,0.8177
"14204",1.2494,1.2494,1,1.4473,0.8662,1.3332,1.2989,1.111,1.8039,0.8009,0,0.8177
"14206",0.7593,0.7593,1,1.4473,0.8662,1.3332,1.2989,1.111,0.8425,0.8009,0,0.8177
"14207",1.2494,1.2494,1,1.4473,0.8662,1.3332,1.2989,1.111,1.8039,0.8009,0,0.8177
"14208",1.2494,1.2494,1,1.4473,0.8662,1.3332,1.2989,1.111,1.8039,0.8009,0,0.8177
"14209",1.2494,1.2494,1,1.4473,0.8662,1.3332,1.2989,1.111,1.8039,0.8009,0,0.8177
"14210",1.2494,1.2494,1,1.4473,0.8662,1.3332,1.2989,1.111,0.8425,0.8009,0,0.8177
"14211",1.2494,1.2494,1,1.4473,0.8662,1.3332,1.2989,1.111,1.8039,0.8009,0,0.8177
"14212",1.2494,1.2494,1,1.4473,0.8662,1.3332,1.2989,1.111,1.8039,0.8009,0,0.8177
"14213",1.2494,1.2494,1,1.4473,0.8662,1.3332,1.2989,1.111,1.8039,0.8009,0,0.8177
"14214",1.2494,1.2494,1,1.4473,0.8662,1.3332,1.2989,1.111,1.8039,0.8009,0,0.8177
"14215",0.7593,0.7593,1,1.4473,0.8662,1.3332,1.2989,1.111,0.8425,0.8009,0,0.8177
"14216",1.2494,1.2494,1,1.4473,0.8662,1.3332,1.2989,1.111,1.8039,0.8009,0,0.8177
"14217",0.7593,0.7593,1,1.4473,0.8662,1.3332,1.2989,1.111,1.8039,0.8009,0,0.8177
"14218",0.7593,0.7593,1,1.4473,0.8662,1.3332,1.2989,1.111,0.8425,0.8009,0,0.8177
"14219",0.7593,0.7593,1,1.4473,0.8662,1.3332,1.2989,1.111,0.8425,0.8009,0,0.8177
"14220",1.2494,1.2494,1,1.4473,0.8662,1.3332,1.2989,1.111,0.8425,0.8009,0,0.8177
"14221",0.7593,0.7593,1,1.4473,0.8662,1.3332,1.2989,1.111,0.8425,0.4693,0,0.8177
"14222",1.2494,1.2494,1,1.4473,0.8662,1.3332,1.2989,1.111,1.8039,0.8009,0,0.8177
"14223",0.7593,0.7593,1,1.4473,0.8662,1.3332,1.2989,1.111,0.8425,0.8009,0,0.8177
"14224",0.7593,0.7593,1,1.4473,0.8662,1.3332,1.2989,1.111,0.8425,0.8009,0,0.8177
"14225",0.7593,0.7593,1,1.4473,0.8662,1.3332,1.2989,1.111,0.8425,0.8009,0,0.8177
"14226",0.7593,0.7593,1,1.4473,0.8662,1.3332,1.2989,1.111,0.8425,0.8009,0,0.8177
"14227",0.7593,0.7593,1,1.4473,0.8662,1.3332,1.2989,1.111,0.8425,0.8009,0,0.8177
"14228",0.7593,0.7593,1,1.4473,0.8662,1.3332,1.2989,1.111,1.8039,0.8009,0,0.8177
"14280",0.7593,0.7593,1,1.4473,0.8662,1.3332,1.2989,1.111,0.8425,0.8009,0,0.8177
"14301",0.7593,0.7593,1,1.4473,0.8662,1.3332,1.2989,1.111,1.8039,0.8009,0,0.8177
"14303",0.7593,0.7593,1,1.4473,0.8662,1.3332,1.2989,1.111,1.8039,0.8009,0,0.8177
"14304",0.7593,0.7593,1,1.4473,0.8662,1.3332,1.2989,1.111,1.8039,0.8009,0,0.8177
"14305",0.7593,0.7593,1,1.4473,0.8662,1.3332,1.2989,1.111,1.8039,0.8009,0,0.8177
"14411",0.7593,0.7593,1,1.4473,0.8662,1.3332,1.2989,1.111,0.5762,0.5633,0,0.8177
"14414",0.7593,0.7593,1,1.4473,0.8662,0.7504,0.9474,1.2726,0.5762,0.4693,0,0.8177
"14415",0.7593,0.7593,1,1.4473,0.8662,0.7504,0.9474,1.2726,0.5762,0.4693,0,0.8177
"14416",0.7593,0.7593,1,1.4473,0.8662,1.0322,0.4297,1.7332,0.5762,0.5633,0,0.8177
"14418",0.7593,0.7593,1,1.4473,0.8662,0.7504,0.9474,1.2726,0.5762,0.4693,0,0.8177
"14420",0.7593,0.7593,1,1.4473,0.8662,1.0322,0.4297,1.7332,0.8752,0.5633,0,0.8177
"14422",0.7593,0.7593,1,1.4473,0.8662,1.0322,0.4297,1.7332,0.5762,0.5633,0,0.8177
"14423",0.7593,0.7593,1,1.4473,0.8662,0.7504,0.9474,1.2726,0.8752,0.5633,0,0.8177
"14424",0.7593,0.7593,1,1.4473,1.0898,0.7504,0.9474,1.2726,0.5762,0.5633,0,0.8177
"14425",0.7593,0.7593,1,1.4473,0.8662,0.7504,0.9474,1.2726,0.8752,0.5633,0,0.8177
"14427",0.7593,0.7593,1,1.4473,0.8662,0.7504,0.9474,1.2726,0.5762,0.4693,0,0.8177
"14428",0.7593,0.7593,1,1.4473,0.8662,1.0322,0.4297,1.7332,0.8752,0.4693,0,0.8177
"14429",0.7593,0.7593,1,1.4473,0.8662,1.0322,0.4297,1.7332,0.5762,0.5633,0,0.8177
"14432",0.7593,0.7593,1,1.4473,0.8662,0.7504,0.9474,1.2726,0.5762,0.4693,0,0.8177
"14433",0.7593,0.7593,1,0.8187,0.8662,0.7504,0.9474,1.2726,0.5762,0.4693,0,0.8177
"14435",0.7593,0.7593,1,1.4473,0.8662,0.7504,0.9474,1.2726,0.5762,0.4693,0,0.8177
"14437",0.7593,0.7593,1,1.4473,0.8662,0.7504,0.9474,1.2726,0.5762,0.4693,0,0.8177
"14441",0.7593,0.7593,1,1.4473,0.8662,0.7504,0.9474,1.2726,0.5762,0.4693,0,0.8177
"14445",0.7593,0.7593,1,1.4473,0.8662,0.7504,0.9474,1.2726,0.8752,0.5633,0,0.8177
"14450",0.7593,0.7593,1,1.4473,0.8662,0.7504,0.9474,1.2726,0.8752,0.5633,0,0.8177
"14453",0.7593,0.7593,1,1.4473,0.8662,0.7504,0.9474,1.2726,0.5762,0.5633,0,0.8177
"14454",0.7593,0.7593,1,1.4473,0.8662,0.7504,0.9474,1.2726,0.5762,0.4693,0,0.8177
"14456",0.7593,0.7593,1,1.4473,0.8662,0.7504,0.9474,1.2726,0.5762,0.4693,0,0.8177
"14461",0.7593,0.7593,1,1.4473,1.0898,0.7504,0.9474,1.2726,0.5762,0.4693,0,0.8177
"14462",0.7593,0.7593,1,1.4473,0.8662,0.7504,0.9474,1.2726,0.5762,0.4693,0,0.8177
"14463",0.7593,0.7593,1,1.4473,0.8662,0.7504,0.9474,1.2726,0.5762,0.4693,0,0.8177
"14464",0.7593,0.7593,1,1.4473,0.8662,0.7504,0.9474,1.2726,0.8752,0.5633,0,0.8177
"14466",0.7593,0.7593,1,1.4473,0.8662,0.7504,0.9474,1.2726,0.5762,0.4693,0,0.8177
"14467",0.7593,0.7593,1,1.4473,0.8662,0.7504,0.9474,1.2726,0.8752,0.4693,0,0.8177
"14468",0.7593,0.7593,1,1.4473,0.8662,0.7504,0.9474,1.2726,1.8311,0.5633,0,0.8177
"14469",0.7593,0.7593,1,1.4473,1.0898,0.7504,0.9474,1.2726,0.8752,0.4693,0,0.8177
"14470",0.7593,0.7593,1,1.4473,0.8662,1.0322,0.4297,1.7332,0.5762,0.5633,0,0.8177
"14471",0.7593,0.7593,1,1.4473,1.0898,0.7504,0.9474,1.2726,0.5762,0.4693,0,0.8177
"14472",0.7593,0.7593,1,1.4473,0.8662,0.7504,0.9474,1.2726,0.8752,0.4693,0,0.8177
"14475",0.7593,0.7593,1,1.4473,0.8662,0.7504,0.9474,1.2726,0.5762,0.4693,0,0.8177
"14476",0.7593,0.7593,1,1.4473,0.8662,1.0322,0.4297,1.7332,0.5762,0.5633,0,0.8177
"14477",0.7593,0.7593,1,1.4473,0.8662,1.3332,1.2989,1.111,0.5762,0.5633,0,0.8177
"14478",0.7593,0.7593,1,1.4473,0.8662,0.7504,0.9474,1.2726,0.5762,0.4693,0,0.8177
"14479",0.7593,0.7593,1,1.4473,0.8662,1.3332,1.2989,1.111,0.5762,0.4693,0,0.8177
"14480",0.7593,0.7593,1,1.4473,0.8662,0.7504,0.9474,1.2726,0.5762,0.4693,0,0.8177
"14481",0.7593,0.7593,1,1.4473,0.8662,0.7504,0.9474,1.2726,0.8752,0.4693,0,0.8177
"14482",0.7593,0.7593,1,1.4473,0.8662,1.0322,0.4297,1.7332,0.8752,0.4693,0,0.8177
"14485",0.7593,0.7593,1,1.4473,1.0898,0.7504,0.9474,1.2726,0.5762,0.4693,0,0.8177
"14486",0.7593,0.7593,1,1.4473,0.8662,0.7504,0.9474,1.2726,0.8752,0.4693,0,0.8177
"14487",0.7593,0.7593,1,1.4473,0.8662,0.7504,0.9474,1.2726,0.5762,0.4693,0,0.8177
"14489",0.7593,0.7593,1,0.8187,0.8662,0.7504,0.9474,1.2726,0.5762,0.4693,0,0.8177
"14502",0.7593,0.7593,1,1.4473,0.8662,0.7504,0.9474,1.2726,0.8752,0.5633,0,0.8177
"14504",0.7593,0.7593,1,1.4473,0.8662,0.7504,0.9474,1.2726,0.5762,0.5633,0,0.8177
"14505",0.7593,0.7593,1,1.4473,0.8662,0.7504,0.9474,1.2726,0.8752,0.4693,0,0.8177
"14506",0.7593,0.7593,1,1.4473,0.8662,0.7504,0.9474,1.2726,0.5762,0.5633,0,0.8177
"14507",0.7593,0.7593,1,1.4473,0.8662,0.7504,0.9474,1.2726,0.5762,0.4693,0,0.8177
"14510",0.7593,0.7593,1,1.4473,0.8662,0.7504,0.9474,1.2726,0.5762,0.4693,0,0.8177
"14511",0.7593,0.7593,1,1.4473,0.8662,1.0322,0.4297,1.7332,0.8752,0.4693,0,0.8177
"14512",0.7593,0.7593,1,1.4473,1.0898,0.7504,0.9474,1.2726,0.5762,0.4693,0,0.8177
"14513",0.7593,0.7593,1,1.4473,0.8662,0.7504,0.9474,1.2726,0.5762,0.4693,0,0.8177
"14514",0.7593,0.7593,1,1.4473,0.8662,0.7504,0.9474,1.2726,0.8752,0.4693,0,0.8177
"14516",0.7593,0.7593,1,0.8187,0.8662,0.7504,0.9474,1.2726,0.5762,0.4693,0,0.8177
"14517",0.7593,0.7593,1,1.4473,0.8662,0.7504,0.9474,1.2726,0.5762,0.4693,0,0.8177
"14518",0.7593,0.7593,1,0.8187,0.8662,0.7504,0.9474,1.2726,0.5762,0.4693,0,0.8177
"14519",0.7593,0.7593,1,1.4473,0.8662,0.7504,0.9474,1.2726,1.8311,0.5633,0,0.8177
"14521",0.7593,0.7593,1,1.4473,0.8662,0.7504,0.9474,1.2726,0.5762,0.4693,0,0.8177
"14522",0.7593,0.7593,1,1.4473,0.8662,0.7504,0.9474,1.2726,0.8752,0.4693,0,0.8177
"14525",0.7593,0.7593,1,1.4473,0.8662,1.0322,0.4297,1.7332,0.8752,0.4693,0,0.8177
"14526",0.7593,0.7593,1,1.4473,0.8662,0.7504,0.9474,1.2726,1.8311,0.5633,0,0.8177
"14527",0.7593,0.7593,1,1.4473,0.8662,0.7504,0.9474,1.2726,0.5762,0.4693,0,0.8177
"14529",0.7593,0.7593,1,1.4473,0.8662,0.7504,0.9474,1.2726,0.5762,0.4693,0,0.8177
"14530",0.7593,0.7593,1,1.4473,0.8662,0.7504,0.9474,1.2726,0.5762,0.4693,0,0.8177
"14532",0.7593,0.7593,1,0.8187,0.8662,0.7504,0.9474,1.2726,0.5762,0.4693,0,0.8177
"14533",0.7593,0.7593,1,1.4473,0.8662,0.7504,0.9474,1.2726,0.8752,0.4693,0,0.8177
"14534",0.7593,0.7593,1,1.4473,0.8662,0.7504,0.9474,1.2726,0.8752,0.4693,0,0.8177
"14536",0.7593,0.7593,1,1.4473,0.8662,0.7504,0.9474,1.2726,0.5762,0.4693,0,0.8177
"14539",0.7593,0.7593,1,1.4473,0.8662,0.7504,0.9474,1.2726,0.8752,0.4693,0,0.8177
"14541",0.7593,0.7593,1,1.4473,0.8662,0.7504,0.9474,1.2726,0.5762,0.4693,0,0.8177
"14542",0.7593,0.7593,1,0.8187,0.8662,0.7504,0.9474,1.2726,0.5762,0.4693,0,0.8177
"14543",0.7593,0.7593,1,1.4473,0.8662,0.7504,0.9474,1.2726,0.8752,0.4693,0,0.8177
"14544",0.7593,0.7593,1,1.4473,1.0898,0.7504,0.9474,1.2726,0.5762,0.4693,0,0.8177
"14545",0.7593,0.7593,1,1.4473,0.8662,0.7504,0.9474,1.2726,0.5762,0.4693,0,0.8177
"14546",0.7593,0.7593,1,1.4473,0.8662,0.7504,0.9474,1.2726,0.8752,0.5633,0,0.8177
"14547",0.7593,0.7593,1,1.4473,1.0898,0.7504,0.9474,1.2726,0.5762,0.4693,0,0.8177
"14548",0.7593,0.7593,1,1.4473,0.8662,0.7504,0.9474,1.2726,0.5762,0.5633,0,0.8177
"14549",0.7593,0.7593,1,1.4473,0.8662,0.7504,0.9474,1.2726,0.5762,0.4693,0,0.8177
"14550",0.7593,0.7593,1,1.4473,0.8662,0.7504,0.9474,1.2726,0.5762,0.4693,0,0.8177
"14551",0.7593,0.7593,1,1.4473,0.8662,0.7504,0.9474,1.2726,0.5762,0.4693,0,0.8177
"14555",0.7593,0.7593,1,0.8187,0.8662,0.7504,0.9474,1.2726,0.5762,0.4693,0,0.8177
"14559",0.7593,0.7593,1,1.4473,0.8662,1.0322,0.4297,1.7332,1.8311,0.5633,0,0.8177
"14560",0.7593,0.7593,1,1.4473,1.0898,0.7504,0.9474,1.2726,0.5762,0.4693,0,0.8177
"14561",0.7593,0.7593,1,1.4473,1.0898,0.7504,0.9474,1.2726,0.5762,0.4693,0,0.8177
"14564",0.7593,0.7593,1,1.4473,0.8662,0.7504,0.9474,1.2726,0.5762,0.5633,0,0.8177
"14568",0.7593,0.7593,1,1.4473,0.8662,0.7504,0.9474,1.2726,0.8752,0.4693,0,0.8177
"14569",0.7593,0.7593,1,1.4473,0.8662,1.0322,0.4297,1.7332,0.5762,0.4693,0,0.8177
"14571",0.7593,0.7593,1,1.4473,0.8662,1.3332,1.2989,1.111,0.5762,0.4693,0,0.8177
"14572",0.7593,0.7593,1,1.4473,1.0898,0.7504,0.9474,1.2726,0.5762,0.4693,0,0.8177
"14580",0.7593,0.7593,1,1.4473,0.8662,0.7504,0.9474,1.2726,1.8311,0.5633,0,0.8177
"14585",0.7593,0.7593,1,1.4473,1.0898,0.7504,0.9474,1.2726,0.5762,0.4693,0,0.8177
"14586",0.7593,0.7593,1,1.4473,0.8662,0.7504,0.9474,1.2726,0.8752,0.4693,0,0.8177
"14588",0.7593,0.7593,1,1.4473,0.8662,0.7504,0.9474,1.2726,0.5762,0.4693,0,0.8177
"14589",0.7593,0.7593,1,1.4473,0.8662,0.7504,0.9474,1.2726,0.8752,0.4693,0,0.8177
"14590",0.7593,0.7593,1,0.8187,0.8662,0.7504,0.9474,1.2726,0.5762,0.4693,0,1.4362
"14591",0.7593,0.7593,1,1.4473,0.8662,1.0322,0.4297,1.7332,0.5762,0.4693,0,0.8177
"14592",0.7593,0.7593,1,1.4473,0.8662,0.7504,0.9474,1.2726,0.8752,0.4693,0,0.8177
"14603",0.7593,0.7593,1,1.4473,0.8662,0.7504,0.9474,1.2726,1.8311,0.5633,0,0.8177
"14604",0.7593,0.7593,1,1.4473,0.8662,0.7504,0.9474,1.2726,1.8311,0.5633,0,0.8177
"14605",0.7593,0.7593,1,1.4473,0.8662,0.7504,0.9474,1.2726,1.8311,0.5633,0,0.8177
"14606",0.7593,0.7593,1,1.4473,0.8662,0.7504,0.9474,1.2726,1.8311,0.5633,0,0.8177
"14607",0.7593,0.7593,1,1.4473,0.8662,0.7504,0.9474,1.2726,1.8311,0.5633,0,0.8177
"14608",0.7593,0.7593,1,1.4473,0.8662,0.7504,0.9474,1.2726,1.8311,0.5633,0,0.8177
"14609",0.7593,0.7593,1,1.4473,0.8662,0.7504,0.9474,1.2726,1.8311,0.5633,0,0.8177
"14610",0.7593,0.7593,1,1.4473,0.8662,0.7504,0.9474,1.2726,1.8311,0.5633,0,0.8177
"14611",0.7593,0.7593,1,1.4473,0.8662,0.7504,0.9474,1.2726,1.8311,0.5633,0,0.8177
"14612",0.7593,0.7593,1,1.4473,0.8662,0.7504,0.9474,1.2726,1.8311,0.5633,0,0.8177
"14613",0.7593,0.7593,1,1.4473,0.8662,0.7504,0.9474,1.2726,1.8311,0.5633,0,0.8177
"14614",0.7593,0.7593,1,1.4473,0.8662,0.7504,0.9474,1.2726,1.8311,0.5633,0,0.8177
"14615",0.7593,0.7593,1,1.4473,0.8662,0.7504,0.9474,1.2726,1.8311,0.5633,0,0.8177
"14616",0.7593,0.7593,1,1.4473,0.8662,0.7504,0.9474,1.2726,1.8311,0.5633,0,0.8177
"14617",0.7593,0.7593,1,1.4473,0.8662,0.7504,0.9474,1.2726,1.8311,0.5633,0,0.8177
"14618",0.7593,0.7593,1,1.4473,0.8662,0.7504,0.9474,1.2726,0.8752,0.5633,0,0.8177
"14619",0.7593,0.7593,1,1.4473,0.8662,0.7504,0.9474,1.2726,1.8311,0.5633,0,0.8177
"14620",0.7593,0.7593,1,1.4473,0.8662,0.7504,0.9474,1.2726,1.8311,0.5633,0,0.8177
"14621",0.7593,0.7593,1,1.4473,0.8662,0.7504,0.9474,1.2726,1.8311,0.5633,0,0.8177
"14622",0.7593,0.7593,1,1.4473,0.8662,0.7504,0.9474,1.2726,1.8311,0.5633,0,0.8177
"14623",0.7593,0.7593,1,1.4473,0.8662,0.7504,0.9474,1.2726,0.8752,0.5633,0,0.8177
"14624",0.7593,0.7593,1,1.4473,0.8662,0.7504,0.9474,1.2726,1.8311,0.5633,0,0.8177
"14625",0.7593,0.7593,1,1.4473,0.8662,0.7504,0.9474,1.2726,1.8311,0.5633,0,0.8177
"14626",0.7593,0.7593,1,1.4473,0.8662,0.7504,0.9474,1.2726,1.8311,0.5633,0,0.8177
"14701",0.7593,0.7593,1,1.4473,0.8662,0.7504,0.9474,1.2726,0.5762,0.4693,0,0.8177
"14706",0.7593,0.7593,1,1.4473,0.8662,0.7504,0.9474,1.2726,0.5762,0.4693,0,0.8177
"14707",0.7593,0.7593,1,1.4473,0.8662,0.7504,0.9474,1.2726,0.5762,0.4693,0,0.8177
"14708",0.7593,0.7593,1,1.4473,0.8662,0.7504,0.9474,1.2726,0.5762,0.4693,0,0.8177
"14709",0.7593,0.7593,1,1.4473,0.8662,0.7504,0.9474,1.2726,0.5762,0.4693,0,0.8177
"14710",0.7593,0.7593,1,1.4473,0.8662,0.7504,0.9474,1.2726,0.5762,0.4693,0,0.8177
"14711",0.7593,0.7593,1,1.4473,0.8662,0.7504,0.9474,1.2726,0.5762,0.4693,0,0.8177
"14712",0.7593,0.7593,1,1.4473,0.8662,0.7504,0.9474,1.2726,0.5762,0.4693,0,0.8177
"14714",0.7593,0.7593,1,1.4473,0.8662,0.7504,0.9474,1.2726,0.5762,0.4693,0,0.8177
"14715",0.7593,0.7593,1,1.4473,0.8662,0.7504,0.9474,1.2726,0.5762,0.4693,0,0.8177
"14716",0.7593,0.7593,1,1.4473,0.8662,1.3332,1.2989,1.111,0.5762,0.4693,0,0.8177
"14717",0.7593,0.7593,1,1.4473,0.8662,0.7504,0.9474,1.2726,0.5762,0.4693,0,0.8177
"14718",0.7593,0.7593,1,1.4473,0.8662,1.3332,1.2989,1.111,0.5762,0.4693,0,0.8177
"14719",0.7593,0.7593,1,1.4473,0.8662,0.7504,0.9474,1.2726,0.5762,0.4693,0,0.8177
"14720",0.7593,0.7593,1,1.4473,0.8662,0.7504,0.9474,1.2726,0.5762,0.4693,0,0.8177
"14721",0.7593,0.7593,1,1.4473,0.8662,0.7504,0.9474,1.2726,0.5762,0.4693,0,0.8177
"14722",0.7593,0.7593,1,1.4473,0.8662,0.7504,0.9474,1.2726,0.5762,0.4693,0,0.8177
"14723",0.7593,0.7593,1,1.4473,0.8662,1.3332,1.2989,1.111,0.5762,0.4693,0,0.8177
"14724",0.7593,0.7593,1,1.4473,0.8662,0.7504,0.9474,1.2726,0.5762,0.4693,0,0.8177
"14726",0.7593,0.7593,1,1.4473,0.8662,0.7504,0.9474,1.2726,0.5762,0.4693,0,0.8177
"14727",0.7593,0.7593,1,1.4473,0.8662,0.7504,0.9474,1.2726,0.5762,0.4693,0,0.8177
"14728",0.7593,0.7593,1,1.4473,0.8662,0.7504,0.9474,1.2726,0.5762,0.4693,0,0.8177
"14729",0.7593,0.7593,1,1.4473,0.8662,0.7504,0.9474,1.2726,0.8425,0.4693,0,0.8177
"14731",0.7593,0.7593,1,1.4473,0.8662,0.7504,0.9474,1.2726,0.8425,0.4693,0,0.8177
"14732",0.7593,0.7593,1,1.4473,0.8662,0.7504,0.9474,1.2726,0.5762,0.4693,0,0.8177
"14733",0.7593,0.7593,1,1.4473,0.8662,0.7504,0.9474,1.2726,0.5762,0.4693,0,0.8177
"14735",0.7593,0.7593,1,1.4473,0.8662,0.7504,0.9474,1.2726,0.5762,0.4693,0,0.8177
"14736",0.7593,0.7593,1,1.4473,0.8662,0.7504,0.9474,1.2726,0.5762,0.4693,0,0.8177
"14737",0.7593,0.7593,1,1.4473,0.8662,0.7504,0.9474,1.2726,0.8425,0.4693,0,0.8177
"14738",0.7593,0.7593,1,1.4473,0.8662,0.7504,0.9474,1.2726,0.5762,0.4693,0,0.8177
"14739",0.7593,0.7593,1,1.4473,0.8662,0.7504,0.9474,1.2726,0.5762,0.4693,0,0.8177
"14740",0.7593,0.7593,1,1.4473,0.8662,0.7504,0.9474,1.2726,0.5762,0.4693,0,0.8177
"14741",0.7593,0.7593,1,1.4473,0.8662,0.7504,0.9474,1.2726,0.8425,0.4693,0,0.8177
"14742",0.7593,0.7593,1,1.4473,0.8662,0.7504,0.9474,1.2726,0.5762,0.4693,0,0.8177
"14743",0.7593,0.7593,1,1.4473,0.8662,0.7504,0.9474,1.2726,0.5762,0.4693,0,0.8177
"14744",0.7593,0.7593,1,1.4473,0.8662,0.7504,0.9474,1.2726,0.5762,0.4693,0,0.8177
"14747",0.7593,0.7593,1,1.4473,0.8662,0.7504,0.9474,1.2726,0.5762,0.4693,0,0.8177
"14748",0.7593,0.7593,1,1.4473,0.8662,0.7504,0.9474,1.2726,0.5762,0.4693,0,0.8177
"14750",0.7593,0.7593,1,1.4473,0.8662,0.7504,0.9474,1.2726,0.5762,0.4693,0,0.8177
"14752",0.7593,0.7593,1,1.4473,0.8662,1.3332,1.2989,1.111,0.5762,0.4693,0,0.8177
"14753",0.7593,0.7593,1,1.4473,0.8662,0.7504,0.9474,1.2726,0.5762,0.4693,0,0.8177
"14754",0.7593,0.7593,1,1.4473,0.8662,0.7504,0.9474,1.2726,0.5762,0.4693,0,0.8177
"14755",0.7593,0.7593,1,1.4473,0.8662,0.7504,0.9474,1.2726,0.5762,0.4693,0,0.8177
"14757",0.7593,0.7593,1,1.4473,0.8662,0.7504,0.9474,1.2726,0.5762,0.4693,0,0.8177
"14760",0.7593,0.7593,1,1.4473,0.8662,0.7504,0.9474,1.2726,0.5762,0.4693,0,0.8177
"14766",0.7593,0.7593,1,1.4473,0.8662,0.7504,0.9474,1.2726,0.8425,0.4693,0,0.8177
"14767",0.7593,0.7593,1,1.4473,0.8662,0.7504,0.9474,1.2726,0.5762,0.4693,0,0.8177
"14769",0.7593,0.7593,1,1.4473,0.8662,1.3332,1.2989,1.111,0.5762,0.4693,0,0.8177
"14770",0.7593,0.7593,1,1.4473,0.8662,0.7504,0.9474,1.2726,0.5762,0.4693,0,0.8177
"14772",0.7593,0.7593,1,1.4473,0.8662,0.7504,0.9474,1.2726,0.5762,0.4693,0,0.8177
"14774",0.7593,0.7593,1,1.4473,0.8662,0.7504,0.9474,1.2726,0.5762,0.4693,0,0.8177
"14775",0.7593,0.7593,1,1.4473,0.8662,0.7504,0.9474,1.2726,0.5762,0.4693,0,0.8177
"14777",0.7593,0.7593,1,1.4473,0.8662,0.7504,0.9474,1.2726,0.5762,0.4693,0,0.8177
"14779",0.7593,0.7593,1,1.4473,0.8662,0.7504,0.9474,1.2726,0.5762,0.4693,0,0.8177
"14781",0.7593,0.7593,1,1.4473,0.8662,0.7504,0.9474,1.2726,0.5762,0.4693,0,0.8177
"14782",0.7593,0.7593,1,1.4473,0.8662,0.7504,0.9474,1.2726,0.5762,0.4693,0,0.8177
"14783",0.7593,0.7593,1,1.4473,0.8662,0.7504,0.9474,1.2726,0.5762,0.4693,0,0.8177
"14784",0.7593,0.7593,1,1.4473,0.8662,1.3332,1.2989,1.111,0.5762,0.4693,0,0.8177
"14785",0.7593,0.7593,1,1.4473,0.8662,0.7504,0.9474,1.2726,0.5762,0.4693,0,0.8177
"14786",0.7593,0.7593,1,1.4473,0.8662,0.7504,0.9474,1.2726,0.5762,0.4693,0,0.8177
"14787",0.7593,0.7593,1,1.4473,0.8662,1.3332,1.2989,1.111,0.5762,0.4693,0,0.8177
"14788",0.7593,0.7593,1,1.4473,0.8662,0.7504,0.9474,1.2726,0.5762,0.4693,0,0.8177
"14801",0.7593,0.7593,1,1.4473,1.0898,0.7504,0.9474,1.2726,0.5762,0.4693,0,0.8177
"14802",0.7593,0.7593,1,1.4473,0.8662,0.7504,0.9474,1.2726,0.5762,0.4693,0,0.8177
"14803",0.7593,0.7593,1,1.4473,0.8662,0.7504,0.9474,1.2726,0.5762,0.4693,0,0.8177
"14804",0.7593,0.7593,1,1.4473,0.8662,0.7504,0.9474,1.2726,0.5762,0.4693,0,0.8177
"14805",0.8662,0.8662,1,1.4473,1.0898,0.7504,0.9474,1.2726,0.5762,0.4693,0,0.8177
"14806",0.7593,0.7593,1,1.4473,0.8662,0.7504,0.9474,1.2726,0.5762,0.4693,0,0.8177
"14807",0.7593,0.7593,1,1.4473,0.8662,0.7504,0.9474,1.2726,0.5762,0.4693,0,0.8177
"14808",0.7593,0.7593,1,1.4473,1.0898,0.7504,0.9474,1.2726,0.5762,0.4693,0,0.8177
"14809",0.7593,0.7593,1,1.4473,0.8662,0.7504,0.9474,1.2726,0.5762,0.4693,0,0.8177
"14810",0.7593,0.7593,1,1.4473,1.0898,0.7504,0.9474,1.2726,0.5762,0.4693,0,0.8177
"14812",0.7593,0.7593,1,1.4473,1.0898,0.7504,0.9474,1.2726,0.5762,0.4693,0,0.8177
"14813",0.7593,0.7593,1,1.4473,0.8662,0.7504,0.9474,1.2726,0.5762,0.4693,0,0.8177
"14814",0.8662,0.8662,1,1.4473,1.0898,0.7504,0.9474,1.2726,0.5762,0.4693,0,0.8177
"14815",0.7593,0.7593,1,1.4473,1.0898,0.7504,0.9474,1.2726,0.5762,0.4693,0,0.8177
"14816",0.8662,0.8662,1,1.4473,1.0898,0.7504,0.9474,1.2726,0.5762,0.4693,0,0.8177
"14817",0.7593,0.7593,1,1.4473,1.0898,0.7504,0.9474,1.2726,0.5762,0.4693,0,0.8177
"14818",0.7593,0.7593,1,1.4473,1.0898,0.7504,0.9474,1.2726,0.5762,0.4693,0,0.8177
"14819",0.7593,0.7593,1,1.4473,1.0898,0.7504,0.9474,1.2726,0.5762,0.4693,0,0.8177
"14820",0.7593,0.7593,1,1.4473,1.0898,0.7504,0.9474,1.2726,0.5762,0.4693,0,0.8177
"14821",0.7593,0.7593,1,1.4473,1.0898,0.7504,0.9474,1.2726,0.5762,0.4693,0,0.8177
"14822",0.7593,0.7593,1,1.4473,0.8662,0.7504,0.9474,1.2726,0.5762,0.4693,0,0.8177
"14823",0.7593,0.7593,1,1.4473,0.8662,0.7504,0.9474,1.2726,0.5762,0.4693,0,0.8177
"14824",0.8662,0.8662,1,1.4473,1.0898,0.7504,0.9474,1.2726,0.5762,0.4693,0,0.8177
"14825",0.7593,0.7593,1,1.4473,1.0898,0.7504,0.9474,1.2726,0.5762,0.4693,0,0.8177
"14826",0.7593,0.7593,1,1.4473,1.0898,0.7504,0.9474,1.2726,0.5762,0.4693,0,0.8177
"14830",0.8662,0.8662,1,1.4473,1.0898,0.7504,0.9474,1.2726,0.5762,0.4693,0,0.8177
"14836",0.7593,0.7593,1,1.4473,0.8662,0.7504,0.9474,1.2726,0.5762,0.4693,0,0.8177
"14837",0.7593,0.7593,1,1.4473,0.8662,0.7504,0.9474,1.2726,0.5762,0.4693,0,0.8177
"14838",0.8662,0.8662,1,1.4473,1.0898,0.7504,0.9474,1.2726,0.5762,0.4693,0,0.8177
"14839",0.7593,0.7593,1,1.4473,0.8662,0.7504,0.9474,1.2726,0.5762,0.4693,0,0.8177
"14840",0.7593,0.7593,1,1.4473,1.0898,0.7504,0.9474,1.2726,0.5762,0.4693,0,0.8177
"14841",0.7593,0.7593,1,1.4473,0.8662,0.7504,0.9474,1.2726,0.5762,0.4693,0,0.8177
"14842",0.7593,0.7593,1,1.4473,0.8662,0.7504,0.9474,1.2726,0.5762,0.4693,0,0.8177
"14843",0.7593,0.7593,1,1.4473,0.8662,0.7504,0.9474,1.2726,0.5762,0.4693,0,0.8177
"14845",0.8662,0.8662,1,1.4473,1.0898,0.7504,0.9474,1.2726,0.5762,0.4693,0,0.8177
"14846",0.7593,0.7593,1,1.4473,0.8662,0.7504,0.9474,1.2726,0.5762,0.4693,0,0.8177
"14847",0.7593,0.7593,1,1.4473,0.8662,0.7504,0.9474,1.2726,0.5762,0.4693,0,0.8177
"14850",0.8662,0.8662,1,1.4473,1.0898,0.7504,0.9474,1.2726,0.5762,0.4693,0,0.8177
"14853",0.8662,0.8662,1,1.4473,1.0898,0.7504,0.9474,1.2726,0.5762,0.4693,0,0.8177
"14855",0.7593,0.7593,1,1.4473,1.0898,0.7504,0.9474,1.2726,0.5762,0.4693,0,0.8177
"14858",0.7593,0.7593,1,1.4473,1.0898,0.7504,0.9474,1.2726,0.5762,0.4693,0,0.8177
"14859",0.7593,0.7593,1,1.4473,1.0898,0.7504,0.9474,1.2726,0.5762,0.4693,0,0.8177
"14860",0.7593,0.7593,1,1.4473,0.8662,0.7504,0.9474,1.2726,0.5762,0.4693,0,0.8177
"14861",0.7593,0.7593,1,1.4473,1.0898,0.7504,0.9474,1.2726,0.5762,0.4693,0,0.8177
"14864",0.7593,0.7593,1,1.4473,1.0898,0.7504,0.9474,1.2726,0.5762,0.4693,0,0.8177
"14865",0.8662,0.8662,1,1.4473,1.0898,0.7504,0.9474,1.2726,0.5762,0.4693,0,0.8177
"14867",0.8662,0.8662,1,1.4473,1.0898,0.7504,0.9474,1.2726,0.5762,0.4693,0,0.8177
"14869",0.7593,0.7593,1,1.4473,1.0898,0.7504,0.9474,1.2726,0.5762,0.4693,0,0.8177
"14870",0.7593,0.7593,1,1.4473,1.0898,0.7504,0.9474,1.2726,0.5762,0.4693,0,0.8177
"14871",0.7593,0.7593,1,1.4473,1.0898,0.7504,0.9474,1.2726,0.5762,0.4693,0,0.8177
"14872",0.7593,0.7593,1,1.4473,1.0898,0.7504,0.9474,1.2726,0.5762,0.4693,0,0.8177
"14873",0.7593,0.7593,1,1.4473,1.0898,0.7504,0.9474,1.2726,0.5762,0.4693,0,0.8177
"14874",0.7593,0.7593,1,1.4473,0.8662,0.7504,0.9474,1.2726,0.5762,0.4693,0,0.8177
"14877",0.7593,0.7593,1,1.4473,0.8662,0.7504,0.9474,1.2726,0.5762,0.4693,0,0.8177
"14878",0.7593,0.7593,1,1.4473,0.8662,0.7504,0.9474,1.2726,0.5762,0.4693,0,0.8177
"14879",0.7593,0.7593,1,1.4473,1.0898,0.7504,0.9474,1.2726,0.5762,0.4693,0,0.8177
"14880",0.7593,0.7593,1,1.4473,0.8662,0.7504,0.9474,1.2726,0.5762,0.4693,0,0.8177
"14881",0.7593,0.7593,1,1.4473,1.0898,0.7504,0.9474,1.2726,0.5762,0.4693,0,0.8177
"14882",0.8662,0.8662,1,1.4473,1.0898,0.7504,0.9474,1.2726,0.5762,0.4693,0,0.9276
"14883",0.8662,0.8662,1,1.4473,1.0898,0.7504,0.9474,1.2726,0.5762,0.4693,0,0.8177
"14884",0.7593,0.7593,1,1.4473,0.8662,0.7504,0.9474,1.2726,0.5762,0.4693,0,0.8177
"14885",0.7593,0.7593,1,1.4473,0.8662,0.7504,0.9474,1.2726,0.5762,0.4693,0,0.8177
"14886",0.8662,0.8662,1,1.4473,1.0898,0.7504,0.9474,1.2726,0.5762,0.4693,0,0.8177
"14887",0.7593,0.7593,1,1.4473,0.8662,0.7504,0.9474,1.2726,0.5762,0.4693,0,0.8177
"14889",0.8662,0.8662,1,1.4473,1.0898,0.7504,0.9474,1.2726,0.5762,0.4693,0,0.8177
"14891",0.7593,0.7593,1,1.4473,1.0898,0.7504,0.9474,1.2726,0.5762,0.4693,0,0.8177
"14892",0.7593,0.7593,1,1.4473,1.0898,0.7504,0.9474,1.2726,0.5762,0.4693,0,0.8177
"14893",0.7593,0.7593,1,1.4473,1.0898,0.7504,0.9474,1.2726,0.5762,0.4693,0,0.8177
"14894",0.7593,0.7593,1,1.4473,1.0898,0.7504,0.9474,1.2726,0.5762,0.4693,0,0.8177
"14895",0.7593,0.7593,1,1.4473,0.8662,0.7504,0.9474,1.2726,0.5762,0.4693,0,0.8177
"14897",0.7593,0.7593,1,1.4473,0.8662,0.7504,0.9474,1.2726,0.5762,0.4693,0,0.8177
"14898",0.7593,0.7593,1,1.4473,1.0898,0.7504,0.9474,1.2726,0.5762,0.4693,0,0.8177
"14901",0.7593,0.7593,1,1.4473,1.0898,0.7504,0.9474,1.2726,0.5762,0.4693,0,0.8177
"14903",0.7593,0.7593,1,1.4473,1.0898,0.7504,0.9474,1.2726,0.5762,0.4693,0,0.8177
"14904",0.7593,0.7593,1,1.4473,1.0898,0.7504,0.9474,1.2726,0.5762,0.4693,0,0.8177
"14905",0.7593,0.7593,1,1.4473,1.0898,0.7504,0.9474,1.2726,0.5762,0.4693,0,0.8177
"14925",0.7593,0.7593,1,1.4473,1.0898,0.7504,0.9474,1.2726,0.5762,0.4693,0,0.8177
