"","zip","fire1","fire2","brush_fire","water_weather","water_nonweather","wind","hail","lightning","theft","liability","hurricane","other"
"1","06390",1.0958,1.0958,1,0.8544,0.6029,0.6257,0.4267,0.4821,1.7614,1.5827,4.3834,0.394
"2","10001",1.0958,1.0958,1,0.8544,0.6029,0.6257,0.4267,0.4821,1.7614,1.5827,4.3834,0.394
"3","10002",1.0958,1.0958,1,0.8544,0.6029,0.6257,0.4267,0.4821,1.7614,1.5827,4.3834,0.394
"4","10003",1.0958,1.0958,1,0.8544,0.6029,0.6257,0.4267,0.4821,1.7614,1.5827,4.3834,0.394
"5","10004",1.0958,1.0958,1,0.8544,0.6029,0.6257,0.4267,0.4821,1.7614,1.5827,4.3834,0.394
"6","10005",1.0958,1.0958,1,0.8544,0.6029,0.6257,0.4267,0.4821,1.7614,1.5827,4.3834,0.394
"7","10006",1.0958,1.0958,1,0.8544,0.6029,0.6257,0.4267,0.4821,1.7614,1.5827,4.3834,0.394
"8","10007",1.0958,1.0958,1,0.8544,0.6029,0.6257,0.4267,0.4821,1.7614,1.5827,4.3834,0.394
"9","10009",1.0958,1.0958,1,0.8544,0.6029,0.6257,0.4267,0.4821,1.7614,1.5827,4.3834,0.394
"10","10010",1.0958,1.0958,1,0.8544,0.6029,0.6257,0.4267,0.4821,1.7614,1.5827,4.3834,0.394
"11","10011",1.0958,1.0958,1,0.8544,0.6029,0.6257,0.4267,0.4821,1.7614,1.5827,4.3834,0.394
"12","10012",1.0958,1.0958,1,0.8544,0.6029,0.6257,0.4267,0.4821,1.7614,1.5827,4.3834,0.394
"13","10013",1.0958,1.0958,1,0.8544,0.6029,0.6257,0.4267,0.4821,1.7614,1.5827,4.3834,0.394
"14","10014",1.0958,1.0958,1,0.8544,0.6029,0.6257,0.4267,0.4821,1.7614,1.5827,4.3834,0.394
"15","10016",1.0958,1.0958,1,0.8544,0.6029,0.6257,0.4267,0.4821,1.7614,1.5827,4.3834,0.394
"16","10017",1.0958,1.0958,1,0.8544,0.6029,0.6257,0.4267,0.4821,1.7614,1.5827,4.3834,0.394
"17","10018",1.0958,1.0958,1,0.8544,0.6029,0.6257,0.4267,0.4821,1.7614,1.5827,4.3834,0.394
"18","10019",1.0958,1.0958,1,0.8544,0.6029,0.6257,0.4267,0.4821,1.7614,1.5827,4.3834,0.394
"19","10020",1.0958,1.0958,1,0.8544,0.6029,0.6257,0.4267,0.4821,1.7614,1.5827,4.3834,0.394
"20","10021",1.0958,1.0958,1,0.8544,0.6029,0.6257,0.4267,0.4821,1.7614,1.5827,4.3834,0.394
"21","10022",1.0958,1.0958,1,0.8544,0.6029,0.6257,0.4267,0.4821,1.7614,1.5827,4.3834,0.394
"22","10023",1.0958,1.0958,1,0.8544,0.6029,0.6257,0.4267,0.4821,1.7614,1.5827,4.3834,0.394
"23","10024",1.0958,1.0958,1,0.8544,0.6029,0.6257,0.4267,0.4821,1.7614,1.5827,4.3834,0.394
"24","10025",1.0958,1.0958,1,0.8544,0.6029,0.6257,0.4267,0.4821,1.7614,1.5827,4.3834,0.394
"25","10026",1.0958,1.0958,1,0.8544,0.6029,0.6257,0.4267,0.4821,1.7614,1.5827,4.3834,0.394
"26","10027",1.0958,1.0958,1,0.8544,0.6029,0.6257,0.4267,0.4821,1.7614,1.5827,4.3834,0.394
"27","10028",1.0958,1.0958,1,0.8544,0.6029,0.6257,0.4267,0.4821,1.7614,1.5827,4.3834,0.394
"28","10029",1.0958,1.0958,1,0.8544,0.6029,0.6257,0.4267,0.4821,1.7614,1.5827,4.3834,0.394
"29","10030",1.0958,1.0958,1,0.8544,0.6029,0.6257,0.4267,0.4821,1.7614,1.5827,4.3834,0.394
"30","10031",1.0958,1.0958,1,0.8544,0.6029,0.6257,0.4267,0.4821,1.7614,1.5827,4.3834,0.394
"31","10032",1.0958,1.0958,1,0.8544,0.6029,0.6257,0.4267,0.4821,1.7614,1.5827,4.3834,0.394
"32","10033",1.0958,1.0958,1,0.8544,0.6029,0.6257,0.4267,0.4821,1.7614,1.5827,4.3834,0.394
"33","10034",1.0958,1.0958,1,0.8544,0.6029,0.6257,0.4267,0.4821,1.7614,1.5827,4.3834,0.394
"34","10035",1.0958,1.0958,1,0.8544,0.6029,0.6257,0.4267,0.4821,1.7614,1.5827,4.3834,0.394
"35","10036",1.0958,1.0958,1,0.8544,0.6029,0.6257,0.4267,0.4821,1.7614,1.5827,4.3834,0.394
"36","10037",1.0958,1.0958,1,0.8544,0.6029,0.6257,0.4267,0.4821,1.7614,1.5827,4.3834,0.394
"37","10038",1.0958,1.0958,1,0.8544,0.6029,0.6257,0.4267,0.4821,1.7614,1.5827,4.3834,0.394
"38","10039",1.0958,1.0958,1,0.8544,0.6029,0.6257,0.4267,0.4821,1.7614,1.5827,4.3834,0.394
"39","10040",1.0958,1.0958,1,0.8544,0.6029,0.6257,0.4267,0.4821,1.7614,1.5827,4.3834,0.394
"40","10041",1.0958,1.0958,1,0.8544,0.6029,0.6257,0.4267,0.4821,1.7614,1.5827,4.3834,0.394
"41","10044",1.0958,1.0958,1,0.8544,0.6029,0.6257,0.4267,0.4821,1.7614,1.5827,4.3834,0.394
"42","10045",1.0958,1.0958,1,0.8544,0.6029,0.6257,0.4267,0.4821,1.7614,1.5827,4.3834,0.394
"43","10055",1.0958,1.0958,1,0.8544,0.6029,0.6257,0.4267,0.4821,1.7614,1.5827,4.3834,0.394
"44","10060",1.0958,1.0958,1,0.8544,0.6029,0.6257,0.4267,0.4821,1.7614,1.5827,4.3834,0.394
"45","10065",1.0958,1.0958,1,0.8544,0.6029,0.6257,0.4267,0.4821,1.7614,1.5827,4.3834,0.394
"46","10069",1.0958,1.0958,1,0.8544,0.6029,0.6257,0.4267,0.4821,1.7614,1.5827,4.3834,0.394
"47","10075",1.0958,1.0958,1,0.8544,0.6029,0.6257,0.4267,0.4821,1.7614,1.5827,4.3834,0.394
"48","10090",1.0958,1.0958,1,0.8544,0.6029,0.6257,0.4267,0.4821,1.7614,1.5827,4.3834,0.394
"49","10095",1.0958,1.0958,1,0.8544,0.6029,0.6257,0.4267,0.4821,1.7614,1.5827,4.3834,0.394
"50","10103",1.0958,1.0958,1,0.8544,0.6029,0.6257,0.4267,0.4821,1.7614,1.5827,4.3834,0.394
"51","10104",1.0958,1.0958,1,0.8544,0.6029,0.6257,0.4267,0.4821,1.7614,1.5827,4.3834,0.394
"52","10105",1.0958,1.0958,1,0.8544,0.6029,0.6257,0.4267,0.4821,1.7614,1.5827,4.3834,0.394
"53","10106",1.0958,1.0958,1,0.8544,0.6029,0.6257,0.4267,0.4821,1.7614,1.5827,4.3834,0.394
"54","10107",1.0958,1.0958,1,0.8544,0.6029,0.6257,0.4267,0.4821,1.7614,1.5827,4.3834,0.394
"55","10110",1.0958,1.0958,1,0.8544,0.6029,0.6257,0.4267,0.4821,1.7614,1.5827,4.3834,0.394
"56","10111",1.0958,1.0958,1,0.8544,0.6029,0.6257,0.4267,0.4821,1.7614,1.5827,4.3834,0.394
"57","10112",1.0958,1.0958,1,0.8544,0.6029,0.6257,0.4267,0.4821,1.7614,1.5827,4.3834,0.394
"58","10115",1.0958,1.0958,1,0.8544,0.6029,0.6257,0.4267,0.4821,1.7614,1.5827,4.3834,0.394
"59","10118",1.0958,1.0958,1,0.8544,0.6029,0.6257,0.4267,0.4821,1.7614,1.5827,4.3834,0.394
"60","10119",1.0958,1.0958,1,0.8544,0.6029,0.6257,0.4267,0.4821,1.7614,1.5827,4.3834,0.394
"61","10120",1.0958,1.0958,1,0.8544,0.6029,0.6257,0.4267,0.4821,1.7614,1.5827,4.3834,0.394
"62","10121",1.0958,1.0958,1,0.8544,0.6029,0.6257,0.4267,0.4821,1.7614,1.5827,4.3834,0.394
"63","10122",1.0958,1.0958,1,0.8544,0.6029,0.6257,0.4267,0.4821,1.7614,1.5827,4.3834,0.394
"64","10123",1.0958,1.0958,1,0.8544,0.6029,0.6257,0.4267,0.4821,1.7614,1.5827,4.3834,0.394
"65","10128",1.0958,1.0958,1,0.8544,0.6029,0.6257,0.4267,0.4821,1.7614,1.5827,4.3834,0.394
"66","10151",1.0958,1.0958,1,0.8544,0.6029,0.6257,0.4267,0.4821,1.7614,1.5827,4.3834,0.394
"67","10152",1.0958,1.0958,1,0.8544,0.6029,0.6257,0.4267,0.4821,1.7614,1.5827,4.3834,0.394
"68","10153",1.0958,1.0958,1,0.8544,0.6029,0.6257,0.4267,0.4821,1.7614,1.5827,4.3834,0.394
"69","10154",1.0958,1.0958,1,0.8544,0.6029,0.6257,0.4267,0.4821,1.7614,1.5827,4.3834,0.394
"70","10155",1.0958,1.0958,1,0.8544,0.6029,0.6257,0.4267,0.4821,1.7614,1.5827,4.3834,0.394
"71","10158",1.0958,1.0958,1,0.8544,0.6029,0.6257,0.4267,0.4821,1.7614,1.5827,4.3834,0.394
"72","10161",1.0958,1.0958,1,0.8544,0.6029,0.6257,0.4267,0.4821,1.7614,1.5827,4.3834,0.394
"73","10162",1.0958,1.0958,1,0.8544,0.6029,0.6257,0.4267,0.4821,1.7614,1.5827,4.3834,0.394
"74","10165",1.0958,1.0958,1,0.8544,0.6029,0.6257,0.4267,0.4821,1.7614,1.5827,4.3834,0.394
"75","10166",1.0958,1.0958,1,0.8544,0.6029,0.6257,0.4267,0.4821,1.7614,1.5827,4.3834,0.394
"76","10167",1.0958,1.0958,1,0.8544,0.6029,0.6257,0.4267,0.4821,1.7614,1.5827,4.3834,0.394
"77","10168",1.0958,1.0958,1,0.8544,0.6029,0.6257,0.4267,0.4821,1.7614,1.5827,4.3834,0.394
"78","10169",1.0958,1.0958,1,0.8544,0.6029,0.6257,0.4267,0.4821,1.7614,1.5827,4.3834,0.394
"79","10170",1.0958,1.0958,1,0.8544,0.6029,0.6257,0.4267,0.4821,1.7614,1.5827,4.3834,0.394
"80","10171",1.0958,1.0958,1,0.8544,0.6029,0.6257,0.4267,0.4821,1.7614,1.5827,4.3834,0.394
"81","10172",1.0958,1.0958,1,0.8544,0.6029,0.6257,0.4267,0.4821,1.7614,1.5827,4.3834,0.394
"82","10173",1.0958,1.0958,1,0.8544,0.6029,0.6257,0.4267,0.4821,1.7614,1.5827,4.3834,0.394
"83","10174",1.0958,1.0958,1,0.8544,0.6029,0.6257,0.4267,0.4821,1.7614,1.5827,4.3834,0.394
"84","10175",1.0958,1.0958,1,0.8544,0.6029,0.6257,0.4267,0.4821,1.7614,1.5827,4.3834,0.394
"85","10176",1.0958,1.0958,1,0.8544,0.6029,0.6257,0.4267,0.4821,1.7614,1.5827,4.3834,0.394
"86","10177",1.0958,1.0958,1,0.8544,0.6029,0.6257,0.4267,0.4821,1.7614,1.5827,4.3834,0.394
"87","10178",1.0958,1.0958,1,0.8544,0.6029,0.6257,0.4267,0.4821,1.7614,1.5827,4.3834,0.394
"88","10199",1.0958,1.0958,1,0.8544,0.6029,0.6257,0.4267,0.4821,1.7614,1.5827,4.3834,0.394
"89","10270",1.0958,1.0958,1,0.8544,0.6029,0.6257,0.4267,0.4821,1.7614,1.5827,4.3834,0.394
"90","10271",1.0958,1.0958,1,0.8544,0.6029,0.6257,0.4267,0.4821,1.7614,1.5827,4.3834,0.394
"91","10278",1.0958,1.0958,1,0.8544,0.6029,0.6257,0.4267,0.4821,1.7614,1.5827,4.3834,0.394
"92","10279",1.0958,1.0958,1,0.8544,0.6029,0.6257,0.4267,0.4821,1.7614,1.5827,4.3834,0.394
"93","10280",1.0958,1.0958,1,0.8544,0.6029,0.6257,0.4267,0.4821,1.7614,1.5827,4.3834,0.394
"94","10281",1.0958,1.0958,1,0.8544,0.6029,0.6257,0.4267,0.4821,1.7614,1.5827,4.3834,0.394
"95","10282",1.0958,1.0958,1,0.8544,0.6029,0.6257,0.4267,0.4821,1.7614,1.5827,4.3834,0.394
"96","10301",1.0958,1.0958,1,0.9781,0.892,1.4494,1.3524,0.4821,0.6722,1.5827,4.7096,0.394
"97","10302",1.0958,1.0958,1,0.9781,0.892,1.4494,1.3524,0.4821,0.6722,1.5827,4.7096,0.394
"98","10303",1.0958,1.0958,1,0.9781,0.892,1.4494,1.3524,0.4821,0.6722,1.5827,4.7096,0.394
"99","10304",1.0958,1.0958,1,0.9781,0.892,1.4494,1.3524,0.4821,0.6722,1.5827,4.7096,0.394
"100","10305",1.0958,1.0958,1,0.9781,0.892,1.4494,1.3524,0.4821,0.6722,1.5827,4.7096,0.394
"101","10306",1.0958,1.0958,1,0.9781,0.892,1.4494,1.3524,0.4821,0.6722,1.5827,4.7096,0.394
"102","10307",1.0958,1.0958,1,0.9781,0.892,1.4494,1.3524,0.4821,0.6722,1.5827,4.7096,0.394
"103","10308",1.0958,1.0958,1,0.9781,0.892,1.4494,1.3524,0.4821,0.6722,1.5827,4.7096,0.394
"104","10309",1.0958,1.0958,1,0.9781,0.892,1.4494,1.3524,0.4821,0.6722,1.5827,4.7096,0.394
"105","10310",1.0958,1.0958,1,0.9781,0.892,1.4494,1.3524,0.4821,0.6722,1.5827,4.7096,0.394
"106","10311",1.0958,1.0958,1,0.9781,0.892,1.4494,1.3524,0.4821,0.6722,1.5827,4.7096,0.394
"107","10312",1.0958,1.0958,1,0.9781,0.892,1.4494,1.3524,0.4821,0.6722,1.5827,4.7096,0.394
"108","10314",1.0958,1.0958,1,0.9781,0.892,1.4494,1.3524,0.4821,0.6722,1.5827,4.7096,0.394
"109","10451",1.1696,1.1696,1,0.9128,0.79,1.1312,0.8742,0.9771,0.6395,1.3928,4.4198,0.688
"110","10452",1.1696,1.1696,1,0.9128,0.79,1.1312,0.8742,0.9771,0.6395,1.3928,4.4198,0.688
"111","10453",1.1696,1.1696,1,0.9128,0.79,1.1312,0.8742,0.9771,0.6395,1.3928,4.4198,0.688
"112","10454",1.1696,1.1696,1,0.9128,0.79,1.1312,0.8742,0.9771,0.6395,1.3928,4.4198,0.688
"113","10455",1.1696,1.1696,1,0.9128,0.79,1.1312,0.8742,0.9771,0.6395,1.3928,4.4198,0.688
"114","10456",1.1696,1.1696,1,0.9128,0.79,1.1312,0.8742,0.9771,0.6395,1.3928,4.4198,0.688
"115","10457",1.1696,1.1696,1,0.9128,0.79,1.1312,0.8742,0.9771,0.6395,1.3928,4.4198,0.688
"116","10458",1.1696,1.1696,1,0.9128,0.79,1.1312,0.8742,0.9771,0.6395,1.3928,4.4198,0.688
"117","10459",1.1696,1.1696,1,0.9128,0.79,1.1312,0.8742,0.9771,0.6395,1.3928,4.4198,0.688
"118","10460",1.1696,1.1696,1,0.9128,0.79,1.1312,0.8742,0.9771,0.6395,1.3928,4.4198,0.688
"119","10461",1.1696,1.1696,1,0.9128,0.79,1.1312,0.8742,0.9771,0.6395,1.3928,4.4198,0.688
"120","10462",1.1696,1.1696,1,0.9128,0.79,1.1312,0.8742,0.9771,0.6395,1.3928,4.4198,0.688
"121","10463",1.1696,1.1696,1,0.9128,0.79,1.1312,0.8742,0.9771,0.6395,1.3928,4.4198,0.688
"122","10464",1.1696,1.1696,1,0.9128,0.79,1.1312,0.8742,0.9771,0.6395,1.3928,4.4198,0.688
"123","10465",1.1696,1.1696,1,0.9128,0.79,1.1312,0.8742,0.9771,0.6395,1.3928,4.4198,0.688
"124","10466",1.1696,1.1696,1,0.9128,0.79,1.1312,0.8742,0.9771,0.6395,1.3928,4.4198,0.688
"125","10467",1.1696,1.1696,1,0.9128,0.79,1.1312,0.8742,0.9771,0.6395,1.3928,4.4198,0.688
"126","10468",1.1696,1.1696,1,0.9128,0.79,1.1312,0.8742,0.9771,0.6395,1.3928,4.4198,0.688
"127","10469",1.1696,1.1696,1,0.9128,0.79,1.1312,0.8742,0.9771,0.6395,1.3928,4.4198,0.688
"128","10470",1.1696,1.1696,1,0.9128,0.79,1.1312,0.8742,0.9771,0.6395,1.3928,4.4198,0.688
"129","10471",1.1696,1.1696,1,0.9128,0.79,1.1312,0.8742,0.9771,0.6395,1.3928,4.4198,0.688
"130","10472",1.1696,1.1696,1,0.9128,0.79,1.1312,0.8742,0.9771,0.6395,1.3928,4.4198,0.688
"131","10473",1.1696,1.1696,1,0.9128,0.79,1.1312,0.8742,0.9771,0.6395,1.3928,4.4198,0.688
"132","10474",1.1696,1.1696,1,0.9128,0.79,1.1312,0.8742,0.9771,0.6395,1.3928,4.4198,0.688
"133","10475",1.1696,1.1696,1,0.9128,0.79,1.1312,0.8742,0.9771,0.6395,1.3928,4.4198,0.688
"134","10501",1.1696,1.1696,1,0.9128,0.79,0.9019,0.8742,0.9771,0.6395,1.3928,0,0.688
"135","10502",1.1696,1.1696,1,0.9128,0.79,1.1312,0.8742,0.9771,0.6395,1.3928,4.4198,0.688
"136","10504",1.1696,1.1696,1,0.9128,0.79,1.1312,0.8742,0.9771,0.6395,1.3928,4.4198,0.688
"137","10505",1.1696,1.1696,1,0.9128,0.79,0.9019,0.8742,0.9771,0.6395,1.3928,0,0.688
"138","10506",1.1696,1.1696,1,0.9128,0.79,1.1312,0.8742,0.9771,0.6395,1.3928,4.4198,0.688
"139","10507",1.1696,1.1696,1,0.9128,0.79,0.9019,0.8742,0.9771,0.6395,1.3928,0,0.688
"140","10509",1.1696,1.1696,1,0.9128,0.79,0.9019,0.8742,0.9771,0.6395,1.3928,0,0.688
"141","10510",1.1696,1.1696,1,0.9128,0.79,1.1312,0.8742,0.9771,0.6395,1.3928,4.4198,0.688
"142","10511",1.1696,1.1696,1,0.9128,0.79,0.9019,0.8742,0.9771,0.6395,1.3928,0,0.688
"143","10512",0.8662,0.8662,1,0.8187,1.0898,0.8722,0.891,1.8786,0.5762,0.6613,0,0.9276
"144","10514",1.1696,1.1696,1,0.9128,0.79,1.1312,0.8742,0.9771,0.6395,1.3928,4.4198,0.688
"145","10516",0.8662,0.8662,1,0.8187,1.0898,0.8722,0.891,1.8786,0.5762,0.6613,0,0.9276
"146","10517",1.1696,1.1696,1,0.9128,0.79,0.9019,0.8742,0.9771,0.6395,1.3928,0,0.688
"147","10518",1.1696,1.1696,1,0.9128,0.79,0.9019,0.8742,0.9771,0.6395,1.3928,0,0.688
"148","10519",1.1696,1.1696,1,0.9128,0.79,0.9019,0.8742,0.9771,0.6395,1.3928,0,0.688
"149","10520",1.1696,1.1696,1,0.9128,0.79,0.9019,0.8742,0.9771,0.6395,1.3928,0,0.688
"150","10522",1.1696,1.1696,1,0.9128,0.79,1.1312,0.8742,0.9771,0.6395,1.3928,4.4198,0.688
"151","10523",1.1696,1.1696,1,0.9128,0.79,1.1312,0.8742,0.9771,0.6395,1.3928,4.4198,0.688
"152","10524",1.1696,1.1696,1,0.9128,0.79,0.9019,0.8742,0.9771,0.6395,1.3928,0,0.688
"153","10526",1.1696,1.1696,1,0.9128,0.79,0.9019,0.8742,0.9771,0.6395,1.3928,0,0.688
"154","10527",1.1696,1.1696,1,0.9128,0.79,0.9019,0.8742,0.9771,0.6395,1.3928,0,0.688
"155","10528",1.1696,1.1696,1,0.9128,0.79,1.1312,0.8742,0.9771,0.6395,1.3928,4.4198,0.688
"156","10530",1.1696,1.1696,1,0.9128,0.79,1.1312,0.8742,0.9771,0.6395,1.3928,4.4198,0.688
"157","10532",1.1696,1.1696,1,0.9128,0.79,1.1312,0.8742,0.9771,0.6395,1.3928,4.4198,0.688
"158","10533",1.1696,1.1696,1,0.9128,0.79,1.1312,0.8742,0.9771,0.6395,1.3928,4.4198,0.688
"159","10535",1.1696,1.1696,1,0.9128,0.79,0.9019,0.8742,0.9771,0.6395,1.3928,0,0.688
"160","10536",1.1696,1.1696,1,0.9128,0.79,0.9019,0.8742,0.9771,0.6395,1.3928,0,0.688
"161","10537",1.1696,1.1696,1,0.9128,0.79,0.9019,0.8742,0.9771,0.6395,1.3928,0,0.688
"162","10538",1.1696,1.1696,1,0.9128,0.79,1.1312,0.8742,0.9771,0.6395,1.3928,4.4198,0.688
"163","10541",1.1696,1.1696,1,0.9128,0.79,0.9019,0.8742,0.9771,0.6395,1.3928,0,0.688
"164","10543",1.1696,1.1696,1,0.9128,0.79,1.1312,0.8742,0.9771,0.6395,1.3928,4.4198,0.688
"165","10546",1.1696,1.1696,1,0.9128,0.79,0.9019,0.8742,0.9771,0.6395,1.3928,0,0.688
"166","10547",1.1696,1.1696,1,0.9128,0.79,0.9019,0.8742,0.9771,0.6395,1.3928,0,0.688
"167","10548",1.1696,1.1696,1,0.9128,0.79,0.9019,0.8742,0.9771,0.6395,1.3928,0,0.688
"168","10549",1.1696,1.1696,1,0.9128,0.79,0.9019,0.8742,0.9771,0.6395,1.3928,0,0.688
"169","10550",1.1696,1.1696,1,0.9128,0.79,1.1312,0.8742,0.9771,0.6395,1.3928,4.4198,0.688
"170","10552",1.1696,1.1696,1,0.9128,0.79,1.1312,0.8742,0.9771,0.6395,1.3928,4.4198,0.688
"171","10553",1.1696,1.1696,1,0.9128,0.79,1.1312,0.8742,0.9771,0.6395,1.3928,4.4198,0.688
"172","10560",1.1696,1.1696,1,0.9128,0.79,0.9019,0.8742,0.9771,0.6395,1.3928,0,0.688
"173","10562",1.1696,1.1696,1,0.9128,0.79,0.9019,0.8742,0.9771,0.6395,1.3928,0,0.688
"174","10566",1.1696,1.1696,1,0.9128,0.79,0.9019,0.8742,0.9771,0.6395,1.3928,0,0.688
"175","10567",1.1696,1.1696,1,0.9128,0.79,0.9019,0.8742,0.9771,0.6395,1.3928,0,0.688
"176","10570",1.1696,1.1696,1,0.9128,0.79,1.1312,0.8742,0.9771,0.6395,1.3928,4.4198,0.688
"177","10573",1.1696,1.1696,1,0.9128,0.79,1.1312,0.8742,0.9771,0.6395,1.3928,4.4198,0.688
"178","10576",1.1696,1.1696,1,0.9128,0.79,1.1312,0.8742,0.9771,0.6395,1.3928,4.4198,0.688
"179","10577",1.1696,1.1696,1,0.9128,0.79,1.1312,0.8742,0.9771,0.6395,1.3928,4.4198,0.688
"180","10578",1.1696,1.1696,1,0.9128,0.79,0.9019,0.8742,0.9771,0.6395,1.3928,0,0.688
"181","10579",1.1696,1.1696,1,0.9128,0.79,0.9019,0.8742,0.9771,0.6395,1.3928,0,0.688
"182","10580",1.1696,1.1696,1,0.9128,0.79,1.1312,0.8742,0.9771,0.6395,1.3928,4.4198,0.688
"183","10583",1.1696,1.1696,1,0.9128,0.79,1.1312,0.8742,0.9771,0.6395,1.3928,4.4198,0.688
"184","10587",1.1696,1.1696,1,0.9128,0.79,0.9019,0.8742,0.9771,0.6395,1.3928,0,0.688
"185","10588",1.1696,1.1696,1,0.9128,0.79,0.9019,0.8742,0.9771,0.6395,1.3928,0,0.688
"186","10589",1.1696,1.1696,1,0.9128,0.79,0.9019,0.8742,0.9771,0.6395,1.3928,0,0.688
"187","10590",1.1696,1.1696,1,0.9128,0.79,0.9019,0.8742,0.9771,0.6395,1.3928,0,0.688
"188","10591",1.1696,1.1696,1,0.9128,0.79,1.1312,0.8742,0.9771,0.6395,1.3928,4.4198,0.688
"189","10594",1.1696,1.1696,1,0.9128,0.79,1.1312,0.8742,0.9771,0.6395,1.3928,4.4198,0.688
"190","10595",1.1696,1.1696,1,0.9128,0.79,1.1312,0.8742,0.9771,0.6395,1.3928,4.4198,0.688
"191","10596",1.1696,1.1696,1,0.9128,0.79,0.9019,0.8742,0.9771,0.6395,1.3928,0,0.688
"192","10597",1.1696,1.1696,1,0.9128,0.79,0.9019,0.8742,0.9771,0.6395,1.3928,0,0.688
"193","10598",1.1696,1.1696,1,0.9128,0.79,0.9019,0.8742,0.9771,0.6395,1.3928,0,0.688
"194","10601",1.1696,1.1696,1,0.9128,0.79,1.1312,0.8742,0.9771,0.6395,1.3928,4.4198,0.688
"195","10603",1.1696,1.1696,1,0.9128,0.79,1.1312,0.8742,0.9771,0.6395,1.3928,4.4198,0.688
"196","10604",1.1696,1.1696,1,0.9128,0.79,1.1312,0.8742,0.9771,0.6395,1.3928,4.4198,0.688
"197","10605",1.1696,1.1696,1,0.9128,0.79,1.1312,0.8742,0.9771,0.6395,1.3928,4.4198,0.688
"198","10606",1.1696,1.1696,1,0.9128,0.79,1.1312,0.8742,0.9771,0.6395,1.3928,4.4198,0.688
"199","10607",1.1696,1.1696,1,0.9128,0.79,1.1312,0.8742,0.9771,0.6395,1.3928,4.4198,0.688
"200","10701",1.1696,1.1696,1,0.9128,0.79,1.1312,0.8742,0.9771,0.6395,1.3928,4.4198,0.688
"201","10702",1.1696,1.1696,1,0.9128,0.79,1.1312,0.8742,0.9771,0.6395,1.3928,4.4198,0.688
"202","10703",1.1696,1.1696,1,0.9128,0.79,1.1312,0.8742,0.9771,0.6395,1.3928,4.4198,0.688
"203","10704",1.1696,1.1696,1,0.9128,0.79,1.1312,0.8742,0.9771,0.6395,1.3928,4.4198,0.688
"204","10705",1.1696,1.1696,1,0.9128,0.79,1.1312,0.8742,0.9771,0.6395,1.3928,4.4198,0.688
"205","10706",1.1696,1.1696,1,0.9128,0.79,1.1312,0.8742,0.9771,0.6395,1.3928,4.4198,0.688
"206","10707",1.1696,1.1696,1,0.9128,0.79,1.1312,0.8742,0.9771,0.6395,1.3928,4.4198,0.688
"207","10708",1.1696,1.1696,1,0.9128,0.79,1.1312,0.8742,0.9771,0.6395,1.3928,4.4198,0.688
"208","10709",1.1696,1.1696,1,0.9128,0.79,1.1312,0.8742,0.9771,0.6395,1.3928,4.4198,0.688
"209","10710",1.1696,1.1696,1,0.9128,0.79,1.1312,0.8742,0.9771,0.6395,1.3928,4.4198,0.688
"210","10801",1.1696,1.1696,1,0.9128,0.79,1.1312,0.8742,0.9771,0.6395,1.3928,4.4198,0.688
"211","10803",1.1696,1.1696,1,0.9128,0.79,1.1312,0.8742,0.9771,0.6395,1.3928,4.4198,0.688
"212","10804",1.1696,1.1696,1,0.9128,0.79,1.1312,0.8742,0.9771,0.6395,1.3928,4.4198,0.688
"213","10805",1.1696,1.1696,1,0.9128,0.79,1.1312,0.8742,0.9771,0.6395,1.3928,4.4198,0.688
"214","10901",0.8662,0.8662,1,0.8187,1.0898,0.7504,0.9474,1.2726,1.1221,0.6613,0,0.9276
"215","10911",0.8662,0.8662,1,0.8187,1.0898,0.7504,0.9474,1.2726,1.1221,0.6613,0,0.9276
"216","10913",0.8662,0.8662,1,0.8187,1.0898,0.7504,0.9474,1.2726,1.1221,0.6613,0,0.9276
"217","10914",0.8662,0.8662,1,0.8187,1.0898,0.7504,0.9474,1.2726,1.1221,0.6613,0,0.9276
"218","10916",0.8662,0.8662,1,0.8187,1.0898,0.7504,0.9474,1.2726,1.1221,0.6613,0,0.9276
"219","10917",0.8662,0.8662,1,0.8187,1.0898,0.7504,0.9474,1.2726,1.1221,0.6613,0,0.9276
"220","10918",0.8662,0.8662,1,0.8187,1.0898,0.7504,0.9474,1.2726,1.1221,0.6613,0,0.9276
"221","10919",0.8662,0.8662,1,0.8187,1.0898,0.7504,0.9474,1.2726,1.1221,0.6613,0,0.9276
"222","10920",0.8662,0.8662,1,0.8187,1.0898,0.7504,0.9474,1.2726,1.1221,0.6613,0,0.9276
"223","10921",0.8662,0.8662,1,0.8187,1.0898,0.7504,0.9474,1.2726,1.1221,0.6613,0,0.9276
"224","10922",0.8662,0.8662,1,0.8187,1.0898,0.7504,0.9474,1.2726,1.1221,0.6613,0,0.9276
"225","10923",0.8662,0.8662,1,0.8187,1.0898,0.7504,0.9474,1.2726,1.1221,0.6613,0,0.9276
"226","10924",0.8662,0.8662,1,0.8187,1.0898,0.7504,0.9474,1.2726,1.1221,0.6613,0,0.9276
"227","10925",0.8662,0.8662,1,0.8187,1.0898,0.7504,0.9474,1.2726,1.1221,0.6613,0,0.9276
"228","10926",0.8662,0.8662,1,0.8187,1.0898,0.7504,0.9474,1.2726,1.1221,0.6613,0,0.9276
"229","10927",0.8662,0.8662,1,0.8187,1.0898,0.7504,0.9474,1.2726,1.1221,0.6613,0,0.9276
"230","10928",0.8662,0.8662,1,0.8187,1.0898,0.7504,0.9474,1.2726,1.1221,0.6613,0,0.9276
"231","10930",0.8662,0.8662,1,0.8187,1.0898,0.7504,0.9474,1.2726,1.1221,0.6613,0,0.9276
"232","10931",0.8662,0.8662,1,0.8187,1.0898,0.7504,0.9474,1.2726,1.1221,0.6613,0,0.9276
"233","10932",0.8662,0.8662,1,0.8187,1.0898,0.7504,0.9474,1.2726,1.1221,0.6613,0,0.9276
"234","10933",0.8662,0.8662,1,0.8187,1.0898,0.7504,0.9474,1.2726,1.1221,0.6613,0,0.9276
"235","10940",0.8662,0.8662,1,0.8187,1.0898,0.7504,0.9474,1.2726,1.1221,0.6613,0,0.9276
"236","10941",0.8662,0.8662,1,0.8187,1.0898,0.7504,0.9474,1.2726,1.1221,0.6613,0,0.9276
"237","10950",0.8662,0.8662,1,0.8187,1.0898,0.7504,0.9474,1.2726,1.1221,0.6613,0,0.9276
"238","10952",0.8662,0.8662,1,0.8187,1.0898,0.7504,0.9474,1.2726,1.1221,0.6613,0,0.9276
"239","10953",0.8662,0.8662,1,0.8187,1.0898,0.7504,0.9474,1.2726,1.1221,0.6613,0,0.9276
"240","10954",0.8662,0.8662,1,0.8187,1.0898,0.7504,0.9474,1.2726,1.1221,0.6613,0,0.9276
"241","10956",0.8662,0.8662,1,0.8187,1.0898,0.7504,0.9474,1.2726,1.1221,0.6613,0,0.9276
"242","10958",0.8662,0.8662,1,0.8187,1.0898,0.7504,0.9474,1.2726,1.1221,0.6613,0,0.9276
"243","10960",0.8662,0.8662,1,0.8187,1.0898,0.7504,0.9474,1.2726,1.1221,0.6613,0,0.9276
"244","10962",0.8662,0.8662,1,0.8187,1.0898,0.7504,0.9474,1.2726,1.1221,0.6613,0,0.9276
"245","10963",0.8662,0.8662,1,0.8187,1.0898,0.7504,0.9474,1.2726,1.1221,0.6613,0,0.9276
"246","10964",0.8662,0.8662,1,0.8187,1.0898,0.7504,0.9474,1.2726,1.1221,0.6613,0,0.9276
"247","10965",0.8662,0.8662,1,0.8187,1.0898,0.7504,0.9474,1.2726,1.1221,0.6613,0,0.9276
"248","10968",0.8662,0.8662,1,0.8187,1.0898,0.7504,0.9474,1.2726,1.1221,0.6613,0,0.9276
"249","10969",0.8662,0.8662,1,0.8187,1.0898,0.7504,0.9474,1.2726,1.1221,0.6613,0,0.9276
"250","10970",0.8662,0.8662,1,0.8187,1.0898,0.7504,0.9474,1.2726,1.1221,0.6613,0,0.9276
"251","10973",0.8662,0.8662,1,0.8187,1.0898,0.7504,0.9474,1.2726,1.1221,0.6613,0,0.9276
"252","10974",0.8662,0.8662,1,0.8187,1.0898,0.7504,0.9474,1.2726,1.1221,0.6613,0,0.9276
"253","10975",0.8662,0.8662,1,0.8187,1.0898,0.7504,0.9474,1.2726,1.1221,0.6613,0,0.9276
"254","10976",0.8662,0.8662,1,0.8187,1.0898,0.7504,0.9474,1.2726,1.1221,0.6613,0,0.9276
"255","10977",0.8662,0.8662,1,0.8187,1.0898,0.7504,0.9474,1.2726,1.1221,0.6613,0,0.9276
"256","10979",0.8662,0.8662,1,0.8187,1.0898,0.7504,0.9474,1.2726,1.1221,0.6613,0,0.9276
"257","10980",0.8662,0.8662,1,0.8187,1.0898,0.7504,0.9474,1.2726,1.1221,0.6613,0,0.9276
"258","10981",0.8662,0.8662,1,0.8187,1.0898,0.7504,0.9474,1.2726,1.1221,0.6613,0,0.9276
"259","10983",0.8662,0.8662,1,0.8187,1.0898,0.7504,0.9474,1.2726,1.1221,0.6613,0,0.9276
"260","10984",0.8662,0.8662,1,0.8187,1.0898,0.7504,0.9474,1.2726,1.1221,0.6613,0,0.9276
"261","10985",0.8662,0.8662,1,0.8187,1.0898,0.7504,0.9474,1.2726,1.1221,0.6613,0,0.9276
"262","10986",0.8662,0.8662,1,0.8187,1.0898,0.7504,0.9474,1.2726,1.1221,0.6613,0,0.9276
"263","10987",0.8662,0.8662,1,0.8187,1.0898,0.7504,0.9474,1.2726,1.1221,0.6613,0,0.9276
"264","10988",0.8662,0.8662,1,0.8187,1.0898,0.7504,0.9474,1.2726,1.1221,0.6613,0,0.9276
"265","10989",0.8662,0.8662,1,0.8187,1.0898,0.7504,0.9474,1.2726,1.1221,0.6613,0,0.9276
"266","10990",0.8662,0.8662,1,0.8187,1.0898,0.7504,0.9474,1.2726,1.1221,0.6613,0,0.9276
"267","10992",0.8662,0.8662,1,0.8187,1.0898,0.7504,0.9474,1.2726,1.1221,0.6613,0,0.9276
"268","10993",0.8662,0.8662,1,0.8187,1.0898,0.7504,0.9474,1.2726,1.1221,0.6613,0,0.9276
"269","10994",0.8662,0.8662,1,0.8187,1.0898,0.7504,0.9474,1.2726,1.1221,0.6613,0,0.9276
"270","10996",0.8662,0.8662,1,0.8187,1.0898,0.7504,0.9474,1.2726,1.1221,0.6613,0,0.9276
"271","10998",0.8662,0.8662,1,0.8187,1.0898,0.7504,0.9474,1.2726,1.1221,0.6613,0,0.9276
"272","11001",1.0958,1.0958,1,0.8544,0.6029,0.6257,0.4267,0.4821,1.7614,1.5827,4.3834,0.7613
"273","11003",1.0958,1.0958,1,0.8544,0.6029,0.6257,0.4267,0.4821,1.7614,1.5827,4.3834,0.7613
"274","11004",1.0958,1.0958,1,0.8544,0.6029,0.6257,0.4267,0.4821,1.7614,0.7821,4.3834,0.7613
"275","11005",1.0958,1.0958,1,0.8544,0.6029,1.0989,0.8771,0.7534,1.7614,0.7821,4.3834,0.7613
"276","11010",1.0958,1.0958,1,0.8544,0.6029,1.0989,0.8771,0.7534,0.896,1.5827,4.3834,0.7613
"277","11020",1.0958,1.0958,1,0.8544,0.6029,1.712,1.52,1.4756,1.7614,0.7821,4.7318,0.7613
"278","11021",1.0958,1.0958,1,0.8544,0.6029,1.712,1.52,1.4756,0.896,0.7821,4.7318,0.7613
"279","11023",1.0958,1.0958,1,0.8544,0.6029,1.712,1.52,1.4756,0.896,0.7821,4.7318,0.7613
"280","11024",1.0958,1.0958,1,0.8544,0.6029,1.712,1.52,1.4756,0.896,0.7821,4.7318,0.7613
"281","11030",1.0958,1.0958,1,0.8544,0.6029,1.712,1.52,1.4756,0.896,0.7821,4.7318,0.7613
"282","11040",1.0958,1.0958,1,0.8544,0.6029,1.0989,0.8771,0.7534,1.7614,0.7821,4.3834,0.7613
"283","11042",1.0958,1.0958,1,0.8544,0.6029,1.0989,0.8771,0.7534,1.7614,0.7821,4.3834,0.7613
"284","11050",1.0958,1.0958,1,0.8544,0.6029,1.712,1.52,1.4756,0.896,0.7821,4.7318,0.7613
"285","11096",1.3625,1.3625,1,0.8544,0.6029,0.6257,0.4267,0.4821,0.896,1.5827,5.4257,0.394
"286","11101",1.0958,1.0958,1,0.8544,0.6029,0.6257,0.4267,0.4821,1.7614,1.5827,4.3834,0.394
"287","11102",1.0958,1.0958,1,0.8544,0.6029,0.6257,0.4267,0.4821,1.7614,1.5827,4.3834,0.394
"288","11103",1.0958,1.0958,1,0.8544,0.6029,0.6257,0.4267,0.4821,1.7614,1.5827,4.3834,0.394
"289","11104",1.0958,1.0958,1,0.8544,0.6029,0.6257,0.4267,0.4821,1.7614,1.5827,4.3834,0.394
"290","11105",1.0958,1.0958,1,0.8544,0.6029,0.6257,0.4267,0.4821,1.7614,1.5827,4.3834,0.394
"291","11106",1.0958,1.0958,1,0.8544,0.6029,0.6257,0.4267,0.4821,1.7614,1.5827,4.3834,0.394
"292","11109",1.0958,1.0958,1,0.8544,0.6029,0.6257,0.4267,0.4821,1.7614,1.5827,4.3834,0.394
"293","11201",1.0958,1.0958,1,0.8544,0.6029,0.6257,0.4267,0.4821,1.7614,1.5827,4.3834,0.394
"294","11203",1.3625,1.3625,1,0.8544,0.6029,0.6257,0.4267,0.4821,1.7614,1.5827,4.3834,0.394
"295","11204",1.3625,1.3625,1,0.8544,0.6029,0.6257,0.4267,0.4821,1.7614,1.5827,5.4257,0.394
"296","11205",1.0958,1.0958,1,0.8544,0.6029,0.6257,0.4267,0.4821,1.7614,1.5827,4.3834,0.394
"297","11206",1.3625,1.3625,1,0.8544,0.6029,0.6257,0.4267,0.4821,1.7614,1.5827,4.3834,0.394
"298","11207",1.3625,1.3625,1,0.8544,0.6029,0.6257,0.4267,0.4821,1.7614,1.5827,4.3834,0.394
"299","11208",1.3625,1.3625,1,0.8544,0.6029,0.6257,0.4267,0.4821,1.7614,1.5827,4.3834,0.394
"300","11209",1.0958,1.0958,1,0.8544,0.6029,0.6257,0.4267,0.4821,1.7614,1.5827,4.7096,0.394
"301","11210",1.3625,1.3625,1,0.8544,0.6029,0.6257,0.4267,0.4821,1.7614,1.5827,4.7096,0.394
"302","11211",1.0958,1.0958,1,0.8544,0.6029,0.6257,0.4267,0.4821,1.7614,1.5827,4.3834,0.394
"303","11212",1.3625,1.3625,1,0.8544,0.6029,0.6257,0.4267,0.4821,1.7614,1.5827,4.3834,0.394
"304","11213",1.3625,1.3625,1,0.8544,0.6029,0.6257,0.4267,0.4821,1.7614,1.5827,4.3834,0.394
"305","11214",1.3625,1.3625,1,0.8544,0.6029,0.6257,0.4267,0.4821,1.7614,1.5827,5.4257,0.394
"306","11215",1.0958,1.0958,1,0.8544,0.6029,0.6257,0.4267,0.4821,1.7614,1.5827,4.3834,0.394
"307","11216",1.0958,1.0958,1,0.8544,0.6029,0.6257,0.4267,0.4821,1.7614,1.5827,4.3834,0.394
"308","11217",1.0958,1.0958,1,0.8544,0.6029,0.6257,0.4267,0.4821,1.7614,1.5827,4.3834,0.394
"309","11218",1.0958,1.0958,1,0.8544,0.6029,0.6257,0.4267,0.4821,1.7614,1.5827,4.7096,0.394
"310","11219",1.0958,1.0958,1,0.8544,0.6029,0.6257,0.4267,0.4821,1.7614,1.5827,4.7096,0.394
"311","11220",1.0958,1.0958,1,0.8544,0.6029,0.6257,0.4267,0.4821,1.7614,1.5827,4.3834,0.394
"312","11221",1.3625,1.3625,1,0.8544,0.6029,0.6257,0.4267,0.4821,1.7614,1.5827,4.3834,0.394
"313","11222",1.0958,1.0958,1,0.8544,0.6029,0.6257,0.4267,0.4821,1.7614,1.5827,4.3834,0.394
"314","11223",1.3625,1.3625,1,0.8544,0.6029,0.6257,0.4267,0.4821,1.7614,1.5827,5.4257,0.394
"315","11224",1.3625,1.3625,1,0.8544,0.6029,0.6257,0.4267,0.4821,1.7614,1.5827,5.4257,0.394
"316","11225",1.0958,1.0958,1,0.8544,0.6029,0.6257,0.4267,0.4821,1.7614,1.5827,4.3834,0.394
"317","11226",1.3625,1.3625,1,0.8544,0.6029,0.6257,0.4267,0.4821,1.7614,1.5827,4.7096,0.394
"318","11228",1.0958,1.0958,1,0.8544,0.6029,0.6257,0.4267,0.4821,1.7614,1.5827,4.7096,0.394
"319","11229",1.3625,1.3625,1,0.8544,0.6029,0.6257,0.4267,0.4821,1.7614,1.5827,5.4257,0.394
"320","11230",1.3625,1.3625,1,0.8544,0.6029,0.6257,0.4267,0.4821,1.7614,1.5827,5.4257,0.394
"321","11231",1.0958,1.0958,1,0.8544,0.6029,0.6257,0.4267,0.4821,1.7614,1.5827,4.3834,0.394
"322","11232",1.0958,1.0958,1,0.8544,0.6029,0.6257,0.4267,0.4821,1.7614,1.5827,4.3834,0.394
"323","11233",1.3625,1.3625,1,0.8544,0.6029,0.6257,0.4267,0.4821,1.7614,1.5827,4.3834,0.394
"324","11234",1.3625,1.3625,1,0.8544,0.6029,0.6257,0.4267,0.4821,1.7614,1.5827,4.7096,0.394
"325","11235",1.3625,1.3625,1,0.8544,0.6029,0.6257,0.4267,0.4821,1.7614,1.5827,5.4257,0.394
"326","11236",1.3625,1.3625,1,0.8544,0.6029,0.6257,0.4267,0.4821,1.7614,1.5827,4.7096,0.394
"327","11237",1.0958,1.0958,1,0.8544,0.6029,0.6257,0.4267,0.4821,1.7614,1.5827,4.3834,0.394
"328","11238",1.0958,1.0958,1,0.8544,0.6029,0.6257,0.4267,0.4821,1.7614,1.5827,4.3834,0.394
"329","11239",1.3625,1.3625,1,0.8544,0.6029,0.6257,0.4267,0.4821,1.7614,1.5827,4.7096,0.394
"330","11241",1.0958,1.0958,1,0.8544,0.6029,0.6257,0.4267,0.4821,1.7614,1.5827,4.3834,0.394
"331","11242",1.0958,1.0958,1,0.8544,0.6029,0.6257,0.4267,0.4821,1.7614,1.5827,4.3834,0.394
"332","11243",1.0958,1.0958,1,0.8544,0.6029,0.6257,0.4267,0.4821,1.7614,1.5827,4.3834,0.394
"333","11249",1.3625,1.3625,1,0.8544,0.6029,0.6257,0.4267,0.4821,1.7614,1.5827,4.3834,0.394
"334","11252",1.0958,1.0958,1,0.8544,0.6029,0.6257,0.4267,0.4821,1.7614,1.5827,4.7096,0.394
"335","11256",1.3625,1.3625,1,0.8544,0.6029,0.6257,0.4267,0.4821,1.7614,1.5827,4.3834,0.394
"336","11351",1.0958,1.0958,1,0.8544,0.6029,0.6257,0.4267,0.4821,1.7614,1.5827,4.3834,0.7613
"337","11354",1.0958,1.0958,1,0.8544,0.6029,0.6257,0.4267,0.4821,1.7614,1.5827,4.3834,0.7613
"338","11355",1.0958,1.0958,1,0.8544,0.6029,0.6257,0.4267,0.4821,1.7614,1.5827,4.3834,0.394
"339","11356",1.0958,1.0958,1,0.8544,0.6029,0.6257,0.4267,0.4821,1.7614,1.5827,4.3834,0.7613
"340","11357",1.0958,1.0958,1,0.8544,0.6029,0.6257,0.4267,0.4821,1.7614,1.5827,4.3834,0.7613
"341","11358",1.0958,1.0958,1,0.8544,0.6029,0.6257,0.4267,0.4821,1.7614,1.5827,4.3834,0.7613
"342","11359",1.0958,1.0958,1,0.8544,0.6029,0.6257,0.4267,0.4821,1.7614,1.5827,4.3834,0.7613
"343","11360",1.0958,1.0958,1,0.8544,0.6029,0.6257,0.4267,0.4821,1.7614,1.5827,4.3834,0.7613
"344","11361",1.0958,1.0958,1,0.8544,0.6029,0.6257,0.4267,0.4821,1.7614,1.5827,4.3834,0.7613
"345","11362",1.0958,1.0958,1,0.8544,0.6029,1.0989,0.8771,0.7534,1.7614,0.7821,4.3834,0.7613
"346","11363",1.0958,1.0958,1,0.8544,0.6029,1.712,1.52,1.4756,1.7614,0.7821,4.3834,0.7613
"347","11364",1.0958,1.0958,1,0.8544,0.6029,0.6257,0.4267,0.4821,1.7614,1.5827,4.3834,0.394
"348","11365",1.0958,1.0958,1,0.8544,0.6029,0.6257,0.4267,0.4821,1.7614,1.5827,4.3834,0.394
"349","11366",1.0958,1.0958,1,0.8544,0.6029,0.6257,0.4267,0.4821,1.7614,1.5827,4.3834,0.394
"350","11367",1.0958,1.0958,1,0.8544,0.6029,0.6257,0.4267,0.4821,1.7614,1.5827,4.3834,0.394
"351","11368",1.0958,1.0958,1,0.8544,0.6029,0.6257,0.4267,0.4821,1.7614,1.5827,4.3834,0.394
"352","11369",1.0958,1.0958,1,0.8544,0.6029,0.6257,0.4267,0.4821,1.7614,1.5827,4.3834,0.394
"353","11370",1.0958,1.0958,1,0.8544,0.6029,0.6257,0.4267,0.4821,1.7614,1.5827,4.3834,0.394
"354","11371",1.0958,1.0958,1,0.8544,0.6029,0.6257,0.4267,0.4821,1.7614,1.5827,4.3834,0.7613
"355","11372",1.0958,1.0958,1,0.8544,0.6029,0.6257,0.4267,0.4821,1.7614,1.5827,4.3834,0.394
"356","11373",1.0958,1.0958,1,0.8544,0.6029,0.6257,0.4267,0.4821,1.7614,1.5827,4.3834,0.394
"357","11374",1.0958,1.0958,1,0.8544,0.6029,0.6257,0.4267,0.4821,1.7614,1.5827,4.3834,0.394
"358","11375",1.0958,1.0958,1,0.8544,0.6029,0.6257,0.4267,0.4821,1.7614,1.5827,4.3834,0.394
"359","11377",1.0958,1.0958,1,0.8544,0.6029,0.6257,0.4267,0.4821,1.7614,1.5827,4.3834,0.394
"360","11378",1.0958,1.0958,1,0.8544,0.6029,0.6257,0.4267,0.4821,1.7614,1.5827,4.3834,0.394
"361","11379",1.0958,1.0958,1,0.8544,0.6029,0.6257,0.4267,0.4821,1.7614,1.5827,4.3834,0.394
"362","11385",1.0958,1.0958,1,0.8544,0.6029,0.6257,0.4267,0.4821,1.7614,1.5827,4.3834,0.394
"363","11411",1.3625,1.3625,1,0.8544,1.3968,0.6257,0.4267,0.4821,1.7614,1.5827,4.3834,0.394
"364","11412",1.3625,1.3625,1,0.8544,0.6029,0.6257,0.4267,0.4821,1.7614,1.5827,4.3834,0.394
"365","11413",1.3625,1.3625,1,0.8544,0.6029,0.6257,0.4267,0.4821,1.7614,1.5827,4.3834,0.394
"366","11414",1.3625,1.3625,1,0.8544,0.6029,0.6257,0.4267,0.4821,1.7614,1.5827,4.7096,0.394
"367","11415",1.3625,1.3625,1,0.8544,0.6029,0.6257,0.4267,0.4821,1.7614,1.5827,4.3834,0.394
"368","11416",1.3625,1.3625,1,0.8544,0.6029,0.6257,0.4267,0.4821,1.7614,1.5827,4.3834,0.394
"369","11417",1.3625,1.3625,1,0.8544,0.6029,0.6257,0.4267,0.4821,1.7614,1.5827,4.3834,0.394
"370","11418",1.3625,1.3625,1,0.8544,0.6029,0.6257,0.4267,0.4821,1.7614,1.5827,4.3834,0.394
"371","11419",1.3625,1.3625,1,0.8544,0.6029,0.6257,0.4267,0.4821,1.7614,1.5827,4.3834,0.394
"372","11420",1.3625,1.3625,1,0.8544,0.6029,0.6257,0.4267,0.4821,1.7614,1.5827,4.3834,0.394
"373","11421",1.3625,1.3625,1,0.8544,0.6029,0.6257,0.4267,0.4821,1.7614,1.5827,4.3834,0.394
"374","11422",1.3625,1.3625,1,0.8544,0.6029,0.6257,0.4267,0.4821,1.7614,1.5827,4.7096,0.394
"375","11423",1.3625,1.3625,1,0.8544,0.6029,0.6257,0.4267,0.4821,1.7614,1.5827,4.3834,0.394
"376","11426",1.0958,1.0958,1,0.8544,0.6029,0.6257,0.4267,0.4821,1.7614,0.7821,4.3834,0.394
"377","11427",1.3625,1.3625,1,0.8544,0.6029,0.6257,0.4267,0.4821,1.7614,0.7821,4.3834,0.7613
"378","11428",1.0958,1.0958,1,0.8544,0.6029,0.6257,0.4267,0.4821,1.7614,0.7821,4.3834,0.7613
"379","11429",1.0958,1.0958,1,0.8544,0.6029,0.6257,0.4267,0.4821,1.7614,1.5827,4.3834,0.394
"380","11430",1.3625,1.3625,1,0.8544,0.6029,0.6257,0.4267,0.4821,1.7614,1.5827,4.7096,0.394
"381","11432",1.3625,1.3625,1,0.8544,0.6029,0.6257,0.4267,0.4821,1.7614,1.5827,4.3834,0.394
"382","11433",1.3625,1.3625,1,0.8544,0.6029,0.6257,0.4267,0.4821,1.7614,1.5827,4.3834,0.394
"383","11434",1.3625,1.3625,1,0.8544,0.6029,0.6257,0.4267,0.4821,1.7614,1.5827,4.3834,0.394
"384","11435",1.3625,1.3625,1,0.8544,0.6029,0.6257,0.4267,0.4821,1.7614,1.5827,4.3834,0.394
"385","11436",1.3625,1.3625,1,0.8544,0.6029,0.6257,0.4267,0.4821,1.7614,1.5827,4.3834,0.394
"386","11501",1.0958,1.0958,1,0.8544,1.3968,1.0989,0.8771,0.7534,0.896,0.7821,4.3834,0.7613
"387","11507",1.0958,1.0958,1,0.8544,0.6029,1.712,1.52,1.4756,0.896,0.7821,4.3834,0.7613
"388","11509",1.3625,1.3625,1,0.8544,0.6029,0.6257,0.4267,0.4821,0.896,1.5827,5.4257,0.394
"389","11510",1.3625,1.3625,1,0.8544,1.3968,1.0989,0.8771,0.7534,0.896,1.5827,5.4257,0.7613
"390","11514",1.0958,1.0958,1,0.8544,1.3968,1.0989,0.8771,0.7534,0.896,0.7821,4.3834,0.7613
"391","11516",1.3625,1.3625,1,0.8544,1.3968,1.0989,0.8771,0.7534,0.896,1.5827,5.4257,0.394
"392","11518",1.3625,1.3625,1,0.8544,1.3968,1.0989,0.8771,0.7534,0.896,1.5827,5.4257,0.7613
"393","11520",1.3625,1.3625,1,0.8544,1.3968,1.0989,0.8771,0.7534,0.896,1.5827,5.4257,0.7613
"394","11530",1.0958,1.0958,1,0.8544,1.3968,1.0989,0.8771,0.7534,0.896,1.5827,4.7096,0.7613
"395","11542",1.0958,1.0958,1,0.8544,1.3968,1.712,1.52,1.4756,0.896,0.7821,4.7318,1.7837
"396","11545",1.0958,1.0958,1,0.8544,1.3968,1.712,1.52,1.4756,0.896,0.7821,4.7318,1.7837
"397","11547",1.0958,1.0958,1,0.8544,1.3968,1.712,1.52,1.4756,0.896,0.7821,4.7318,1.7837
"398","11548",1.0958,1.0958,1,0.8544,1.3968,1.712,1.52,1.4756,0.896,0.7821,4.7318,0.7613
"399","11550",1.3625,1.3625,1,0.8544,1.3968,1.0989,0.8771,0.7534,0.896,1.5827,4.7096,0.7613
"400","11552",1.0958,1.0958,1,0.8544,1.3968,1.0989,0.8771,0.7534,0.896,1.5827,4.7096,0.7613
"401","11553",1.3625,1.3625,1,0.8544,1.3968,1.0989,0.8771,0.7534,0.896,1.5827,4.7096,0.7613
"402","11554",1.3625,1.3625,1,0.8544,1.3968,1.0989,0.8771,0.7534,0.896,1.5827,4.7096,1.7837
"403","11556",1.3625,1.3625,1,0.8544,1.3968,1.0989,0.8771,0.7534,0.896,1.5827,4.7096,0.7613
"404","11557",1.3625,1.3625,1,0.8544,1.3968,1.0989,0.8771,0.7534,0.896,1.5827,5.4257,0.7613
"405","11558",1.3625,1.3625,1,0.8544,1.3968,1.0989,0.8771,0.7534,0.896,1.5827,5.4257,0.7613
"406","11559",1.3625,1.3625,1,0.8544,0.6029,0.6257,0.4267,0.4821,0.896,1.5827,5.4257,0.394
"407","11560",1.0958,1.0958,1,0.8544,1.3968,1.712,1.52,1.4756,0.896,0.7821,4.7318,1.7837
"408","11561",1.3625,1.3625,1,0.8544,1.3968,1.0989,0.8771,0.7534,0.896,1.5827,5.4257,0.7613
"409","11563",1.3625,1.3625,1,0.8544,1.3968,1.0989,0.8771,0.7534,0.896,1.5827,4.7096,0.7613
"410","11565",1.3625,1.3625,1,0.8544,0.6029,1.0989,0.8771,0.7534,0.896,1.5827,4.7096,0.7613
"411","11566",1.3625,1.3625,1,0.8544,1.3968,1.0989,0.8771,0.7534,0.896,1.5827,5.4257,0.7613
"412","11568",1.3625,1.3625,1,0.8544,1.3968,1.712,1.52,1.4756,0.896,0.7821,4.7318,0.7613
"413","11569",1.3625,1.3625,1,0.8544,1.3968,1.0989,0.8771,0.7534,0.896,1.5827,5.4257,0.7613
"414","11570",1.3625,1.3625,1,0.8544,1.3968,1.0989,0.8771,0.7534,0.896,1.5827,5.4257,0.7613
"415","11572",1.3625,1.3625,1,0.8544,1.3968,1.0989,0.8771,0.7534,0.896,1.5827,5.4257,0.7613
"416","11575",1.3625,1.3625,1,0.8544,1.3968,1.0989,0.8771,0.7534,0.896,1.5827,4.7096,0.7613
"417","11576",1.0958,1.0958,1,0.8544,0.6029,1.712,1.52,1.4756,0.896,0.7821,4.7318,0.7613
"418","11577",1.3625,1.3625,1,0.8544,0.6029,1.712,1.52,1.4756,0.896,0.7821,4.3834,0.7613
"419","11579",1.0958,1.0958,1,0.8544,1.3968,1.712,1.52,1.4756,0.896,0.7821,4.7318,1.7837
"420","11580",1.3625,1.3625,1,0.8544,1.3968,1.0989,0.8771,0.7534,1.7614,1.5827,4.7096,0.7613
"421","11581",1.3625,1.3625,1,0.8544,1.3968,1.0989,0.8771,0.7534,0.896,1.5827,4.7096,0.7613
"422","11590",1.3625,1.3625,1,0.8544,1.3968,1.0989,0.8771,0.7534,0.896,0.7821,4.7096,0.7613
"423","11596",1.0958,1.0958,1,0.8544,0.6029,1.0989,0.8771,0.7534,0.896,0.7821,4.3834,0.7613
"424","11598",1.3625,1.3625,1,0.8544,1.3968,1.0989,0.8771,0.7534,0.896,1.5827,5.4257,0.7613
"425","11599",1.0958,1.0958,1,0.8544,1.3968,1.0989,0.8771,0.7534,0.896,1.5827,4.7096,0.7613
"426","11691",1.3625,1.3625,1,0.8544,0.6029,0.6257,0.4267,0.4821,1.7614,1.5827,5.4257,0.394
"427","11692",1.3625,1.3625,1,0.8544,0.6029,0.6257,0.4267,0.4821,1.7614,1.5827,5.4257,0.394
"428","11693",1.3625,1.3625,1,0.8544,0.6029,0.6257,0.4267,0.4821,1.7614,1.5827,5.4257,0.394
"429","11694",1.3625,1.3625,1,0.8544,0.6029,0.6257,0.4267,0.4821,1.7614,1.5827,5.4257,0.394
"430","11697",1.3625,1.3625,1,0.8544,0.6029,0.6257,0.4267,0.4821,1.7614,1.5827,5.4257,0.394
"431","11701",1.3625,1.3625,1,0.8544,1.3968,1.0989,0.8771,0.7534,0.896,1.5827,5.4257,0.7613
"432","11702",1.3625,1.3625,1,0.8544,1.3968,1.0989,0.8771,0.7534,0.896,0.7821,5.4257,1.7837
"433","11703",1.3625,1.3625,1,0.8544,1.3968,1.0989,0.8771,0.7534,0.896,0.7821,5.4257,1.8685
"434","11704",1.3625,1.3625,1,0.8544,1.3968,1.0989,0.8771,0.7534,0.896,0.7821,5.4257,1.7837
"435","11705",1.3625,1.3625,1,0.8544,1.3968,1.0989,0.8771,0.7534,0.896,0.8979,7.0963,1.8685
"436","11706",1.3625,1.3625,1,0.8544,1.3968,1.0989,0.8771,0.7534,0.896,1.62,5.4257,1.8685
"437","11709",1.0958,1.0958,1,0.8544,1.3968,1.712,1.52,1.4756,0.896,0.7821,4.7318,1.7837
"438","11710",1.3625,1.3625,1,0.8544,1.3968,1.0989,0.8771,0.7534,0.896,1.5827,5.4257,0.7613
"439","11713",1.3625,1.3625,1,0.8544,1.3968,1.0989,0.8771,0.7534,0.896,0.8979,7.0963,1.8685
"440","11714",1.3625,1.3625,1,0.8544,1.3968,1.0989,0.8771,0.7534,0.896,0.7821,4.7096,1.7837
"441","11715",1.3625,1.3625,1,0.8544,1.3968,1.0989,0.8771,0.7534,0.896,0.8979,7.0963,1.8685
"442","11716",1.3625,1.3625,1,0.8544,1.3968,1.0989,0.8771,0.7534,0.896,1.62,5.4257,1.8685
"443","11717",1.3625,1.3625,1,0.8544,1.3968,1.0989,0.8771,0.7534,0.896,1.62,4.7096,1.8685
"444","11718",1.3625,1.3625,1,0.8544,1.3968,1.0989,0.8771,0.7534,0.896,1.62,5.4257,1.8685
"445","11719",1.3625,1.3625,1,0.8544,1.3968,1.0989,0.8771,0.7534,0.896,0.8979,7.0963,1.2948
"446","11720",1.3625,1.3625,1,0.8544,1.3968,1.0989,0.8771,0.7534,0.896,1.62,4.7096,1.8685
"447","11721",1.3625,1.3625,1,0.8544,1.3968,1.712,1.52,1.4756,0.896,0.7821,5.6914,1.8685
"448","11722",1.3625,1.3625,1,0.8544,1.3968,1.0989,0.8771,0.7534,0.896,1.62,4.7096,1.8685
"449","11724",1.0958,1.0958,1,0.8544,1.3968,1.712,1.52,1.4756,0.896,0.7821,5.6914,1.7837
"450","11725",1.3625,1.3625,1,0.8544,1.3968,1.712,1.52,1.4756,0.896,0.7821,4.7096,1.8685
"451","11726",1.3625,1.3625,1,0.8544,1.3968,1.0989,0.8771,0.7534,0.896,0.7821,5.4257,0.7613
"452","11727",1.3625,1.3625,1,1.3433,1.3968,1.0989,0.8771,0.7534,0.896,0.8979,4.7096,1.8685
"453","11729",1.3625,1.3625,1,0.8544,1.3968,1.0989,0.8771,0.7534,0.896,0.7821,4.7096,1.8685
"454","11730",1.3625,1.3625,1,0.8544,1.3968,1.0989,0.8771,0.7534,0.896,1.62,7.0963,1.8685
"455","11731",1.3625,1.3625,1,0.8544,1.3968,1.712,1.52,1.4756,0.896,0.7821,4.7096,1.8685
"456","11732",1.0958,1.0958,1,0.8544,1.3968,1.712,1.52,1.4756,0.896,0.7821,4.7096,1.7837
"457","11733",1.3625,1.3625,1,0.8544,1.3968,1.712,1.52,1.4756,0.896,1.62,5.6914,1.8685
"458","11735",1.3625,1.3625,1,0.8544,1.3968,1.0989,0.8771,0.7534,0.896,0.7821,4.7096,1.7837
"459","11737",1.3625,1.3625,1,0.8544,1.3968,1.0989,0.8771,0.7534,0.896,0.7821,4.7096,1.7837
"460","11738",1.3625,1.3625,1,0.8544,1.3968,1.0989,0.8771,0.7534,0.896,0.8979,4.7096,1.8685
"461","11739",1.3625,1.3625,1,0.8544,1.3968,1.0989,0.8771,0.7534,0.896,1.62,7.0963,1.8685
"462","11740",1.3625,1.3625,1,0.8544,1.3968,1.712,1.52,1.4756,0.896,0.7821,4.7096,1.8685
"463","11741",1.3625,1.3625,1,0.8544,1.3968,1.0989,0.8771,0.7534,0.896,0.8979,4.7096,1.8685
"464","11742",1.3625,1.3625,1,0.8544,1.3968,1.0989,0.8771,0.7534,0.896,0.8979,4.7096,1.8685
"465","11743",1.3625,1.3625,1,0.8544,1.3968,1.712,1.52,1.4756,0.896,0.7821,5.6914,1.8685
"466","11746",1.3625,1.3625,1,0.8544,1.3968,1.712,1.52,1.4756,0.896,0.7821,4.7096,1.8685
"467","11747",1.3625,1.3625,1,0.8544,1.3968,1.0989,0.8771,0.7534,0.896,0.7821,4.7096,1.8685
"468","11749",1.3625,1.3625,1,0.8544,1.3968,1.0989,0.8771,0.7534,0.896,1.62,4.7096,1.8685
"469","11751",1.3625,1.3625,1,0.8544,1.3968,1.0989,0.8771,0.7534,0.896,1.62,5.4257,1.8685
"470","11752",1.3625,1.3625,1,0.8544,1.3968,1.0989,0.8771,0.7534,0.896,1.62,5.4257,1.8685
"471","11753",1.3625,1.3625,1,0.8544,1.3968,1.712,1.52,1.4756,0.896,0.7821,4.7096,0.7613
"472","11754",1.3625,1.3625,1,0.8544,1.3968,1.712,1.52,1.4756,0.896,0.7821,5.6914,1.8685
"473","11755",1.3625,1.3625,1,0.8544,1.3968,1.0989,0.8771,0.7534,0.896,1.62,4.7096,1.8685
"474","11756",1.3625,1.3625,1,0.8544,1.3968,1.0989,0.8771,0.7534,0.896,1.5827,4.7096,1.7837
"475","11757",1.3625,1.3625,1,0.8544,1.3968,1.0989,0.8771,0.7534,0.896,0.7821,5.4257,0.7613
"476","11758",1.3625,1.3625,1,0.8544,1.3968,1.0989,0.8771,0.7534,0.896,1.5827,5.4257,0.7613
"477","11762",1.3625,1.3625,1,0.8544,1.3968,1.0989,0.8771,0.7534,0.896,0.7821,5.4257,0.7613
"478","11763",1.3625,1.3625,1,0.8544,1.3968,1.0989,0.8771,0.7534,0.896,0.8979,4.7096,1.8685
"479","11764",1.3625,1.3625,1,1.3433,1.3968,1.0989,0.8771,0.7534,0.896,1.62,5.6914,1.8685
"480","11765",1.0958,1.0958,1,0.8544,1.3968,1.712,1.52,1.4756,0.896,0.7821,4.7318,1.7837
"481","11766",1.3625,1.3625,1,1.3433,1.3968,1.0989,0.8771,0.7534,0.896,1.62,5.6914,1.8685
"482","11767",1.3625,1.3625,1,0.8544,1.3968,1.712,1.52,1.4756,0.896,0.7821,4.7096,1.8685
"483","11768",1.3625,1.3625,1,0.8544,1.3968,1.712,1.52,1.4756,0.896,0.7821,5.6914,1.8685
"484","11769",1.3625,1.3625,1,0.8544,1.3968,1.0989,0.8771,0.7534,0.896,1.62,7.0963,1.8685
"485","11770",1.3625,1.3625,1,0.8544,1.3968,1.0989,0.8771,0.7534,0.896,1.62,5.4257,1.8685
"486","11771",1.0958,1.0958,1,0.8544,1.3968,1.712,1.52,1.4756,0.896,0.7821,4.7318,1.7837
"487","11772",1.3625,1.3625,1,0.8544,1.3968,1.0989,0.8771,0.7534,0.896,0.8979,7.0963,1.8685
"488","11776",1.3625,1.3625,1,1.3433,1.3968,1.0989,0.8771,0.7534,0.896,1.62,4.7096,1.8685
"489","11777",1.3625,1.3625,1,1.3433,1.3968,1.0989,0.8771,0.7534,0.896,1.62,5.6914,1.8685
"490","11778",1.3625,1.3625,1,1.3433,1.3968,1.0989,0.8771,0.7534,0.896,0.8979,5.6914,1.8685
"491","11779",1.3625,1.3625,1,0.8544,1.3968,1.0989,0.8771,0.7534,0.896,1.62,4.7096,1.8685
"492","11780",1.3625,1.3625,1,0.8544,1.3968,1.712,1.52,1.4756,0.896,0.7821,5.6914,1.8685
"493","11782",1.3625,1.3625,1,0.8544,1.3968,1.0989,0.8771,0.7534,0.896,1.62,7.0963,1.8685
"494","11783",1.3625,1.3625,1,0.8544,1.3968,1.0989,0.8771,0.7534,0.896,1.5827,5.4257,0.7613
"495","11784",1.3625,1.3625,1,0.8544,1.3968,1.0989,0.8771,0.7534,0.896,0.8979,4.7096,1.8685
"496","11786",1.3625,1.3625,1,1.3433,1.3968,1.0989,0.8771,0.7534,0.896,0.8979,5.6914,1.2948
"497","11787",1.3625,1.3625,1,0.8544,1.3968,1.712,1.52,1.4756,0.896,0.7821,4.7096,1.8685
"498","11788",1.3625,1.3625,1,0.8544,1.3968,1.0989,0.8771,0.7534,0.896,0.7821,4.7096,1.8685
"499","11789",1.3625,1.3625,1,1.3433,1.3968,1.0989,0.8771,0.7534,0.896,0.8979,5.6914,1.8685
"500","11790",1.3625,1.3625,1,0.8544,1.3968,1.712,1.52,1.4756,0.896,1.62,5.6914,1.8685
"501","11791",1.0958,1.0958,1,0.8544,1.3968,1.712,1.52,1.4756,0.896,0.7821,4.7096,1.7837
"502","11792",1.3625,1.3625,1,1.3433,1.3968,1.0989,0.8771,0.7534,0.896,0.8979,5.6914,1.2948
"503","11793",1.3625,1.3625,1,0.8544,1.3968,1.0989,0.8771,0.7534,0.896,1.5827,5.4257,0.7613
"504","11795",1.3625,1.3625,1,0.8544,1.3968,1.0989,0.8771,0.7534,0.896,0.7821,5.4257,1.7837
"505","11796",1.3625,1.3625,1,0.8544,1.3968,1.0989,0.8771,0.7534,0.896,1.62,7.0963,1.8685
"506","11797",1.0958,1.0958,1,0.8544,1.3968,1.712,1.52,1.4756,0.896,0.7821,5.6914,1.7837
"507","11798",1.3625,1.3625,1,0.8544,1.3968,1.0989,0.8771,0.7534,0.896,0.7821,4.7096,1.8685
"508","11801",1.3625,1.3625,1,0.8544,1.3968,1.0989,0.8771,0.7534,0.896,0.7821,4.7096,0.7613
"509","11803",1.0958,1.0958,1,0.8544,1.3968,1.712,1.52,1.4756,0.896,0.7821,4.7096,1.7837
"510","11804",1.0958,1.0958,1,0.8544,1.3968,1.0989,0.8771,0.7534,0.896,0.7821,4.7096,1.7837
"511","11901",1.3625,1.3625,1,1.3433,1.3968,1.3251,1.8119,1.2463,0.896,0.8979,5.6914,1.2948
"512","11930",1.3625,1.3625,1,1.3433,1.3968,1.3251,1.8119,1.2463,0.896,0.8979,8.2194,1.2948
"513","11931",1.3625,1.3625,1,1.3433,1.3968,1.3251,1.8119,1.2463,0.896,0.8979,5.6914,1.2948
"514","11932",1.3625,1.3625,1,1.3433,1.3968,1.3251,1.8119,1.2463,0.896,0.8979,8.2194,1.2948
"515","11933",1.3625,1.3625,1,1.3433,1.3968,1.3251,1.8119,1.2463,0.896,0.8979,5.6914,1.2948
"516","11934",1.3625,1.3625,1,1.3433,1.3968,1.3251,1.8119,1.2463,0.896,0.8979,8.2194,1.2948
"517","11935",1.3625,1.3625,1,1.3433,1.3968,1.3251,1.8119,1.2463,0.896,0.8979,8.2194,1.2948
"518","11937",1.3625,1.3625,1,1.3433,1.3968,1.3251,1.8119,1.2463,0.896,0.8979,8.2194,1.2948
"519","11939",1.3625,1.3625,1,1.3433,1.3968,1.3251,1.8119,1.2463,0.896,0.8979,8.2194,1.2948
"520","11940",1.3625,1.3625,1,1.3433,1.3968,1.3251,1.8119,1.2463,0.896,0.8979,8.2194,1.2948
"521","11941",1.3625,1.3625,1,1.3433,1.3968,1.3251,1.8119,1.2463,0.896,0.8979,8.2194,1.2948
"522","11942",1.3625,1.3625,1,1.3433,1.3968,1.3251,1.8119,1.2463,0.896,0.8979,8.2194,1.2948
"523","11944",1.3625,1.3625,1,1.3433,1.3968,1.3251,1.8119,1.2463,0.896,0.8979,8.2194,1.2948
"524","11946",1.3625,1.3625,1,1.3433,1.3968,1.3251,1.8119,1.2463,0.896,0.8979,8.2194,1.2948
"525","11947",1.3625,1.3625,1,1.3433,1.3968,1.3251,1.8119,1.2463,0.896,0.8979,5.6914,1.2948
"526","11948",1.3625,1.3625,1,1.3433,1.3968,1.3251,1.8119,1.2463,0.896,0.8979,8.2194,1.2948
"527","11949",1.3625,1.3625,1,1.3433,1.3968,1.3251,1.8119,1.2463,0.896,0.8979,5.6914,1.2948
"528","11950",1.3625,1.3625,1,1.3433,1.3968,1.3251,1.8119,1.2463,0.896,0.8979,5.6914,1.2948
"529","11951",1.3625,1.3625,1,1.3433,1.3968,1.3251,1.8119,1.2463,0.896,0.8979,7.0963,1.2948
"530","11952",1.3625,1.3625,1,1.3433,1.3968,1.3251,1.8119,1.2463,0.896,0.8979,8.2194,1.2948
"531","11953",1.3625,1.3625,1,1.3433,1.3968,1.0989,0.8771,0.7534,0.896,0.8979,4.7096,1.8685
"532","11954",1.3625,1.3625,1,1.3433,1.3968,1.3251,1.8119,1.2463,0.896,0.8979,8.2194,1.2948
"533","11955",1.3625,1.3625,1,1.3433,1.3968,1.3251,1.8119,1.2463,0.896,0.8979,8.2194,1.2948
"534","11956",1.3625,1.3625,1,1.3433,1.3968,1.3251,1.8119,1.2463,0.896,0.8979,8.2194,1.2948
"535","11957",1.3625,1.3625,1,1.3433,1.3968,1.3251,1.8119,1.2463,0.896,0.8979,8.2194,1.2948
"536","11958",1.3625,1.3625,1,1.3433,1.3968,1.3251,1.8119,1.2463,0.896,0.8979,8.2194,1.2948
"537","11959",1.3625,1.3625,1,1.3433,1.3968,1.3251,1.8119,1.2463,0.896,0.8979,8.2194,1.2948
"538","11960",1.3625,1.3625,1,0.8544,1.3968,1.0989,0.8771,0.7534,0.896,0.8979,7.0963,1.8685
"539","11961",1.3625,1.3625,1,1.3433,1.3968,1.0989,0.8771,0.7534,0.896,0.8979,4.7096,1.2948
"540","11962",1.3625,1.3625,1,1.3433,1.3968,1.3251,1.8119,1.2463,0.896,0.8979,8.2194,1.2948
"541","11963",1.3625,1.3625,1,1.3433,1.3968,1.3251,1.8119,1.2463,0.896,0.8979,8.2194,1.2948
"542","11964",1.3625,1.3625,1,1.3433,1.3968,1.3251,1.8119,1.2463,0.896,0.8979,8.2194,1.2948
"543","11965",1.3625,1.3625,1,1.3433,1.3968,1.3251,1.8119,1.2463,0.896,0.8979,8.2194,1.2948
"544","11967",1.3625,1.3625,1,1.3433,1.3968,1.0989,0.8771,0.7534,0.896,0.8979,7.0963,1.2948
"545","11968",1.3625,1.3625,1,1.3433,1.3968,1.3251,1.8119,1.2463,0.896,0.8979,8.2194,1.2948
"546","11970",1.3625,1.3625,1,1.3433,1.3968,1.3251,1.8119,1.2463,0.896,0.8979,8.2194,1.2948
"547","11971",1.3625,1.3625,1,1.3433,1.3968,1.3251,1.8119,1.2463,0.896,0.8979,8.2194,1.2948
"548","11972",1.3625,1.3625,1,0.8544,1.3968,1.0989,0.8771,0.7534,0.896,0.8979,7.0963,1.8685
"549","11975",1.3625,1.3625,1,1.3433,1.3968,1.3251,1.8119,1.2463,0.896,0.8979,8.2194,1.2948
"550","11976",1.3625,1.3625,1,1.3433,1.3968,1.3251,1.8119,1.2463,0.896,0.8979,8.2194,1.2948
"551","11977",1.3625,1.3625,1,1.3433,1.3968,1.3251,1.8119,1.2463,0.896,0.8979,8.2194,1.2948
"552","11978",1.3625,1.3625,1,1.3433,1.3968,1.3251,1.8119,1.2463,0.896,0.8979,8.2194,1.2948
"553","11980",1.3625,1.3625,1,0.8544,1.3968,1.0989,0.8771,0.7534,0.896,0.8979,4.7096,1.2948
"554","12007",0.8662,0.8662,1,0.8187,1.0898,0.7504,0.9474,1.2726,0.8851,0.4693,0,0.9276
"555","12008",0.8662,0.8662,1,0.8187,1.0898,1.0252,2.0503,1.0595,0.5762,0.7474,0,1.5463
"556","12009",0.8662,0.8662,1,0.8187,1.0898,1.0252,2.0503,1.0595,0.8851,0.4693,0,0.9276
"557","12010",0.8662,0.8662,1,0.8187,1.0898,0.7504,0.9474,1.2726,0.5762,0.7474,0,1.5463
"558","12015",0.8662,0.8662,1,0.8187,1.0898,0.8722,0.891,1.8786,0.5762,0.6613,0,0.9276
"559","12017",0.8662,0.8662,1,0.8187,1.0898,0.8722,0.891,1.8786,0.5762,0.4693,0,0.9276
"560","12018",0.8662,0.8662,1,0.8187,1.0898,0.8722,0.891,1.8786,0.8851,0.7474,0,1.5463
"561","12019",0.8662,0.8662,1,0.8187,1.0898,1.0252,2.0503,1.0595,0.8851,0.7474,0,1.5463
"562","12020",0.8662,0.8662,1,0.8187,1.0898,1.0252,2.0503,1.0595,0.5762,0.7474,0,1.5463
"563","12022",0.7593,0.7593,1,0.8187,1.0898,0.8722,0.891,1.8786,0.5762,0.4693,0,1.5463
"564","12023",0.8662,0.8662,1,0.8187,1.0898,0.7504,0.9474,1.2726,0.8851,0.4693,0,0.9276
"565","12024",0.8662,0.8662,1,0.8187,1.0898,0.8722,0.891,1.8786,0.5762,0.4693,0,1.5463
"566","12025",0.7593,0.7593,1,0.8187,1.0898,0.7504,0.9474,1.2726,0.5762,0.4693,0,1.5463
"567","12027",0.8662,0.8662,1,0.8187,1.0898,1.0252,2.0503,1.0595,0.5762,0.7474,0,1.5463
"568","12028",0.7593,0.7593,1,0.8187,1.0898,0.8722,0.891,1.8786,0.5762,0.7474,0,1.5463
"569","12029",0.8662,0.8662,1,0.8187,1.0898,0.8722,0.891,1.8786,0.5762,0.4693,0,0.9276
"570","12031",0.8662,0.8662,1,0.8187,1.0898,0.7504,0.9474,1.2726,0.5762,0.4693,0,0.9276
"571","12032",0.8662,0.8662,1,0.8187,1.0898,0.7504,0.9474,1.2726,0.5762,0.4693,0,1.5463
"572","12033",0.8662,0.8662,1,0.8187,1.0898,0.8722,0.891,1.8786,0.8851,0.4693,0,1.5463
"573","12035",0.8662,0.8662,1,0.8187,1.0898,0.7504,0.9474,1.2726,0.5762,0.4693,0,0.9276
"574","12036",0.8662,0.8662,1,0.8187,1.0898,0.7504,0.9474,1.2726,0.5762,0.4693,0,0.9276
"575","12037",0.8662,0.8662,1,0.8187,1.0898,0.8722,0.891,1.8786,0.5762,0.4693,0,1.5463
"576","12040",0.7593,0.7593,1,0.8187,1.0898,0.8722,0.891,1.8786,0.5762,0.4693,0,1.5463
"577","12041",0.8662,0.8662,1,0.8187,1.0898,0.7504,0.9474,1.2726,0.8851,0.4693,0,0.9276
"578","12042",0.8662,0.8662,1,0.8187,1.0898,0.7504,0.9474,1.2726,0.5762,0.4693,0,0.9276
"579","12043",0.8662,0.8662,1,0.8187,1.0898,0.7504,0.9474,1.2726,0.5762,0.4693,0,0.9276
"580","12045",0.8662,0.8662,1,0.8187,1.0898,0.7504,0.9474,1.2726,0.8851,0.4693,0,0.9276
"581","12046",0.8662,0.8662,1,0.8187,1.0898,0.7504,0.9474,1.2726,0.8851,0.4693,0,0.9276
"582","12047",0.8662,0.8662,1,0.8187,1.0898,1.0252,2.0503,1.0595,0.8851,0.7474,0,1.5463
"583","12050",0.8662,0.8662,1,0.8187,1.0898,0.8722,0.891,1.8786,0.5762,0.4693,0,1.5463
"584","12051",0.8662,0.8662,1,0.8187,1.0898,0.8722,0.891,1.8786,0.5762,0.6613,0,0.9276
"585","12052",0.8662,0.8662,1,0.8187,1.0898,0.8722,0.891,1.8786,0.8851,0.7474,0,1.5463
"586","12053",0.8662,0.8662,1,0.8187,1.0898,0.7504,0.9474,1.2726,0.8851,0.4693,0,1.5463
"587","12054",0.8662,0.8662,1,0.8187,1.0898,1.0252,2.0503,1.0595,0.8851,0.4693,0,0.9276
"588","12055",0.8662,0.8662,1,0.8187,1.0898,0.7504,0.9474,1.2726,0.8851,0.4693,0,0.9276
"589","12056",0.8662,0.8662,1,0.8187,1.0898,0.7504,0.9474,1.2726,0.8851,0.4693,0,1.5463
"590","12057",0.7593,0.7593,1,0.8187,1,0.8722,0.891,1.8786,0.5762,0.4693,0,1.5463
"591","12058",0.8662,0.8662,1,0.8187,1.0898,0.8722,0.891,1.8786,0.5762,0.6613,0,0.9276
"592","12059",0.8662,0.8662,1,0.8187,1.0898,0.7504,0.9474,1.2726,0.8851,0.4693,0,0.9276
"593","12060",0.8662,0.8662,1,0.8187,1.0898,0.8722,0.891,1.8786,0.5762,0.4693,0,0.9276
"594","12061",0.8662,0.8662,1,0.8187,1.0898,0.8722,0.891,1.8786,0.5762,0.4693,0,1.5463
"595","12062",0.8662,0.8662,1,0.8187,1.0898,0.8722,0.891,1.8786,0.5762,0.4693,0,1.5463
"596","12063",0.8662,0.8662,1,0.8187,1.0898,0.8722,0.891,1.8786,0.5762,0.4693,0,1.5463
"597","12064",0.8662,0.8662,1,0.8187,1.0898,0.7504,0.9474,1.2726,0.5762,0.4693,0,0.9276
"598","12065",0.8662,0.8662,1,0.8187,1.0898,1.0252,2.0503,1.0595,0.5762,0.7474,0,1.5463
"599","12066",0.8662,0.8662,1,0.8187,1.0898,0.7504,0.9474,1.2726,0.5762,0.4693,0,1.5463
"600","12067",0.8662,0.8662,1,0.8187,1.0898,0.7504,0.9474,1.2726,0.8851,0.4693,0,0.9276
"601","12068",0.8662,0.8662,1,0.8187,1.0898,0.7504,0.9474,1.2726,0.5762,0.4693,0,1.5463
"602","12069",0.8662,0.8662,1,0.8187,1.0898,0.7504,0.9474,1.2726,0.5762,0.7474,0,1.5463
"603","12070",0.8662,0.8662,1,0.8187,1.0898,0.7504,0.9474,1.2726,0.5762,0.4693,0,1.5463
"604","12071",0.8662,0.8662,1,0.8187,1.0898,0.7504,0.9474,1.2726,0.5762,0.4693,0,0.9276
"605","12072",0.8662,0.8662,1,0.8187,1.0898,0.7504,0.9474,1.2726,0.5762,0.4693,0,1.5463
"606","12074",0.8662,0.8662,1,0.8187,1.0898,0.7504,0.9474,1.2726,0.5762,0.4693,0,1.5463
"607","12075",0.8662,0.8662,1,0.8187,1.0898,0.8722,0.891,1.8786,0.5762,0.4693,0,1.5463
"608","12076",0.8662,0.8662,1,0.8187,1.0898,0.7504,0.9474,1.2726,0.5762,0.4693,0,0.9276
"609","12077",0.8662,0.8662,1,0.8187,1.0898,1.0252,2.0503,1.0595,0.8851,0.4693,0,0.9276
"610","12078",0.8662,0.8662,1,0.8187,1.0898,0.7504,0.9474,1.2726,0.5762,0.4693,0,1.5463
"611","12082",0.8662,0.8662,1,0.8187,1.0898,0.8722,0.891,1.8786,0.8851,0.7474,0,1.5463
"612","12083",0.8662,0.8662,1,0.8187,1.0898,0.7504,0.9474,1.2726,0.8851,0.4693,0,0.9276
"613","12084",0.8662,0.8662,1,0.8187,1.0898,1.0252,2.0503,1.0595,0.8851,0.7474,0,1.5463
"614","12085",0.8662,0.8662,1,0.8187,1.0898,1.0252,2.0503,1.0595,0.8851,0.4693,0,0.9276
"615","12086",0.7593,0.7593,1,0.8187,1.0898,0.7504,0.9474,1.2726,0.5762,0.4693,0,1.5463
"616","12087",0.8662,0.8662,1,0.8187,1.0898,0.7504,0.9474,1.2726,0.5762,0.4693,0,0.9276
"617","12089",0.7593,0.7593,1,0.8187,1.0898,0.8722,0.891,1.8786,0.5762,0.4693,0,1.5463
"618","12090",0.7593,0.7593,1,0.8187,1.0898,0.8722,0.891,1.8786,0.5762,0.4693,0,1.5463
"619","12092",0.8662,0.8662,1,0.8187,1.0898,0.7504,0.9474,1.2726,0.5762,0.4693,0,0.9276
"620","12093",0.8662,0.8662,1,0.8187,1.0898,0.7504,0.9474,1.2726,0.5762,0.4693,0,0.9276
"621","12094",0.8662,0.8662,1,0.8187,1.0898,0.8722,0.891,1.8786,0.5762,0.7474,0,1.5463
"622","12095",0.8662,0.8662,1,0.8187,1.0898,0.7504,0.9474,1.2726,0.5762,0.4693,0,1.5463
"623","12106",0.8662,0.8662,1,0.8187,1.0898,0.8722,0.891,1.8786,0.5762,0.4693,0,1.5463
"624","12107",0.8662,0.8662,1,0.8187,1.0898,1.0252,2.0503,1.0595,0.8851,0.4693,0,0.9276
"625","12108",0.7593,0.7593,1,1.2898,1,0.7504,0.9474,1.2726,0.5762,0.4693,0,1.5463
"626","12110",0.8662,0.8662,1,0.8187,1.0898,1.0252,2.0503,1.0595,0.8851,0.7474,0,1.5463
"627","12115",0.8662,0.8662,1,0.8187,1.0898,0.8722,0.891,1.8786,0.5762,0.4693,0,1.5463
"628","12116",0.8662,0.8662,1,0.8187,1.0898,0.7504,0.9474,1.2726,0.5762,0.4693,0,0.9276
"629","12117",0.8662,0.8662,1,0.8187,1.0898,0.7504,0.9474,1.2726,0.5762,0.4693,0,1.5463
"630","12118",0.8662,0.8662,1,0.8187,1.0898,1.0252,2.0503,1.0595,0.5762,0.7474,0,1.5463
"631","12120",0.8662,0.8662,1,0.8187,1.0898,0.7504,0.9474,1.2726,0.8851,0.4693,0,0.9276
"632","12121",0.8662,0.8662,1,0.8187,1.0898,0.8722,0.891,1.8786,0.5762,0.7474,0,1.5463
"633","12122",0.8662,0.8662,1,0.8187,1.0898,0.7504,0.9474,1.2726,0.8851,0.4693,0,0.9276
"634","12123",0.8662,0.8662,1,0.8187,1.0898,0.8722,0.891,1.8786,0.5762,0.4693,0,1.5463
"635","12124",0.8662,0.8662,1,0.8187,1.0898,0.8722,0.891,1.8786,0.5762,0.4693,0,1.5463
"636","12125",0.8662,0.8662,1,0.8187,1.0898,0.8722,0.891,1.8786,0.5762,0.4693,0,1.5463
"637","12130",0.8662,0.8662,1,0.8187,1.0898,0.8722,0.891,1.8786,0.5762,0.4693,0,1.5463
"638","12131",0.8662,0.8662,1,0.8187,1.0898,0.7504,0.9474,1.2726,0.5762,0.4693,0,0.9276
"639","12132",0.8662,0.8662,1,0.8187,1.0898,0.8722,0.891,1.8786,0.5762,0.4693,0,1.5463
"640","12134",0.8662,0.8662,1,0.8187,1.0898,0.7504,0.9474,1.2726,0.5762,0.4693,0,1.5463
"641","12136",0.8662,0.8662,1,0.8187,1.0898,0.8722,0.891,1.8786,0.5762,0.4693,0,1.5463
"642","12137",0.8662,0.8662,1,0.8187,1.0898,1.0252,2.0503,1.0595,0.8851,0.7474,0,1.5463
"643","12138",0.7593,0.7593,1,0.8187,1.0898,0.8722,0.891,1.8786,0.5762,0.4693,0,1.5463
"644","12139",0.7593,0.7593,1,1.2898,1,0.7504,0.9474,1.2726,0.5762,0.4693,0,1.5463
"645","12140",0.8662,0.8662,1,0.8187,1.0898,0.8722,0.891,1.8786,0.5762,0.4693,0,1.5463
"646","12143",0.8662,0.8662,1,0.8187,1.0898,0.7504,0.9474,1.2726,0.8851,0.4693,0,0.9276
"647","12144",0.8662,0.8662,1,0.8187,1.0898,0.8722,0.891,1.8786,0.8851,0.4693,0,1.5463
"648","12147",0.8662,0.8662,1,0.8187,1.0898,0.7504,0.9474,1.2726,0.8851,0.4693,0,0.9276
"649","12148",0.8662,0.8662,1,0.8187,1.0898,1.0252,2.0503,1.0595,0.5762,0.7474,0,1.5463
"650","12149",0.8662,0.8662,1,0.8187,1.0898,0.7504,0.9474,1.2726,0.5762,0.4693,0,0.9276
"651","12150",0.8662,0.8662,1,0.8187,1.0898,1.0252,2.0503,1.0595,0.8851,0.7474,0,1.5463
"652","12151",0.8662,0.8662,1,0.8187,1.0898,1.0252,2.0503,1.0595,0.5762,0.7474,0,1.5463
"653","12153",0.7593,0.7593,1,0.8187,1.0898,0.8722,0.891,1.8786,0.5762,0.7474,0,1.5463
"654","12154",0.8662,0.8662,1,0.8187,1.0898,1.0252,2.0503,1.0595,0.5762,0.4693,0,1.5463
"655","12155",0.8662,0.8662,1,0.8187,1.0898,0.7504,0.9474,1.2726,0.5762,0.4693,0,0.9276
"656","12156",0.8662,0.8662,1,0.8187,1.0898,0.8722,0.891,1.8786,0.5762,0.4693,0,1.5463
"657","12157",0.8662,0.8662,1,0.8187,1.0898,0.7504,0.9474,1.2726,0.5762,0.4693,0,0.9276
"658","12158",0.8662,0.8662,1,0.8187,1.0898,0.7504,0.9474,1.2726,0.8851,0.4693,0,0.9276
"659","12159",0.8662,0.8662,1,0.8187,1.0898,1.0252,2.0503,1.0595,0.8851,0.4693,0,0.9276
"660","12160",0.8662,0.8662,1,0.8187,1.0898,0.7504,0.9474,1.2726,0.5762,0.4693,0,0.9276
"661","12161",0.8662,0.8662,1,0.8187,1.0898,0.7504,0.9474,1.2726,0.8851,0.4693,0,0.9276
"662","12164",0.7593,0.7593,1,1.2898,1,0.7504,0.9474,1.2726,0.5762,0.4693,0,1.5463
"663","12165",0.8662,0.8662,1,0.8187,1.0898,0.8722,0.891,1.8786,0.5762,0.4693,0,1.5463
"664","12166",0.8662,0.8662,1,0.8187,1.0898,0.7504,0.9474,1.2726,0.5762,0.4693,0,0.9276
"665","12167",0.8662,0.8662,1,0.8187,1.0898,0.7504,0.9474,1.2726,0.5762,0.4693,0,0.9276
"666","12168",0.8662,0.8662,1,0.8187,1.0898,0.8722,0.891,1.8786,0.5762,0.4693,0,1.5463
"667","12169",0.8662,0.8662,1,0.8187,1.0898,0.8722,0.891,1.8786,0.5762,0.7474,0,1.5463
"668","12170",0.7593,0.7593,1,0.8187,1.0898,1.0252,2.0503,1.0595,0.5762,0.7474,0,1.5463
"669","12172",0.8662,0.8662,1,0.8187,1.0898,0.8722,0.891,1.8786,0.5762,0.4693,0,1.5463
"670","12173",0.8662,0.8662,1,0.8187,1.0898,0.8722,0.891,1.8786,0.5762,0.4693,0,1.5463
"671","12174",0.8662,0.8662,1,0.8187,1.0898,0.8722,0.891,1.8786,0.5762,0.4693,0,1.5463
"672","12175",0.8662,0.8662,1,0.8187,1.0898,0.7504,0.9474,1.2726,0.5762,0.4693,0,0.9276
"673","12176",0.8662,0.8662,1,0.8187,1.0898,0.7504,0.9474,1.2726,0.5762,0.4693,0,0.9276
"674","12177",0.8662,0.8662,1,0.8187,1.0898,0.7504,0.9474,1.2726,0.5762,0.4693,0,1.5463
"675","12180",0.8662,0.8662,1,0.8187,1.0898,0.8722,0.891,1.8786,0.8851,0.7474,0,1.5463
"676","12182",0.8662,0.8662,1,0.8187,1.0898,0.8722,0.891,1.8786,0.8851,0.7474,0,1.5463
"677","12183",0.8662,0.8662,1,0.8187,1.0898,1.0252,2.0503,1.0595,0.8851,0.7474,0,1.5463
"678","12184",0.8662,0.8662,1,0.8187,1.0898,0.8722,0.891,1.8786,0.5762,0.4693,0,1.5463
"679","12185",0.8662,0.8662,1,0.8187,1.0898,1.0252,2.0503,1.0595,0.5762,0.7474,0,1.5463
"680","12186",0.8662,0.8662,1,0.8187,1.0898,1.0252,2.0503,1.0595,0.8851,0.4693,0,0.9276
"681","12187",0.8662,0.8662,1,0.8187,1.0898,0.7504,0.9474,1.2726,0.5762,0.4693,0,0.9276
"682","12188",0.8662,0.8662,1,0.8187,1.0898,1.0252,2.0503,1.0595,0.5762,0.7474,0,1.5463
"683","12189",0.8662,0.8662,1,0.8187,1.0898,1.0252,2.0503,1.0595,0.8851,0.7474,0,1.5463
"684","12190",0.8662,0.8662,1,1.2898,1.0898,0.7504,0.9474,1.2726,0.5762,0.4693,0,1.5463
"685","12192",0.8662,0.8662,1,0.8187,1.0898,0.8722,0.891,1.8786,0.5762,0.4693,0,0.9276
"686","12193",0.8662,0.8662,1,0.8187,1.0898,0.7504,0.9474,1.2726,0.8851,0.4693,0,0.9276
"687","12194",0.8662,0.8662,1,0.8187,1.0898,0.7504,0.9474,1.2726,0.5762,0.4693,0,0.9276
"688","12196",0.8662,0.8662,1,0.8187,1.0898,0.8722,0.891,1.8786,0.5762,0.4693,0,1.5463
"689","12197",0.8662,0.8662,1,0.8187,1.0898,0.7504,0.9474,1.2726,0.5762,0.4693,0,0.9276
"690","12198",0.8662,0.8662,1,0.8187,1.0898,0.8722,0.891,1.8786,0.5762,0.4693,0,1.5463
"691","12202",1.3665,1.3665,1,0.8187,1.0898,1.0252,2.0503,1.0595,0.8851,0.5366,0,0.9276
"692","12203",0.8662,0.8662,1,0.8187,1.0898,1.0252,2.0503,1.0595,0.8851,0.7474,0,1.5463
"693","12204",0.8662,0.8662,1,0.8187,1.0898,1.0252,2.0503,1.0595,0.8851,0.7474,0,0.9276
"694","12205",0.8662,0.8662,1,0.8187,1.0898,1.0252,2.0503,1.0595,0.8851,0.7474,0,1.5463
"695","12206",0.8662,0.8662,1,0.8187,1.0898,1.0252,2.0503,1.0595,0.8851,0.7474,0,1.5463
"696","12207",1.3665,1.3665,1,0.8187,1.0898,1.0252,2.0503,1.0595,0.8851,0.5366,0,0.9276
"697","12208",0.8662,0.8662,1,0.8187,1.0898,1.0252,2.0503,1.0595,0.8851,0.4693,0,1.5463
"698","12209",1.3665,1.3665,1,0.8187,1.0898,1.0252,2.0503,1.0595,0.8851,0.5366,0,0.9276
"699","12210",1.3665,1.3665,1,0.8187,1.0898,1.0252,2.0503,1.0595,0.8851,0.5366,0,0.9276
"700","12211",0.8662,0.8662,1,0.8187,1.0898,1.0252,2.0503,1.0595,0.8851,0.7474,0,1.5463
"701","12223",1.3665,1.3665,1,0.8187,1.0898,1.0252,2.0503,1.0595,0.8851,0.5366,0,0.9276
"702","12226",0.8662,0.8662,1,0.8187,1.0898,1.0252,2.0503,1.0595,0.8851,0.7474,0,1.5463
"703","12247",1.3665,1.3665,1,0.8187,1.0898,1.0252,2.0503,1.0595,0.8851,0.5366,0,0.9276
"704","12260",0.8662,0.8662,1,0.8187,1.0898,1.0252,2.0503,1.0595,0.8851,0.7474,0,1.5463
"705","12302",0.8662,0.8662,1,0.8187,1.0898,1.0252,2.0503,1.0595,0.8851,0.7474,0,1.5463
"706","12303",0.8662,0.8662,1,0.8187,1.0898,1.0252,2.0503,1.0595,0.8851,0.7474,0,1.5463
"707","12304",0.8662,0.8662,1,0.8187,1.0898,1.0252,2.0503,1.0595,0.8851,0.7474,0,1.5463
"708","12305",0.8662,0.8662,1,0.8187,1.0898,1.0252,2.0503,1.0595,0.8851,0.7474,0,1.5463
"709","12306",0.8662,0.8662,1,0.8187,1.0898,1.0252,2.0503,1.0595,0.8851,0.7474,0,1.5463
"710","12307",0.8662,0.8662,1,0.8187,1.0898,1.0252,2.0503,1.0595,0.8851,0.7474,0,1.5463
"711","12308",0.8662,0.8662,1,0.8187,1.0898,1.0252,2.0503,1.0595,0.8851,0.7474,0,1.5463
"712","12309",0.8662,0.8662,1,0.8187,1.0898,1.0252,2.0503,1.0595,0.8851,0.7474,0,1.5463
"713","12401",0.8662,0.8662,1,0.8187,1.0898,0.8722,0.891,1.8786,0.5762,0.6613,0,0.9276
"714","12404",0.8662,0.8662,1,0.8187,1.0898,0.7504,0.9474,1.2726,0.5762,0.6613,0,0.9276
"715","12405",0.8662,0.8662,1,0.8187,1.0898,0.7504,0.9474,1.2726,0.5762,0.4693,0,0.9276
"716","12406",0.8662,0.8662,1,0.8187,1.0898,0.7504,0.9474,1.2726,0.5762,0.4693,0,0.9276
"717","12407",0.8662,0.8662,1,0.8187,1.0898,0.7504,0.9474,1.2726,0.5762,0.4693,0,0.9276
"718","12409",0.8662,0.8662,1,0.8187,1.0898,0.8722,0.891,1.8786,0.5762,0.4693,0,0.9276
"719","12410",0.8662,0.8662,1,0.8187,1.0898,0.7504,0.9474,1.2726,0.5762,0.4693,0,0.9276
"720","12411",0.8662,0.8662,1,0.8187,1.0898,0.8722,0.891,1.8786,0.5762,0.6613,0,0.9276
"721","12412",0.8662,0.8662,1,0.8187,1.0898,0.7504,0.9474,1.2726,0.5762,0.4693,0,0.9276
"722","12413",0.8662,0.8662,1,0.8187,1.0898,0.8722,0.891,1.8786,0.5762,0.6613,0,0.9276
"723","12414",0.8662,0.8662,1,0.8187,1.0898,0.8722,0.891,1.8786,0.5762,0.6613,0,0.9276
"724","12416",0.8662,0.8662,1,0.8187,1.0898,0.7504,0.9474,1.2726,0.5762,0.4693,0,0.9276
"725","12417",0.8662,0.8662,1,0.8187,1.0898,0.8722,0.891,1.8786,0.5762,0.6613,0,0.9276
"726","12418",0.8662,0.8662,1,0.8187,1.0898,0.7504,0.9474,1.2726,0.5762,0.4693,0,0.9276
"727","12419",0.8662,0.8662,1,0.8187,1.0898,0.7504,0.9474,1.2726,0.5762,0.6613,0,0.9276
"728","12420",0.8662,0.8662,1,0.8187,1.0898,0.7504,0.9474,1.2726,1.1221,0.6613,0,0.9276
"729","12421",0.8662,0.8662,1,0.8187,1.0898,0.7504,0.9474,1.2726,0.5762,0.4693,0,0.9276
"730","12422",0.8662,0.8662,1,0.8187,1.0898,0.7504,0.9474,1.2726,0.5762,0.4693,0,0.9276
"731","12423",0.8662,0.8662,1,0.8187,1.0898,0.7504,0.9474,1.2726,0.5762,0.4693,0,0.9276
"732","12424",0.8662,0.8662,1,0.8187,1.0898,0.7504,0.9474,1.2726,0.5762,0.4693,0,0.9276
"733","12427",0.8662,0.8662,1,0.8187,1.0898,0.8722,0.891,1.8786,0.5762,0.4693,0,0.9276
"734","12428",0.8662,0.8662,1,0.8187,1.0898,0.7504,0.9474,1.2726,1.1221,0.6613,0,0.9276
"735","12429",0.8662,0.8662,1,0.8187,1.0898,0.8722,0.891,1.8786,0.5762,0.6613,0,0.9276
"736","12430",0.8662,0.8662,1,0.8187,1.0898,0.7504,0.9474,1.2726,0.5762,0.4693,0,0.9276
"737","12431",0.8662,0.8662,1,0.8187,1.0898,0.7504,0.9474,1.2726,0.5762,0.4693,0,0.9276
"738","12433",0.8662,0.8662,1,0.8187,1.0898,0.8722,0.891,1.8786,0.5762,0.4693,0,0.9276
"739","12434",0.8662,0.8662,1,0.8187,1.0898,0.7504,0.9474,1.2726,0.5762,0.4693,0,0.9276
"740","12435",0.8662,0.8662,1,0.8187,1.0898,0.7504,0.9474,1.2726,1.1221,0.4693,0,0.9276
"741","12436",0.8662,0.8662,1,0.8187,1.0898,0.7504,0.9474,1.2726,0.5762,0.4693,0,0.9276
"742","12438",0.8662,0.8662,1,0.8187,1.0898,0.7504,0.9474,1.2726,0.5762,0.4693,0,0.9276
"743","12439",0.8662,0.8662,1,0.8187,1.0898,0.7504,0.9474,1.2726,0.5762,0.4693,0,0.9276
"744","12440",0.8662,0.8662,1,0.8187,1.0898,0.7504,0.9474,1.2726,0.5762,0.6613,0,0.9276
"745","12441",0.8662,0.8662,1,0.8187,1.0898,0.7504,0.9474,1.2726,0.5762,0.4693,0,0.9276
"746","12442",0.8662,0.8662,1,0.8187,1.0898,0.7504,0.9474,1.2726,0.5762,0.4693,0,0.9276
"747","12443",0.8662,0.8662,1,0.8187,1.0898,0.8722,0.891,1.8786,0.5762,0.4693,0,0.9276
"748","12444",0.8662,0.8662,1,0.8187,1.0898,0.7504,0.9474,1.2726,0.5762,0.4693,0,0.9276
"749","12446",0.8662,0.8662,1,0.8187,1.0898,0.7504,0.9474,1.2726,1.1221,0.6613,0,0.9276
"750","12448",0.8662,0.8662,1,0.8187,1.0898,0.8722,0.891,1.8786,0.5762,0.4693,0,0.9276
"751","12449",0.8662,0.8662,1,0.8187,1.0898,0.8722,0.891,1.8786,0.5762,0.6613,0,0.9276
"752","12450",0.8662,0.8662,1,0.8187,1.0898,0.8722,0.891,1.8786,0.5762,0.4693,0,0.9276
"753","12451",0.8662,0.8662,1,0.8187,1.0898,0.8722,0.891,1.8786,0.5762,0.6613,0,0.9276
"754","12452",0.8662,0.8662,1,0.8187,1.0898,0.7504,0.9474,1.2726,0.5762,0.4693,0,0.9276
"755","12453",0.8662,0.8662,1,0.8187,1.0898,0.8722,0.891,1.8786,0.5762,0.6613,0,0.9276
"756","12454",0.8662,0.8662,1,0.8187,1.0898,0.8722,0.891,1.8786,0.5762,0.4693,0,0.9276
"757","12455",0.8662,0.8662,1,0.8187,1.0898,0.7504,0.9474,1.2726,0.5762,0.4693,0,0.9276
"758","12456",0.8662,0.8662,1,0.8187,1.0898,0.8722,0.891,1.8786,0.5762,0.6613,0,0.9276
"759","12457",0.8662,0.8662,1,0.8187,1.0898,0.7504,0.9474,1.2726,0.5762,0.4693,0,0.9276
"760","12458",0.8662,0.8662,1,0.8187,1.0898,0.7504,0.9474,1.2726,1.1221,0.6613,0,0.9276
"761","12459",0.8662,0.8662,1,0.8187,1.0898,0.7504,0.9474,1.2726,0.5762,0.4693,0,0.9276
"762","12460",0.8662,0.8662,1,0.8187,1.0898,0.7504,0.9474,1.2726,0.5762,0.4693,0,0.9276
"763","12461",0.8662,0.8662,1,0.8187,1.0898,0.7504,0.9474,1.2726,1.1221,0.6613,0,0.9276
"764","12463",0.8662,0.8662,1,0.8187,1.0898,0.8722,0.891,1.8786,0.5762,0.6613,0,0.9276
"765","12464",0.8662,0.8662,1,0.8187,1.0898,0.7504,0.9474,1.2726,1.1221,0.4693,0,0.9276
"766","12465",0.8662,0.8662,1,0.8187,1.0898,0.7504,0.9474,1.2726,0.5762,0.4693,0,0.9276
"767","12466",0.8662,0.8662,1,0.8187,1.0898,0.8722,0.891,1.8786,0.5762,0.6613,0,0.9276
"768","12468",0.8662,0.8662,1,0.8187,1.0898,0.7504,0.9474,1.2726,0.5762,0.4693,0,0.9276
"769","12469",0.8662,0.8662,1,0.8187,1.0898,0.7504,0.9474,1.2726,0.8851,0.4693,0,0.9276
"770","12470",0.8662,0.8662,1,0.8187,1.0898,0.8722,0.891,1.8786,0.5762,0.6613,0,0.9276
"771","12471",0.8662,0.8662,1,0.8187,1.0898,0.8722,0.891,1.8786,0.5762,0.6613,0,0.9276
"772","12472",0.8662,0.8662,1,0.8187,1.0898,0.7504,0.9474,1.2726,0.5762,0.6613,0,0.9276
"773","12473",0.8662,0.8662,1,0.8187,1.0898,0.8722,0.891,1.8786,0.5762,0.4693,0,0.9276
"774","12474",0.8662,0.8662,1,0.8187,1.0898,0.7504,0.9474,1.2726,0.5762,0.4693,0,0.9276
"775","12475",0.8662,0.8662,1,0.8187,1.0898,0.8722,0.891,1.8786,0.5762,0.6613,0,0.9276
"776","12477",0.8662,0.8662,1,0.8187,1.0898,0.8722,0.891,1.8786,0.5762,0.6613,0,0.9276
"777","12480",0.8662,0.8662,1,0.8187,1.0898,0.7504,0.9474,1.2726,0.5762,0.4693,0,0.9276
"778","12481",0.8662,0.8662,1,0.8187,1.0898,0.7504,0.9474,1.2726,1.1221,0.4693,0,0.9276
"779","12482",0.8662,0.8662,1,0.8187,1.0898,0.8722,0.891,1.8786,0.5762,0.6613,0,0.9276
"780","12484",0.8662,0.8662,1,0.8187,1.0898,0.7504,0.9474,1.2726,0.5762,0.6613,0,0.9276
"781","12485",0.8662,0.8662,1,0.8187,1.0898,0.7504,0.9474,1.2726,0.5762,0.4693,0,0.9276
"782","12486",0.8662,0.8662,1,0.8187,1.0898,0.7504,0.9474,1.2726,0.5762,0.6613,0,0.9276
"783","12487",0.8662,0.8662,1,0.8187,1.0898,0.8722,0.891,1.8786,0.5762,0.6613,0,0.9276
"784","12489",0.8662,0.8662,1,0.8187,1.0898,0.7504,0.9474,1.2726,1.1221,0.6613,0,0.9276
"785","12490",0.8662,0.8662,1,0.8187,1.0898,0.8722,0.891,1.8786,0.5762,0.6613,0,0.9276
"786","12491",0.8662,0.8662,1,0.8187,1.0898,0.8722,0.891,1.8786,0.5762,0.4693,0,0.9276
"787","12492",0.8662,0.8662,1,0.8187,1.0898,0.7504,0.9474,1.2726,0.5762,0.4693,0,0.9276
"788","12493",0.8662,0.8662,1,0.8187,1.0898,0.7504,0.9474,1.2726,1.1221,0.6613,0,0.9276
"789","12494",0.8662,0.8662,1,0.8187,1.0898,0.7504,0.9474,1.2726,1.1221,0.4693,0,0.9276
"790","12495",0.8662,0.8662,1,0.8187,1.0898,0.8722,0.891,1.8786,0.5762,0.4693,0,0.9276
"791","12496",0.8662,0.8662,1,0.8187,1.0898,0.7504,0.9474,1.2726,0.5762,0.4693,0,0.9276
"792","12498",0.8662,0.8662,1,0.8187,1.0898,0.8722,0.891,1.8786,0.5762,0.4693,0,0.9276
"793","12501",0.8662,0.8662,1,0.8187,1.0898,0.8722,0.891,1.8786,0.5762,0.4693,0,0.9276
"794","12502",0.8662,0.8662,1,0.8187,1.0898,0.8722,0.891,1.8786,0.5762,0.4693,0,0.9276
"795","12503",0.8662,0.8662,1,0.8187,1.0898,0.8722,0.891,1.8786,0.5762,0.4693,0,0.9276
"796","12507",0.8662,0.8662,1,0.8187,1.0898,0.8722,0.891,1.8786,0.5762,0.4693,0,0.9276
"797","12508",0.8662,0.8662,1,0.8187,1.0898,0.8722,0.891,1.8786,0.5762,0.6613,0,0.9276
"798","12512",0.8662,0.8662,1,0.8187,1.0898,0.8722,0.891,1.8786,0.5762,0.6613,0,0.9276
"799","12513",0.8662,0.8662,1,0.8187,1.0898,0.8722,0.891,1.8786,0.5762,0.4693,0,1.5463
"800","12514",0.8662,0.8662,1,0.8187,1.0898,0.8722,0.891,1.8786,0.5762,0.4693,0,0.9276
"801","12515",0.8662,0.8662,1,0.8187,1.0898,0.7504,0.9474,1.2726,1.1221,0.6613,0,0.9276
"802","12516",0.8662,0.8662,1,0.8187,1.0898,0.8722,0.891,1.8786,0.5762,0.4693,0,0.9276
"803","12517",0.8662,0.8662,1,0.8187,1.0898,0.8722,0.891,1.8786,0.5762,0.4693,0,0.9276
"804","12518",0.8662,0.8662,1,0.8187,1.0898,0.7504,0.9474,1.2726,1.1221,0.6613,0,0.9276
"805","12520",0.8662,0.8662,1,0.8187,1.0898,0.7504,0.9474,1.2726,1.1221,0.6613,0,0.9276
"806","12521",0.8662,0.8662,1,0.8187,1.0898,0.8722,0.891,1.8786,0.5762,0.4693,0,1.5463
"807","12522",0.8662,0.8662,1,0.8187,1.0898,0.8722,0.891,1.8786,0.5762,0.6613,0,0.9276
"808","12523",0.8662,0.8662,1,0.8187,1.0898,0.8722,0.891,1.8786,0.5762,0.4693,0,1.5463
"809","12524",0.8662,0.8662,1,0.8187,1.0898,0.8722,0.891,1.8786,0.5762,0.6613,0,0.9276
"810","12525",0.8662,0.8662,1,0.8187,1.0898,0.7504,0.9474,1.2726,1.1221,0.6613,0,0.9276
"811","12526",0.8662,0.8662,1,0.8187,1.0898,0.8722,0.891,1.8786,0.5762,0.4693,0,1.5463
"812","12527",0.8662,0.8662,1,0.8187,1.0898,0.8722,0.891,1.8786,0.5762,0.6613,0,0.9276
"813","12528",0.8662,0.8662,1,0.8187,1.0898,0.7504,0.9474,1.2726,1.1221,0.6613,0,0.9276
"814","12529",0.8662,0.8662,1,0.8187,1.0898,0.8722,0.891,1.8786,0.5762,0.4693,0,0.9276
"815","12530",0.8662,0.8662,1,0.8187,1.0898,0.8722,0.891,1.8786,0.5762,0.4693,0,1.5463
"816","12531",0.8662,0.8662,1,0.8187,1.0898,0.8722,0.891,1.8786,0.5762,0.6613,0,0.9276
"817","12533",0.8662,0.8662,1,0.8187,1.0898,0.8722,0.891,1.8786,0.5762,0.6613,0,0.9276
"818","12534",0.8662,0.8662,1,0.8187,1.0898,0.8722,0.891,1.8786,0.5762,0.4693,0,1.5463
"819","12538",0.8662,0.8662,1,0.8187,1.0898,0.8722,0.891,1.8786,0.5762,0.6613,0,0.9276
"820","12540",0.8662,0.8662,1,0.8187,1.0898,0.8722,0.891,1.8786,0.5762,0.6613,0,0.9276
"821","12541",0.8662,0.8662,1,0.8187,1.0898,0.8722,0.891,1.8786,0.5762,0.4693,0,1.5463
"822","12542",0.8662,0.8662,1,0.8187,1.0898,0.7504,0.9474,1.2726,1.1221,0.6613,0,0.9276
"823","12543",0.8662,0.8662,1,0.8187,1.0898,0.7504,0.9474,1.2726,1.1221,0.6613,0,0.9276
"824","12544",0.8662,0.8662,1,0.8187,1.0898,0.8722,0.891,1.8786,0.5762,0.4693,0,1.5463
"825","12545",0.8662,0.8662,1,0.8187,1.0898,0.8722,0.891,1.8786,0.5762,0.6613,0,0.9276
"826","12546",0.8662,0.8662,1,0.8187,1.0898,0.8722,0.891,1.8786,0.5762,0.4693,0,0.9276
"827","12547",0.8662,0.8662,1,0.8187,1.0898,0.7504,0.9474,1.2726,1.1221,0.6613,0,0.9276
"828","12548",0.8662,0.8662,1,0.8187,1.0898,0.7504,0.9474,1.2726,1.1221,0.6613,0,0.9276
"829","12549",0.8662,0.8662,1,0.8187,1.0898,0.7504,0.9474,1.2726,1.1221,0.6613,0,0.9276
"830","12550",0.8662,0.8662,1,0.8187,1.0898,0.7504,0.9474,1.2726,1.1221,0.6613,0,0.9276
"831","12553",0.8662,0.8662,1,0.8187,1.0898,0.7504,0.9474,1.2726,1.1221,0.6613,0,0.9276
"832","12561",0.8662,0.8662,1,0.8187,1.0898,0.7504,0.9474,1.2726,0.5762,0.6613,0,0.9276
"833","12563",1.1696,1.1696,1,0.9128,0.79,0.9019,0.8742,0.9771,0.6395,1.3928,0,0.688
"834","12564",0.8662,0.8662,1,0.8187,1.0898,0.8722,0.891,1.8786,0.5762,0.6613,0,0.9276
"835","12565",0.8662,0.8662,1,0.8187,1.0898,0.8722,0.891,1.8786,0.5762,0.4693,0,1.5463
"836","12566",0.8662,0.8662,1,0.8187,1.0898,0.7504,0.9474,1.2726,1.1221,0.6613,0,0.9276
"837","12567",0.8662,0.8662,1,0.8187,1.0898,0.8722,0.891,1.8786,0.5762,0.4693,0,0.9276
"838","12568",0.8662,0.8662,1,0.8187,1.0898,0.7504,0.9474,1.2726,1.1221,0.6613,0,0.9276
"839","12569",0.8662,0.8662,1,0.8187,1.0898,0.8722,0.891,1.8786,0.5762,0.6613,0,0.9276
"840","12570",0.8662,0.8662,1,0.8187,1.0898,0.8722,0.891,1.8786,0.5762,0.6613,0,0.9276
"841","12571",0.8662,0.8662,1,0.8187,1.0898,0.8722,0.891,1.8786,0.5762,0.4693,0,0.9276
"842","12572",0.8662,0.8662,1,0.8187,1.0898,0.8722,0.891,1.8786,0.5762,0.4693,0,0.9276
"843","12574",0.8662,0.8662,1,0.8187,1.0898,0.8722,0.891,1.8786,0.5762,0.4693,0,0.9276
"844","12575",0.8662,0.8662,1,0.8187,1.0898,0.7504,0.9474,1.2726,1.1221,0.6613,0,0.9276
"845","12577",0.8662,0.8662,1,0.8187,1.0898,0.7504,0.9474,1.2726,1.1221,0.6613,0,0.9276
"846","12578",0.8662,0.8662,1,0.8187,1.0898,0.8722,0.891,1.8786,0.5762,0.6613,0,0.9276
"847","12580",0.8662,0.8662,1,0.8187,1.0898,0.8722,0.891,1.8786,0.5762,0.6613,0,0.9276
"848","12581",0.8662,0.8662,1,0.8187,1.0898,0.8722,0.891,1.8786,0.5762,0.4693,0,0.9276
"849","12582",0.8662,0.8662,1,0.8187,1.0898,0.8722,0.891,1.8786,0.5762,0.6613,0,0.9276
"850","12583",0.8662,0.8662,1,0.8187,1.0898,0.8722,0.891,1.8786,0.5762,0.4693,0,0.9276
"851","12585",0.8662,0.8662,1,0.8187,1.0898,0.8722,0.891,1.8786,0.5762,0.6613,0,0.9276
"852","12586",0.8662,0.8662,1,0.8187,1.0898,0.7504,0.9474,1.2726,1.1221,0.6613,0,0.9276
"853","12589",0.8662,0.8662,1,0.8187,1.0898,0.7504,0.9474,1.2726,1.1221,0.6613,0,0.9276
"854","12590",0.8662,0.8662,1,0.8187,1.0898,0.8722,0.891,1.8786,0.5762,0.6613,0,0.9276
"855","12592",0.8662,0.8662,1,0.8187,1.0898,0.8722,0.891,1.8786,0.5762,0.4693,0,0.9276
"856","12594",0.8662,0.8662,1,0.8187,1.0898,0.8722,0.891,1.8786,0.5762,0.6613,0,0.9276
"857","12601",0.8662,0.8662,1,0.8187,1.0898,0.8722,0.891,1.8786,0.5762,0.6613,0,0.9276
"858","12603",0.8662,0.8662,1,0.8187,1.0898,0.8722,0.891,1.8786,0.5762,0.6613,0,0.9276
"859","12701",0.8662,0.8662,1,0.8187,1.0898,0.7504,0.9474,1.2726,1.1221,0.4693,0,0.9276
"860","12719",0.8662,0.8662,1,0.8187,1.0898,0.7504,0.9474,1.2726,1.1221,0.4693,0,0.9276
"861","12720",0.8662,0.8662,1,0.8187,1.0898,0.7504,0.9474,1.2726,1.1221,0.4693,0,0.9276
"862","12721",0.8662,0.8662,1,0.8187,1.0898,0.7504,0.9474,1.2726,1.1221,0.6613,0,0.9276
"863","12722",0.8662,0.8662,1,0.8187,1.0898,0.7504,0.9474,1.2726,1.1221,0.6613,0,0.9276
"864","12723",0.8662,0.8662,1,0.8187,1.0898,0.7504,0.9474,1.2726,0.5762,0.4693,0,0.9276
"865","12724",0.8662,0.8662,1,0.8187,1.0898,0.7504,0.9474,1.2726,0.5762,0.4693,0,0.9276
"866","12725",0.8662,0.8662,1,0.8187,1.0898,0.7504,0.9474,1.2726,0.5762,0.4693,0,0.9276
"867","12726",0.8662,0.8662,1,0.8187,1.0898,0.7504,0.9474,1.2726,1.1221,0.4693,0,0.9276
"868","12729",0.8662,0.8662,1,0.8187,1.0898,0.7504,0.9474,1.2726,1.1221,0.6613,0,0.9276
"869","12732",0.8662,0.8662,1,0.8187,1.0898,0.7504,0.9474,1.2726,1.1221,0.4693,0,0.9276
"870","12733",0.8662,0.8662,1,0.8187,1.0898,0.7504,0.9474,1.2726,1.1221,0.4693,0,0.9276
"871","12734",0.8662,0.8662,1,0.8187,1.0898,0.7504,0.9474,1.2726,1.1221,0.4693,0,0.9276
"872","12736",0.8662,0.8662,1,0.8187,1.0898,0.7504,0.9474,1.2726,0.5762,0.4693,0,0.8177
"873","12737",0.8662,0.8662,1,0.8187,1.0898,0.7504,0.9474,1.2726,1.1221,0.4693,0,0.9276
"874","12738",0.8662,0.8662,1,0.8187,1.0898,0.7504,0.9474,1.2726,1.1221,0.4693,0,0.9276
"875","12740",0.8662,0.8662,1,0.8187,1.0898,0.7504,0.9474,1.2726,1.1221,0.6613,0,0.9276
"876","12741",0.8662,0.8662,1,0.8187,1.0898,0.7504,0.9474,1.2726,0.5762,0.4693,0,0.8177
"877","12742",0.8662,0.8662,1,0.8187,1.0898,0.7504,0.9474,1.2726,1.1221,0.4693,0,0.9276
"878","12743",0.8662,0.8662,1,0.8187,1.0898,0.7504,0.9474,1.2726,1.1221,0.4693,0,0.9276
"879","12745",0.8662,0.8662,1,0.8187,1.0898,0.7504,0.9474,1.2726,0.5762,0.4693,0,0.9276
"880","12746",0.8662,0.8662,1,0.8187,1.0898,0.7504,0.9474,1.2726,1.1221,0.6613,0,0.9276
"881","12747",0.8662,0.8662,1,0.8187,1.0898,0.7504,0.9474,1.2726,1.1221,0.4693,0,0.9276
"882","12748",0.8662,0.8662,1,0.8187,1.0898,0.7504,0.9474,1.2726,0.5762,0.4693,0,0.9276
"883","12749",0.8662,0.8662,1,0.8187,1.0898,0.7504,0.9474,1.2726,1.1221,0.4693,0,0.9276
"884","12750",0.8662,0.8662,1,0.8187,1.0898,0.7504,0.9474,1.2726,0.5762,0.4693,0,0.9276
"885","12751",0.8662,0.8662,1,0.8187,1.0898,0.7504,0.9474,1.2726,1.1221,0.4693,0,0.9276
"886","12752",0.8662,0.8662,1,0.8187,1.0898,0.7504,0.9474,1.2726,1.1221,0.4693,0,0.9276
"887","12754",0.8662,0.8662,1,0.8187,1.0898,0.7504,0.9474,1.2726,1.1221,0.6613,0,0.9276
"888","12758",0.8662,0.8662,1,0.8187,1.0898,0.7504,0.9474,1.2726,0.5762,0.4693,0,0.9276
"889","12759",0.8662,0.8662,1,0.8187,1.0898,0.7504,0.9474,1.2726,1.1221,0.6613,0,0.9276
"890","12760",0.8662,0.8662,1,0.8187,1.0898,0.7504,0.9474,1.2726,0.5762,0.4693,0,0.8177
"891","12762",0.8662,0.8662,1,0.8187,1.0898,0.7504,0.9474,1.2726,1.1221,0.4693,0,0.9276
"892","12763",0.8662,0.8662,1,0.8187,1.0898,0.7504,0.9474,1.2726,1.1221,0.4693,0,0.9276
"893","12764",0.8662,0.8662,1,0.8187,1.0898,0.7504,0.9474,1.2726,1.1221,0.4693,0,0.9276
"894","12765",0.8662,0.8662,1,0.8187,1.0898,0.7504,0.9474,1.2726,1.1221,0.6613,0,0.9276
"895","12766",0.8662,0.8662,1,0.8187,1.0898,0.7504,0.9474,1.2726,0.5762,0.4693,0,0.9276
"896","12767",0.8662,0.8662,1,0.8187,1.0898,0.7504,0.9474,1.2726,0.5762,0.4693,0,0.9276
"897","12768",0.8662,0.8662,1,0.8187,1.0898,0.7504,0.9474,1.2726,1.1221,0.6613,0,0.9276
"898","12769",0.8662,0.8662,1,0.8187,1.0898,0.7504,0.9474,1.2726,1.1221,0.6613,0,0.9276
"899","12770",0.8662,0.8662,1,0.8187,1.0898,0.7504,0.9474,1.2726,1.1221,0.4693,0,0.9276
"900","12771",0.8662,0.8662,1,0.8187,1.0898,0.7504,0.9474,1.2726,1.1221,0.6613,0,0.9276
"901","12775",0.8662,0.8662,1,0.8187,1.0898,0.7504,0.9474,1.2726,1.1221,0.4693,0,0.9276
"902","12776",0.8662,0.8662,1,0.8187,1.0898,0.7504,0.9474,1.2726,0.5762,0.4693,0,0.9276
"903","12777",0.8662,0.8662,1,0.8187,1.0898,0.7504,0.9474,1.2726,1.1221,0.4693,0,0.9276
"904","12778",0.8662,0.8662,1,0.8187,1.0898,0.7504,0.9474,1.2726,1.1221,0.4693,0,0.9276
"905","12779",0.8662,0.8662,1,0.8187,1.0898,0.7504,0.9474,1.2726,1.1221,0.4693,0,0.9276
"906","12780",0.8662,0.8662,1,0.8187,1.0898,0.7504,0.9474,1.2726,1.1221,0.6613,0,0.9276
"907","12781",0.8662,0.8662,1,0.8187,1.0898,0.7504,0.9474,1.2726,1.1221,0.6613,0,0.9276
"908","12783",0.8662,0.8662,1,0.8187,1.0898,0.7504,0.9474,1.2726,1.1221,0.4693,0,0.9276
"909","12784",0.8662,0.8662,1,0.8187,1.0898,0.7504,0.9474,1.2726,1.1221,0.4693,0,0.9276
"910","12785",0.8662,0.8662,1,0.8187,1.0898,0.7504,0.9474,1.2726,1.1221,0.6613,0,0.9276
"911","12786",0.8662,0.8662,1,0.8187,1.0898,0.7504,0.9474,1.2726,1.1221,0.4693,0,0.9276
"912","12787",0.8662,0.8662,1,0.8187,1.0898,0.7504,0.9474,1.2726,0.5762,0.4693,0,0.9276
"913","12788",0.8662,0.8662,1,0.8187,1.0898,0.7504,0.9474,1.2726,1.1221,0.4693,0,0.9276
"914","12789",0.8662,0.8662,1,0.8187,1.0898,0.7504,0.9474,1.2726,1.1221,0.4693,0,0.9276
"915","12790",0.8662,0.8662,1,0.8187,1.0898,0.7504,0.9474,1.2726,1.1221,0.6613,0,0.9276
"916","12791",0.8662,0.8662,1,0.8187,1.0898,0.7504,0.9474,1.2726,0.5762,0.4693,0,0.9276
"917","12792",0.8662,0.8662,1,0.8187,1.0898,0.7504,0.9474,1.2726,1.1221,0.4693,0,0.9276
"918","12801",0.7593,0.7593,1,1.2898,1.0898,1.0252,2.0503,1.0595,0.5762,0.4693,0,1.5463
"919","12803",0.7593,0.7593,1,0.8187,1,1.0252,2.0503,1.0595,0.5762,0.4693,0,1.5463
"920","12804",0.7593,0.7593,1,1.2898,1.0898,1.0252,2.0503,1.0595,0.5762,0.4693,0,1.5463
"921","12808",0.8662,0.8662,1,1.2898,1,1.0252,2.0503,1.0595,0.5762,0.4693,0,1.5463
"922","12809",0.7593,0.7593,1,0.8187,1,1.0252,2.0503,1.0595,0.5762,0.4693,0,1.5463
"923","12810",0.8662,0.8662,1,1.2898,1,0.7504,0.9474,1.2726,0.5762,0.4693,0,1.5463
"924","12811",0.8662,0.8662,1,1.2898,1,0.7504,0.9474,1.2726,0.5762,0.4693,0,1.5463
"925","12812",0.7593,0.7593,1,1.2898,1,1.0252,2.0503,1.0595,0.5762,0.4693,0,1.5463
"926","12814",0.8662,0.8662,1,1.2898,1,1.0252,2.0503,1.0595,0.5762,0.4693,0,1.5463
"927","12815",0.8662,0.8662,1,1.2898,1,1.0252,2.0503,1.0595,0.5762,0.4693,0,1.5463
"928","12816",0.7593,0.7593,1,0.8187,1,1.0252,2.0503,1.0595,0.5762,0.7474,0,1.5463
"929","12817",0.8662,0.8662,1,1.2898,1,1.0252,2.0503,1.0595,0.5762,0.4693,0,1.5463
"930","12819",0.7593,0.7593,1,1.2898,1,1.0252,2.0503,1.0595,0.5762,0.4693,0,1.5463
"931","12820",0.7593,0.7593,1,1.2898,1.0898,1.0252,2.0503,1.0595,0.5762,0.4693,0,1.5463
"932","12821",0.7593,0.7593,1,1.2898,1,1.0252,2.0503,1.0595,0.5762,0.4693,0,1.5463
"933","12822",0.8662,0.8662,1,0.8187,1.0898,1.0252,2.0503,1.0595,0.5762,0.4693,0,1.5463
"934","12823",0.7593,0.7593,1,0.8187,1,1.0252,2.0503,1.0595,0.5762,0.4693,0,1.5463
"935","12824",0.7593,0.7593,1,1.2898,1,1.0252,2.0503,1.0595,0.5762,0.4693,0,1.5463
"936","12827",0.7593,0.7593,1,1.2898,1,1.0252,2.0503,1.0595,0.5762,0.4693,0,1.5463
"937","12828",0.7593,0.7593,1,0.8187,1,1.0252,2.0503,1.0595,0.5762,0.4693,0,1.5463
"938","12831",0.7593,0.7593,1,0.8187,1.0898,1.0252,2.0503,1.0595,0.5762,0.4693,0,1.5463
"939","12832",0.7593,0.7593,1,1.2898,1,1.0252,2.0503,1.0595,0.5762,0.4693,0,1.5463
"940","12833",0.7593,0.7593,1,0.8187,1.0898,1.0252,2.0503,1.0595,0.5762,0.4693,0,1.5463
"941","12834",0.8662,0.8662,1,0.8187,1,1.0252,2.0503,1.0595,0.5762,0.4693,0,1.5463
"942","12835",0.8662,0.8662,1,0.8187,1.0898,1.0252,2.0503,1.0595,0.5762,0.4693,0,1.5463
"943","12836",0.7593,0.7593,1,1.2898,1,1.0252,2.0503,1.0595,0.5762,0.4693,0,1.5463
"944","12837",0.7593,0.7593,1,1.2898,1,1.0252,2.0503,1.0595,0.5762,0.4693,0,1.5463
"945","12838",0.7593,0.7593,1,1.2898,1,1.0252,2.0503,1.0595,0.5762,0.4693,0,1.5463
"946","12839",0.7593,0.7593,1,1.2898,1,1.0252,2.0503,1.0595,0.5762,0.4693,0,1.5463
"947","12841",0.7593,0.7593,1,1.2898,1,1.0252,2.0503,1.0595,0.5762,0.4693,0,1.5463
"948","12842",0.7593,0.7593,1,1.2898,1,0.7504,0.9474,1.2726,0.5762,0.4693,0,1.5463
"949","12843",0.8662,0.8662,1,1.2898,1,0.7504,0.9474,1.2726,0.5762,0.4693,0,1.5463
"950","12844",0.7593,0.7593,1,1.2898,1,1.0252,2.0503,1.0595,0.5762,0.4693,0,1.5463
"951","12845",0.7593,0.7593,1,1.2898,1,1.0252,2.0503,1.0595,0.5762,0.4693,0,1.5463
"952","12846",0.7593,0.7593,1,1.2898,1.0898,1.0252,2.0503,1.0595,0.5762,0.4693,0,1.5463
"953","12847",0.7593,0.7593,1,1.2898,1,1.5413,0.9474,1.2726,0.5762,0.4693,0,1.5463
"954","12849",0.7593,0.7593,1,1.2898,1,1.0252,2.0503,1.0595,0.5762,0.4693,0,1.5463
"955","12850",0.7593,0.7593,1,0.8187,1.0898,0.7504,0.9474,1.2726,0.5762,0.4693,0,1.5463
"956","12851",0.7593,0.7593,1,1.2898,1,1.0252,2.0503,1.0595,0.5762,0.4693,0,1.5463
"957","12852",0.7593,0.7593,1,1.2898,1,1.0252,2.0503,1.0595,0.5762,0.4693,0,1.5463
"958","12853",0.8662,0.8662,1,1.2898,1,1.0252,2.0503,1.0595,0.5762,0.4693,0,1.5463
"959","12854",0.7593,0.7593,1,1.2898,1,1.0252,2.0503,1.0595,0.5762,0.4693,0,1.5463
"960","12855",0.7593,0.7593,1,1.2898,1,1.0252,2.0503,1.0595,0.5762,0.4693,0,1.5463
"961","12856",0.8662,0.8662,1,1.2898,1,1.0252,2.0503,1.0595,0.5762,0.4693,0,1.5463
"962","12857",0.7593,0.7593,1,1.2898,1,1.0252,2.0503,1.0595,0.5762,0.4693,0,1.5463
"963","12858",0.7593,0.7593,1,1.2898,1,1.0252,2.0503,1.0595,0.5762,0.4693,0,1.5463
"964","12859",0.7593,0.7593,1,0.8187,1.0898,1.0252,2.0503,1.0595,0.5762,0.4693,0,1.5463
"965","12860",0.8662,0.8662,1,1.2898,1,1.0252,2.0503,1.0595,0.5762,0.4693,0,1.5463
"966","12861",0.7593,0.7593,1,1.2898,1,1.0252,2.0503,1.0595,0.5762,0.4693,0,1.5463
"967","12862",0.8662,0.8662,1,1.2898,1,1.0252,2.0503,1.0595,0.5762,0.4693,0,1.5463
"968","12863",0.7593,0.7593,1,0.8187,1.0898,0.7504,0.9474,1.2726,0.5762,0.7474,0,1.5463
"969","12865",0.7593,0.7593,1,0.8187,1,1.0252,2.0503,1.0595,0.5762,0.7474,0,1.5463
"970","12866",0.8662,0.8662,1,0.8187,1.0898,1.0252,2.0503,1.0595,0.5762,0.4693,0,1.5463
"971","12870",0.8662,0.8662,1,1.2898,1,1.0252,2.0503,1.0595,0.5762,0.4693,0,1.5463
"972","12871",0.7593,0.7593,1,0.8187,1.0898,1.0252,2.0503,1.0595,0.5762,0.4693,0,1.5463
"973","12872",0.8662,0.8662,1,1.2898,1,1.0252,2.0503,1.0595,0.5762,0.4693,0,1.5463
"974","12873",0.7593,0.7593,1,0.8187,1,1.0252,2.0503,1.0595,0.5762,0.7474,0,1.5463
"975","12874",0.7593,0.7593,1,1.2898,1,1.0252,2.0503,1.0595,0.5762,0.4693,0,1.5463
"976","12878",0.8662,0.8662,1,1.2898,1.0898,0.7504,0.9474,1.2726,0.5762,0.4693,0,1.5463
"977","12879",0.7593,0.7593,1,1.2898,1,1.0252,2.0503,1.0595,0.5762,0.4693,0,1.5463
"978","12883",0.7593,0.7593,1,1.2898,1,1.0252,2.0503,1.0595,0.5762,0.4693,0,1.5463
"979","12884",0.7593,0.7593,1,0.8187,1.0898,1.0252,2.0503,1.0595,0.5762,0.4693,0,1.5463
"980","12885",0.8662,0.8662,1,1.2898,1,1.0252,2.0503,1.0595,0.5762,0.4693,0,1.5463
"981","12886",0.8662,0.8662,1,1.2898,1,1.0252,2.0503,1.0595,0.5762,0.4693,0,1.5463
"982","12887",0.7593,0.7593,1,1.2898,1,1.0252,2.0503,1.0595,0.5762,0.4693,0,1.5463
"983","12901",0.7593,0.7593,1,1.2898,1,1.5413,0.9474,1.2726,0.5762,0.4693,0,1.4362
"984","12903",0.7593,0.7593,1,1.2898,1,1.5413,0.9474,1.2726,0.5762,0.4693,0,1.4362
"985","12910",0.7593,0.7593,1,1.013,1,1.5413,0.9474,1.2726,0.5762,0.4693,0,1.4362
"986","12911",0.7593,0.7593,1,1.2898,1,1.5413,0.9474,1.2726,0.5762,0.4693,0,1.4362
"987","12912",0.7593,0.7593,1,1.2898,1,1.5413,0.9474,1.2726,0.5762,0.4693,0,1.4362
"988","12913",0.7593,0.7593,1,1.2898,1,1.0252,2.0503,1.0595,0.5762,0.4693,0,1.4362
"989","12914",0.7593,0.7593,1,1.013,1,1.5413,0.9474,1.2726,0.5762,0.4693,0,1.4362
"990","12916",0.7593,0.7593,1,1.013,1,1.5413,0.9474,1.2726,0.5762,0.4693,0,1.4362
"991","12917",0.7593,0.7593,1,1.013,1,1.5413,0.9474,1.2726,0.5762,0.4693,0,1.4362
"992","12918",0.7593,0.7593,1,1.013,1,1.5413,0.9474,1.2726,0.5762,0.4693,0,1.4362
"993","12919",0.7593,0.7593,1,1.013,1,1.5413,0.9474,1.2726,0.5762,0.4693,0,1.4362
"994","12920",0.7593,0.7593,1,1.013,1,1.5413,0.9474,1.2726,0.5762,0.4693,0,1.4362
"995","12921",0.7593,0.7593,1,1.013,1,1.5413,0.9474,1.2726,0.5762,0.4693,0,1.4362
"996","12922",0.7593,0.7593,1,1.013,1,1.5413,0.9474,1.2726,0.5762,0.4693,0,1.5463
"997","12923",0.7593,0.7593,1,1.013,1,1.5413,0.9474,1.2726,0.5762,0.4693,0,1.4362
"998","12924",0.7593,0.7593,1,1.2898,1,1.5413,0.9474,1.2726,0.5762,0.4693,0,1.4362
"999","12926",0.7593,0.7593,1,1.013,1,1.5413,0.9474,1.2726,0.5762,0.4693,0,1.4362
"1000","12927",0.7593,0.7593,1,1.2898,1,1.5413,0.9474,1.2726,0.5762,0.4693,0,1.5463
"1001","12928",0.7593,0.7593,1,1.2898,1,1.0252,2.0503,1.0595,0.5762,0.4693,0,1.5463
"1002","12929",0.7593,0.7593,1,1.013,1,1.5413,0.9474,1.2726,0.5762,0.4693,0,1.4362
"1003","12930",0.7593,0.7593,1,1.013,1,1.5413,0.9474,1.2726,0.5762,0.4693,0,1.4362
"1004","12932",0.7593,0.7593,1,1.2898,1,1.0252,2.0503,1.0595,0.5762,0.4693,0,1.4362
"1005","12934",0.7593,0.7593,1,1.013,1,1.5413,0.9474,1.2726,0.5762,0.4693,0,1.4362
"1006","12935",0.7593,0.7593,1,1.013,1,1.5413,0.9474,1.2726,0.5762,0.4693,0,1.4362
"1007","12936",0.7593,0.7593,1,1.2898,1,1.0252,2.0503,1.0595,0.5762,0.4693,0,1.4362
"1008","12937",0.7593,0.7593,1,1.013,1,1.5413,0.9474,1.2726,0.5762,0.4693,0,1.4362
"1009","12939",0.7593,0.7593,1,1.2898,1,1.0252,2.0503,1.0595,0.5762,0.4693,0,1.4362
"1010","12941",0.7593,0.7593,1,1.2898,1,1.0252,2.0503,1.0595,0.5762,0.4693,0,1.4362
"1011","12942",0.7593,0.7593,1,1.2898,1,1.0252,2.0503,1.0595,0.5762,0.4693,0,1.4362
"1012","12943",0.7593,0.7593,1,1.2898,1,1.0252,2.0503,1.0595,0.5762,0.4693,0,1.4362
"1013","12944",0.7593,0.7593,1,1.2898,1,1.5413,0.9474,1.2726,0.5762,0.4693,0,1.4362
"1014","12945",0.7593,0.7593,1,1.2898,1,1.0252,2.0503,1.0595,0.5762,0.4693,0,1.4362
"1015","12946",0.7593,0.7593,1,1.2898,1,1.0252,2.0503,1.0595,0.5762,0.4693,0,1.4362
"1016","12949",0.7593,0.7593,1,1.013,1,1.5413,0.9474,1.2726,0.5762,0.4693,0,1.4362
"1017","12950",0.7593,0.7593,1,1.2898,1,1.5413,0.9474,1.2726,0.5762,0.4693,0,1.4362
"1018","12952",0.7593,0.7593,1,1.013,1,1.5413,0.9474,1.2726,0.5762,0.4693,0,1.4362
"1019","12953",0.7593,0.7593,1,1.013,1,1.5413,0.9474,1.2726,0.5762,0.4693,0,1.4362
"1020","12955",0.7593,0.7593,1,1.013,1,1.5413,0.9474,1.2726,0.5762,0.4693,0,1.4362
"1021","12956",0.7593,0.7593,1,1.2898,1,1.0252,2.0503,1.0595,0.5762,0.4693,0,1.5463
"1022","12957",0.7593,0.7593,1,1.013,1,1.5413,0.9474,1.2726,0.5762,0.4693,0,1.4362
"1023","12958",0.7593,0.7593,1,1.013,1,1.5413,0.9474,1.2726,0.5762,0.4693,0,1.4362
"1024","12959",0.7593,0.7593,1,1.013,1,1.5413,0.9474,1.2726,0.5762,0.4693,0,1.4362
"1025","12960",0.7593,0.7593,1,1.2898,1,1.0252,2.0503,1.0595,0.5762,0.4693,0,1.5463
"1026","12961",0.7593,0.7593,1,1.2898,1,1.0252,2.0503,1.0595,0.5762,0.4693,0,1.5463
"1027","12962",0.7593,0.7593,1,1.013,1,1.5413,0.9474,1.2726,0.5762,0.4693,0,1.4362
"1028","12964",0.7593,0.7593,1,1.2898,1,1.0252,2.0503,1.0595,0.5762,0.4693,0,1.5463
"1029","12965",0.7593,0.7593,1,1.013,1,1.5413,0.9474,1.2726,0.5762,0.4693,0,1.4362
"1030","12966",0.7593,0.7593,1,1.013,1,1.5413,0.9474,1.2726,0.5762,0.4693,0,1.4362
"1031","12967",0.7593,0.7593,1,1.013,1,1.5413,0.9474,1.2726,0.5762,0.4693,0,1.4362
"1032","12969",0.7593,0.7593,1,1.013,1,1.5413,0.9474,1.2726,0.5762,0.4693,0,1.4362
"1033","12970",0.7593,0.7593,1,1.2898,1,1.5413,0.9474,1.2726,0.5762,0.4693,0,1.4362
"1034","12972",0.7593,0.7593,1,1.2898,1,1.5413,0.9474,1.2726,0.5762,0.4693,0,1.4362
"1035","12973",0.7593,0.7593,1,1.2898,1,1.5413,0.9474,1.2726,0.5762,0.4693,0,1.5463
"1036","12974",0.7593,0.7593,1,1.2898,1,1.0252,2.0503,1.0595,0.5762,0.4693,0,1.5463
"1037","12975",0.7593,0.7593,1,1.2898,1,1.5413,0.9474,1.2726,0.5762,0.4693,0,1.4362
"1038","12976",0.7593,0.7593,1,1.2898,1,1.5413,0.9474,1.2726,0.5762,0.4693,0,1.4362
"1039","12977",0.7593,0.7593,1,1.2898,1,1.0252,2.0503,1.0595,0.5762,0.4693,0,1.4362
"1040","12978",0.7593,0.7593,1,1.013,1,1.5413,0.9474,1.2726,0.5762,0.4693,0,1.4362
"1041","12979",0.7593,0.7593,1,1.013,1,1.5413,0.9474,1.2726,0.5762,0.4693,0,1.4362
"1042","12980",0.7593,0.7593,1,1.013,1,1.5413,0.9474,1.2726,0.5762,0.4693,0,1.4362
"1043","12981",0.7593,0.7593,1,1.013,1,1.5413,0.9474,1.2726,0.5762,0.4693,0,1.4362
"1044","12983",0.7593,0.7593,1,1.2898,1,1.0252,2.0503,1.0595,0.5762,0.4693,0,1.4362
"1045","12985",0.7593,0.7593,1,1.2898,1,1.5413,0.9474,1.2726,0.5762,0.4693,0,1.4362
"1046","12986",0.7593,0.7593,1,1.2898,1,1.5413,0.9474,1.2726,0.5762,0.4693,0,1.5463
"1047","12987",0.7593,0.7593,1,1.2898,1,1.0252,2.0503,1.0595,0.5762,0.4693,0,1.4362
"1048","12989",0.7593,0.7593,1,1.2898,1,1.5413,0.9474,1.2726,0.5762,0.4693,0,1.4362
"1049","12992",0.7593,0.7593,1,1.013,1,1.5413,0.9474,1.2726,0.5762,0.4693,0,1.4362
"1050","12993",0.7593,0.7593,1,1.2898,1,1.0252,2.0503,1.0595,0.5762,0.4693,0,1.4362
"1051","12995",0.7593,0.7593,1,1.013,1,1.5413,0.9474,1.2726,0.5762,0.4693,0,1.4362
"1052","12996",0.7593,0.7593,1,1.2898,1,1.5413,0.9474,1.2726,0.5762,0.4693,0,1.4362
"1053","12997",0.7593,0.7593,1,1.2898,1,1.0252,2.0503,1.0595,0.5762,0.4693,0,1.4362
"1054","12998",0.7593,0.7593,1,1.2898,1,1.0252,2.0503,1.0595,0.5762,0.4693,0,1.5463
"1055","13020",0.7593,0.7593,1,0.8187,1,0.7504,0.9474,1.2726,0.5762,0.4693,0,1.4362
"1056","13021",0.7593,0.7593,1,0.8187,1,0.7504,0.9474,1.2726,0.5762,0.4693,0,0.9276
"1057","13026",0.7593,0.7593,1,1.4473,1.0898,0.7504,0.9474,1.2726,0.5762,0.4693,0,0.8177
"1058","13027",0.7593,0.7593,1,0.8187,1,0.7504,0.9474,1.2726,0.5762,0.4693,0,1.4362
"1059","13028",0.7593,0.7593,1,0.8187,1,1.5413,0.9474,1.2726,0.5762,0.4693,0,1.5463
"1060","13029",0.7593,0.7593,1,0.8187,1,1.5413,0.9474,1.2726,0.5762,0.4693,0,1.4362
"1061","13030",0.7593,0.7593,1,0.8187,1,0.7504,0.9474,1.2726,0.5762,0.4693,0,0.9276
"1062","13031",0.7593,0.7593,1,0.8187,1,0.7504,0.9474,1.2726,0.5762,0.4693,0,1.4362
"1063","13032",0.7593,0.7593,1,0.8187,1,0.7504,0.9474,1.2726,0.5762,0.4693,0,0.9276
"1064","13033",0.7593,0.7593,1,0.8187,1,0.7504,0.9474,1.2726,0.5762,0.4693,0,1.4362
"1065","13034",0.7593,0.7593,1,0.8187,0.8662,0.7504,0.9474,1.2726,0.5762,0.4693,0,0.8177
"1066","13035",0.7593,0.7593,1,0.8187,1,0.7504,0.9474,1.2726,0.5762,0.4693,0,0.9276
"1067","13036",0.7593,0.7593,1,0.8187,1,1.5413,0.9474,1.2726,0.5762,0.4693,0,1.4362
"1068","13037",0.7593,0.7593,1,0.8187,1,0.7504,0.9474,1.2726,0.5762,0.4693,0,0.9276
"1069","13039",0.7593,0.7593,1,0.8187,1,0.7504,0.9474,1.2726,0.5762,0.4693,0,1.4362
"1070","13040",0.7593,0.7593,1,1.4473,1.0898,0.7504,0.9474,1.2726,0.5762,0.4693,0,0.8177
"1071","13041",0.7593,0.7593,1,0.8187,1,1.5413,0.9474,1.2726,0.5762,0.4693,0,1.4362
"1072","13042",0.7593,0.7593,1,0.8187,1,1.5413,0.9474,1.2726,0.5762,0.4693,0,1.5463
"1073","13044",0.7593,0.7593,1,0.8187,1,1.5413,0.9474,1.2726,0.5762,0.4693,0,1.5463
"1074","13045",0.7593,0.7593,1,1.4473,1.0898,0.7504,0.9474,1.2726,0.5762,0.4693,0,0.9276
"1075","13052",0.7593,0.7593,1,0.8187,1,0.7504,0.9474,1.2726,0.5762,0.4693,0,0.9276
"1076","13053",0.7593,0.7593,1,1.4473,1.0898,0.7504,0.9474,1.2726,0.5762,0.4693,0,0.8177
"1077","13054",0.7593,0.7593,1,0.8187,1,1.5413,0.9474,1.2726,0.5762,0.4693,0,1.5463
"1078","13057",0.7593,0.7593,1,0.8187,1,0.7504,0.9474,1.2726,0.5762,0.4693,0,0.9276
"1079","13060",0.7593,0.7593,1,0.8187,1,0.7504,0.9474,1.2726,0.5762,0.4693,0,1.4362
"1080","13061",0.7593,0.7593,1,0.8187,1,0.7504,0.9474,1.2726,0.5762,0.4693,0,0.8177
"1081","13062",0.8662,0.8662,1,1.4473,1.0898,0.7504,0.9474,1.2726,0.5762,0.4693,0,0.9276
"1082","13063",0.7593,0.7593,1,0.8187,1,0.7504,0.9474,1.2726,0.5762,0.4693,0,0.9276
"1083","13064",0.7593,0.7593,1,0.8187,1,0.7504,0.9474,1.2726,0.5762,0.4693,0,1.4362
"1084","13065",0.7593,0.7593,1,0.8187,0.8662,0.7504,0.9474,1.2726,0.5762,0.4693,0,0.8177
"1085","13066",0.7593,0.7593,1,0.8187,1,0.7504,0.9474,1.2726,0.5762,0.4693,0,0.9276
"1086","13068",0.8662,0.8662,1,1.4473,1.0898,0.7504,0.9474,1.2726,0.5762,0.4693,0,0.9276
"1087","13069",0.7593,0.7593,1,0.8187,1,0.7504,0.9474,1.2726,0.5762,0.4693,0,1.4362
"1088","13071",0.7593,0.7593,1,1.4473,1.0898,0.7504,0.9474,1.2726,0.5762,0.4693,0,0.9276
"1089","13072",0.7593,0.7593,1,0.8187,1,0.7504,0.9474,1.2726,0.5762,0.4693,0,0.9276
"1090","13073",0.7593,0.7593,1,1.4473,1.0898,0.7504,0.9474,1.2726,0.5762,0.4693,0,0.9276
"1091","13074",0.7593,0.7593,1,0.8187,1,0.7504,0.9474,1.2726,0.5762,0.4693,0,1.4362
"1092","13076",0.7593,0.7593,1,0.8187,1,1.5413,0.9474,1.2726,0.5762,0.4693,0,1.4362
"1093","13077",0.7593,0.7593,1,0.8187,1,0.7504,0.9474,1.2726,0.5762,0.4693,0,1.4362
"1094","13078",0.7593,0.7593,1,0.8187,1,0.7504,0.9474,1.2726,0.5762,0.4693,0,1.4362
"1095","13080",0.7593,0.7593,1,0.8187,1,0.7504,0.9474,1.2726,0.5762,0.4693,0,0.8177
"1096","13081",0.7593,0.7593,1,1.4473,1.0898,0.7504,0.9474,1.2726,0.5762,0.4693,0,0.9276
"1097","13082",0.7593,0.7593,1,0.8187,1,0.7504,0.9474,1.2726,0.5762,0.4693,0,0.9276
"1098","13083",0.7593,0.7593,1,0.8187,1,1.5413,0.9474,1.2726,0.5762,0.4693,0,1.5463
"1099","13084",0.7593,0.7593,1,0.8187,1,0.7504,0.9474,1.2726,0.5762,0.4693,0,1.4362
"1100","13087",0.7593,0.7593,1,0.8187,1,0.7504,0.9474,1.2726,0.5762,0.4693,0,1.4362
"1101","13088",0.7593,0.7593,1,0.8187,1,0.7504,0.9474,1.2726,0.5762,0.4693,0,1.4362
"1102","13090",0.7593,0.7593,1,0.8187,1,0.7504,0.9474,1.2726,0.5762,0.4693,0,1.4362
"1103","13092",0.7593,0.7593,1,1.4473,1.0898,0.7504,0.9474,1.2726,0.5762,0.4693,0,0.9276
"1104","13101",0.7593,0.7593,1,1.4473,1.0898,0.7504,0.9474,1.2726,0.5762,0.4693,0,0.8177
"1105","13102",0.8662,0.8662,1,1.4473,1.0898,0.7504,0.9474,1.2726,0.5762,0.4693,0,0.9276
"1106","13103",0.7593,0.7593,1,0.8187,1,1.5413,0.9474,1.2726,0.5762,0.4693,0,1.4362
"1107","13104",0.7593,0.7593,1,0.8187,1,0.7504,0.9474,1.2726,0.5762,0.4693,0,0.9276
"1108","13108",0.7593,0.7593,1,0.8187,1,0.7504,0.9474,1.2726,0.5762,0.4693,0,1.4362
"1109","13110",0.7593,0.7593,1,0.8187,1,0.7504,0.9474,1.2726,0.5762,0.4693,0,1.4362
"1110","13111",0.7593,0.7593,1,0.8187,1,0.7504,0.9474,1.2726,0.5762,0.4693,0,1.4362
"1111","13112",0.7593,0.7593,1,0.8187,1,0.7504,0.9474,1.2726,0.5762,0.4693,0,1.4362
"1112","13113",0.7593,0.7593,1,0.8187,1,0.7504,0.9474,1.2726,0.5762,0.4693,0,1.4362
"1113","13114",0.7593,0.7593,1,0.8187,1,1.5413,0.9474,1.2726,0.5762,0.4693,0,1.4362
"1114","13115",0.7593,0.7593,1,0.8187,1,0.7504,0.9474,1.2726,0.5762,0.4693,0,1.4362
"1115","13116",0.7593,0.7593,1,0.8187,1,0.7504,0.9474,1.2726,0.5762,0.4693,0,0.9276
"1116","13117",0.7593,0.7593,1,0.8187,1,0.7504,0.9474,1.2726,0.5762,0.4693,0,0.8177
"1117","13118",0.7593,0.7593,1,0.8187,1.0898,0.7504,0.9474,1.2726,0.5762,0.4693,0,0.9276
"1118","13120",0.7593,0.7593,1,0.8187,1,0.7504,0.9474,1.2726,0.5762,0.4693,0,1.4362
"1119","13121",0.7593,0.7593,1,0.8187,1,1.5413,0.9474,1.2726,0.5762,0.4693,0,1.4362
"1120","13122",0.7593,0.7593,1,0.8187,1,0.7504,0.9474,1.2726,0.5762,0.4693,0,0.9276
"1121","13123",0.7593,0.7593,1,0.8187,1,1.5413,0.9474,1.2726,0.5762,0.4693,0,1.5463
"1122","13124",0.7593,0.7593,1,0.8187,1.0898,0.7504,0.9474,1.2726,0.5762,0.4693,0,0.9276
"1123","13126",0.7593,0.7593,1,0.8187,1,0.7504,0.9474,1.2726,0.5762,0.4693,0,1.4362
"1124","13131",0.7593,0.7593,1,0.8187,1,1.5413,0.9474,1.2726,0.5762,0.4693,0,1.4362
"1125","13132",0.7593,0.7593,1,0.8187,1,1.5413,0.9474,1.2726,0.5762,0.4693,0,1.4362
"1126","13134",0.7593,0.7593,1,0.8187,1,0.7504,0.9474,1.2726,0.5762,0.4693,0,0.9276
"1127","13135",0.7593,0.7593,1,0.8187,1,1.5413,0.9474,1.2726,0.5762,0.4693,0,1.4362
"1128","13136",0.7593,0.7593,1,0.8187,1.0898,0.7504,0.9474,1.2726,0.5762,0.4693,0,0.8177
"1129","13137",0.7593,0.7593,1,0.8187,1,0.7504,0.9474,1.2726,0.5762,0.4693,0,1.4362
"1130","13138",0.7593,0.7593,1,0.8187,1,0.7504,0.9474,1.2726,0.5762,0.4693,0,1.4362
"1131","13140",0.7593,0.7593,1,0.8187,1,0.7504,0.9474,1.2726,0.5762,0.4693,0,0.8177
"1132","13141",0.7593,0.7593,1,0.8187,1,0.7504,0.9474,1.2726,0.5762,0.4693,0,1.4362
"1133","13142",0.7593,0.7593,1,0.8187,1,1.5413,0.9474,1.2726,0.5762,0.4693,0,1.4362
"1134","13143",0.7593,0.7593,1,0.8187,1,0.7504,0.9474,1.2726,0.5762,0.4693,0,1.4362
"1135","13144",0.7593,0.7593,1,0.8187,1,1.5413,0.9474,1.2726,0.5762,0.4693,0,1.5463
"1136","13145",0.7593,0.7593,1,0.8187,1,1.5413,0.9474,1.2726,0.5762,0.4693,0,1.4362
"1137","13146",0.7593,0.7593,1,0.8187,0.8662,0.7504,0.9474,1.2726,0.5762,0.4693,0,0.8177
"1138","13147",0.7593,0.7593,1,0.8187,1.0898,0.7504,0.9474,1.2726,0.5762,0.4693,0,0.8177
"1139","13148",0.7593,0.7593,1,0.8187,0.8662,0.7504,0.9474,1.2726,0.5762,0.4693,0,0.8177
"1140","13152",0.7593,0.7593,1,0.8187,1,0.7504,0.9474,1.2726,0.5762,0.4693,0,1.4362
"1141","13153",0.7593,0.7593,1,0.8187,1,0.7504,0.9474,1.2726,0.5762,0.4693,0,1.4362
"1142","13155",0.7593,0.7593,1,0.8187,1.0898,0.7504,0.9474,1.2726,0.5762,0.4693,0,0.9276
"1143","13156",0.7593,0.7593,1,0.8187,1,0.7504,0.9474,1.2726,0.5762,0.4693,0,1.4362
"1144","13157",0.7593,0.7593,1,0.8187,1,1.5413,0.9474,1.2726,0.5762,0.4693,0,1.5463
"1145","13158",0.7593,0.7593,1,0.8187,1,0.7504,0.9474,1.2726,0.5762,0.4693,0,0.9276
"1146","13159",0.7593,0.7593,1,0.8187,1,0.7504,0.9474,1.2726,0.5762,0.4693,0,1.4362
"1147","13160",0.7593,0.7593,1,0.8187,1.0898,0.7504,0.9474,1.2726,0.5762,0.4693,0,0.8177
"1148","13162",0.7593,0.7593,1,0.8187,1,1.5413,0.9474,1.2726,0.5762,0.4693,0,1.5463
"1149","13163",0.7593,0.7593,1,0.8187,1,0.7504,0.9474,1.2726,0.5762,0.4693,0,0.9276
"1150","13164",0.7593,0.7593,1,0.8187,1,0.7504,0.9474,1.2726,0.5762,0.4693,0,1.4362
"1151","13165",0.7593,0.7593,1,1.4473,0.8662,0.7504,0.9474,1.2726,0.5762,0.4693,0,0.8177
"1152","13166",0.7593,0.7593,1,0.8187,1,0.7504,0.9474,1.2726,0.5762,0.4693,0,0.8177
"1153","13167",0.7593,0.7593,1,0.8187,1,1.5413,0.9474,1.2726,0.5762,0.4693,0,1.5463
"1154","13202",0.7593,0.7593,1,0.8187,1,0.7504,0.9474,1.2726,0.5762,0.4693,0,0.9276
"1155","13203",1.3665,1.3665,1,0.8187,1,0.7504,0.9474,1.2726,0.5762,0.9514,0,0.9276
"1156","13204",1.3665,1.3665,1,0.8187,1,0.7504,0.9474,1.2726,0.5762,0.9514,0,1.4362
"1157","13205",0.7593,0.7593,1,0.8187,1,0.7504,0.9474,1.2726,0.5762,0.4693,0,1.4362
"1158","13206",1.3665,1.3665,1,0.8187,1,0.7504,0.9474,1.2726,0.5762,0.9514,0,0.9276
"1159","13207",1.3665,1.3665,1,0.8187,1,0.7504,0.9474,1.2726,0.5762,0.9514,0,1.4362
"1160","13208",1.3665,1.3665,1,0.8187,1,0.7504,0.9474,1.2726,0.5762,0.9514,0,1.4362
"1161","13209",0.7593,0.7593,1,0.8187,1,0.7504,0.9474,1.2726,0.5762,0.4693,0,1.4362
"1162","13210",0.7593,0.7593,1,0.8187,1,0.7504,0.9474,1.2726,0.5762,0.4693,0,0.9276
"1163","13211",0.7593,0.7593,1,0.8187,1,0.7504,0.9474,1.2726,0.5762,0.4693,0,0.9276
"1164","13212",0.7593,0.7593,1,0.8187,1,0.7504,0.9474,1.2726,0.5762,0.4693,0,1.4362
"1165","13214",0.7593,0.7593,1,0.8187,1,0.7504,0.9474,1.2726,0.5762,0.4693,0,0.9276
"1166","13215",0.7593,0.7593,1,0.8187,1,0.7504,0.9474,1.2726,0.5762,0.4693,0,1.4362
"1167","13219",0.7593,0.7593,1,0.8187,1,0.7504,0.9474,1.2726,0.5762,0.4693,0,1.4362
"1168","13224",0.7593,0.7593,1,0.8187,1,0.7504,0.9474,1.2726,0.5762,0.4693,0,0.9276
"1169","13290",1.3665,1.3665,1,0.8187,1,0.7504,0.9474,1.2726,0.5762,0.9514,0,1.4362
"1170","13301",0.7593,0.7593,1,1.2898,1,0.7504,0.9474,1.2726,0.5762,0.4693,0,1.5463
"1171","13302",0.7593,0.7593,1,0.8187,1,1.5413,0.9474,1.2726,0.5762,0.4693,0,1.4362
"1172","13303",0.7593,0.7593,1,0.8187,1,1.5413,0.9474,1.2726,0.5762,0.4693,0,1.5463
"1173","13304",0.7593,0.7593,1,0.8187,1,1.5413,0.9474,1.2726,0.5762,0.4693,0,1.5463
"1174","13305",0.7593,0.7593,1,1.2898,1,1.5413,0.9474,1.2726,0.5762,0.4693,0,1.5463
"1175","13308",0.7593,0.7593,1,0.8187,1,1.5413,0.9474,1.2726,0.5762,0.4693,0,1.5463
"1176","13309",0.7593,0.7593,1,0.8187,1,0.7504,0.9474,1.2726,0.5762,0.4693,0,1.5463
"1177","13310",0.7593,0.7593,1,0.8187,1,0.7504,0.9474,1.2726,0.5762,0.4693,0,0.8177
"1178","13312",0.7593,0.7593,1,1.2898,1,0.7504,0.9474,1.2726,0.5762,0.4693,0,1.5463
"1179","13313",0.7593,0.7593,1,0.8187,1,0.7504,0.9474,1.2726,0.5762,0.4693,0,0.9276
"1180","13314",0.7593,0.7593,1,0.8187,1,0.7504,0.9474,1.2726,0.5762,0.4693,0,0.8177
"1181","13315",0.8662,0.8662,1,0.8187,1.0898,0.7504,0.9474,1.2726,0.5762,0.4693,0,0.9276
"1182","13316",0.7593,0.7593,1,0.8187,1,1.5413,0.9474,1.2726,0.5762,0.4693,0,1.5463
"1183","13317",0.8662,0.8662,1,0.8187,1.0898,0.7504,0.9474,1.2726,0.5762,0.4693,0,0.9276
"1184","13318",0.7593,0.7593,1,0.8187,1,0.7504,0.9474,1.2726,0.5762,0.4693,0,0.9276
"1185","13319",0.7593,0.7593,1,1.2898,1,0.7504,0.9474,1.2726,0.5762,0.4693,0,0.9276
"1186","13320",0.8662,0.8662,1,0.8187,1.0898,0.7504,0.9474,1.2726,0.5762,0.4693,0,0.9276
"1187","13321",0.7593,0.7593,1,0.8187,1,0.7504,0.9474,1.2726,0.5762,0.4693,0,0.9276
"1188","13322",0.7593,0.7593,1,0.8187,1,1.5413,0.9474,1.2726,0.5762,0.4693,0,0.9276
"1189","13323",0.7593,0.7593,1,0.8187,1,0.7504,0.9474,1.2726,0.5762,0.4693,0,0.9276
"1190","13324",0.7593,0.7593,1,1.2898,1,0.7504,0.9474,1.2726,0.5762,0.4693,0,1.5463
"1191","13325",0.7593,0.7593,1,0.8187,1,1.5413,0.9474,1.2726,0.5762,0.4693,0,1.5463
"1192","13326",0.8662,0.8662,1,0.8187,1.0898,0.7504,0.9474,1.2726,0.5762,0.4693,0,0.9276
"1193","13327",0.7593,0.7593,1,1.2898,1,1.5413,0.9474,1.2726,0.5762,0.4693,0,1.5463
"1194","13328",0.7593,0.7593,1,0.8187,1,0.7504,0.9474,1.2726,0.5762,0.4693,0,0.9276
"1195","13329",0.7593,0.7593,1,0.8187,1,0.7504,0.9474,1.2726,0.5762,0.4693,0,1.5463
"1196","13331",0.7593,0.7593,1,1.2898,1,0.7504,0.9474,1.2726,0.5762,0.4693,0,1.5463
"1197","13332",0.7593,0.7593,1,0.8187,1,0.7504,0.9474,1.2726,0.5762,0.4693,0,0.8177
"1198","13333",0.8662,0.8662,1,0.8187,1.0898,0.7504,0.9474,1.2726,0.5762,0.4693,0,0.9276
"1199","13334",0.7593,0.7593,1,0.8187,1,0.7504,0.9474,1.2726,0.5762,0.4693,0,0.8177
"1200","13335",0.7593,0.7593,1,0.8187,1.0898,0.7504,0.9474,1.2726,0.5762,0.4693,0,0.8177
"1201","13337",0.8662,0.8662,1,0.8187,1.0898,0.7504,0.9474,1.2726,0.5762,0.4693,0,0.9276
"1202","13338",0.7593,0.7593,1,1.2898,1,0.7504,0.9474,1.2726,0.5762,0.4693,0,1.5463
"1203","13339",0.8662,0.8662,1,0.8187,1,0.7504,0.9474,1.2726,0.5762,0.4693,0,1.5463
"1204","13340",0.7593,0.7593,1,1.2898,1,1.5413,0.9474,1.2726,0.5762,0.4693,0,1.5463
"1205","13341",0.7593,0.7593,1,0.8187,1,0.7504,0.9474,1.2726,0.5762,0.4693,0,0.9276
"1206","13342",0.8662,0.8662,1,0.8187,1.0898,0.7504,0.9474,1.2726,0.5762,0.4693,0,0.9276
"1207","13343",0.7593,0.7593,1,1.2898,1,0.7504,0.9474,1.2726,0.5762,0.4693,0,1.5463
"1208","13345",0.7593,0.7593,1,1.2898,1,0.7504,0.9474,1.2726,0.5762,0.4693,0,1.5463
"1209","13346",0.7593,0.7593,1,0.8187,1,0.7504,0.9474,1.2726,0.5762,0.4693,0,0.8177
"1210","13348",0.8662,0.8662,1,0.8187,1.0898,0.7504,0.9474,1.2726,0.5762,0.4693,0,0.9276
"1211","13350",0.7593,0.7593,1,0.8187,1,0.7504,0.9474,1.2726,0.5762,0.4693,0,1.5463
"1212","13352",0.7593,0.7593,1,1.2898,1,0.7504,0.9474,1.2726,0.5762,0.4693,0,1.5463
"1213","13353",0.7593,0.7593,1,1.2898,1,0.7504,0.9474,1.2726,0.5762,0.4693,0,1.5463
"1214","13354",0.7593,0.7593,1,0.8187,1,1.5413,0.9474,1.2726,0.5762,0.4693,0,1.5463
"1215","13355",0.7593,0.7593,1,0.8187,1,0.7504,0.9474,1.2726,0.5762,0.4693,0,0.8177
"1216","13357",0.7593,0.7593,1,0.8187,1,0.7504,0.9474,1.2726,0.5762,0.4693,0,0.9276
"1217","13360",0.7593,0.7593,1,1.2898,1,0.7504,0.9474,1.2726,0.5762,0.4693,0,1.5463
"1218","13361",0.7593,0.7593,1,0.8187,1,0.7504,0.9474,1.2726,0.5762,0.4693,0,0.9276
"1219","13363",0.7593,0.7593,1,0.8187,1,1.5413,0.9474,1.2726,0.5762,0.4693,0,1.5463
"1220","13364",0.7593,0.7593,1,0.8187,1,0.7504,0.9474,1.2726,0.5762,0.4693,0,0.8177
"1221","13365",0.7593,0.7593,1,0.8187,1,0.7504,0.9474,1.2726,0.5762,0.4693,0,1.5463
"1222","13367",0.7593,0.7593,1,1.2898,1,1.5413,0.9474,1.2726,0.5762,0.4693,0,1.5463
"1223","13368",0.7593,0.7593,1,1.2898,1,0.7504,0.9474,1.2726,0.5762,0.4693,0,1.5463
"1224","13402",0.7593,0.7593,1,0.8187,1,0.7504,0.9474,1.2726,0.5762,0.4693,0,0.8177
"1225","13403",0.7593,0.7593,1,0.8187,1,1.5413,0.9474,1.2726,0.5762,0.4693,0,1.5463
"1226","13406",0.7593,0.7593,1,0.8187,1,0.7504,0.9474,1.2726,0.5762,0.4693,0,1.5463
"1227","13407",0.7593,0.7593,1,0.8187,1,0.7504,0.9474,1.2726,0.5762,0.4693,0,1.5463
"1228","13408",0.7593,0.7593,1,0.8187,1,0.7504,0.9474,1.2726,0.5762,0.4693,0,0.9276
"1229","13409",0.7593,0.7593,1,0.8187,1,0.7504,0.9474,1.2726,0.5762,0.4693,0,0.9276
"1230","13411",0.7593,0.7593,1,0.8187,1.0898,0.7504,0.9474,1.2726,0.5762,0.4693,0,0.8177
"1231","13413",0.7593,0.7593,1,1.2898,1,0.7504,0.9474,1.2726,0.5762,0.4693,0,0.9276
"1232","13415",0.8662,0.8662,1,0.8187,1.0898,0.7504,0.9474,1.2726,0.5762,0.4693,0,0.9276
"1233","13416",0.7593,0.7593,1,1.2898,1,0.7504,0.9474,1.2726,0.5762,0.4693,0,1.5463
"1234","13417",0.7593,0.7593,1,1.2898,1,0.7504,0.9474,1.2726,0.5762,0.4693,0,0.9276
"1235","13418",0.7593,0.7593,1,0.8187,1,0.7504,0.9474,1.2726,0.5762,0.4693,0,0.8177
"1236","13420",0.7593,0.7593,1,1.2898,1,0.7504,0.9474,1.2726,0.5762,0.4693,0,1.5463
"1237","13421",0.7593,0.7593,1,0.8187,1,0.7504,0.9474,1.2726,0.5762,0.4693,0,0.9276
"1238","13424",0.7593,0.7593,1,0.8187,1,1.5413,0.9474,1.2726,0.5762,0.4693,0,1.5463
"1239","13425",0.7593,0.7593,1,0.8187,1,0.7504,0.9474,1.2726,0.5762,0.4693,0,0.9276
"1240","13426",0.7593,0.7593,1,0.8187,1,1.5413,0.9474,1.2726,0.5762,0.4693,0,1.5463
"1241","13428",0.8662,0.8662,1,0.8187,1.0898,0.7504,0.9474,1.2726,0.5762,0.4693,0,0.9276
"1242","13431",0.7593,0.7593,1,1.2898,1,1.5413,0.9474,1.2726,0.5762,0.4693,0,1.5463
"1243","13433",0.7593,0.7593,1,1.2898,1,0.7504,0.9474,1.2726,0.5762,0.4693,0,1.5463
"1244","13435",0.7593,0.7593,1,1.2898,1,0.7504,0.9474,1.2726,0.5762,0.4693,0,1.5463
"1245","13436",0.7593,0.7593,1,1.2898,1,1.0252,2.0503,1.0595,0.5762,0.4693,0,1.5463
"1246","13437",0.7593,0.7593,1,0.8187,1,1.5413,0.9474,1.2726,0.5762,0.4693,0,1.5463
"1247","13438",0.7593,0.7593,1,1.2898,1,0.7504,0.9474,1.2726,0.5762,0.4693,0,1.5463
"1248","13439",0.8662,0.8662,1,0.8187,1.0898,0.7504,0.9474,1.2726,0.5762,0.4693,0,0.9276
"1249","13440",0.7593,0.7593,1,0.8187,1,1.5413,0.9474,1.2726,0.5762,0.4693,0,1.5463
"1250","13441",0.7593,0.7593,1,0.8187,1,1.5413,0.9474,1.2726,0.5762,0.4693,0,1.5463
"1251","13450",0.8662,0.8662,1,0.8187,1.0898,0.7504,0.9474,1.2726,0.5762,0.4693,0,0.9276
"1252","13452",0.8662,0.8662,1,0.8187,1.0898,0.7504,0.9474,1.2726,0.5762,0.4693,0,1.5463
"1253","13454",0.7593,0.7593,1,0.8187,1,0.7504,0.9474,1.2726,0.5762,0.4693,0,1.5463
"1254","13456",0.7593,0.7593,1,0.8187,1,0.7504,0.9474,1.2726,0.5762,0.4693,0,0.9276
"1255","13457",0.8662,0.8662,1,0.8187,1.0898,0.7504,0.9474,1.2726,0.5762,0.4693,0,0.9276
"1256","13459",0.8662,0.8662,1,0.8187,1.0898,0.7504,0.9474,1.2726,0.5762,0.4693,0,0.9276
"1257","13460",0.7593,0.7593,1,0.8187,1,0.7504,0.9474,1.2726,0.5762,0.4693,0,0.8177
"1258","13461",0.7593,0.7593,1,0.8187,1,0.7504,0.9474,1.2726,0.5762,0.4693,0,0.9276
"1259","13464",0.7593,0.7593,1,0.8187,1.0898,0.7504,0.9474,1.2726,0.5762,0.4693,0,0.8177
"1260","13465",0.7593,0.7593,1,0.8187,1,0.7504,0.9474,1.2726,0.5762,0.4693,0,0.8177
"1261","13468",0.8662,0.8662,1,0.8187,1.0898,0.7504,0.9474,1.2726,0.5762,0.4693,0,0.9276
"1262","13469",0.7593,0.7593,1,0.8187,1,1.5413,0.9474,1.2726,0.5762,0.4693,0,1.5463
"1263","13470",0.7593,0.7593,1,0.8187,1,0.7504,0.9474,1.2726,0.5762,0.4693,0,1.5463
"1264","13471",0.7593,0.7593,1,0.8187,1,1.5413,0.9474,1.2726,0.5762,0.4693,0,1.5463
"1265","13472",0.7593,0.7593,1,1.2898,1,0.7504,0.9474,1.2726,0.5762,0.4693,0,1.5463
"1266","13473",0.7593,0.7593,1,1.2898,1,1.5413,0.9474,1.2726,0.5762,0.4693,0,1.5463
"1267","13475",0.7593,0.7593,1,0.8187,1,0.7504,0.9474,1.2726,0.5762,0.4693,0,0.9276
"1268","13476",0.7593,0.7593,1,0.8187,1,0.7504,0.9474,1.2726,0.5762,0.4693,0,1.5463
"1269","13477",0.7593,0.7593,1,0.8187,1,0.7504,0.9474,1.2726,0.5762,0.4693,0,0.9276
"1270","13478",0.7593,0.7593,1,0.8187,1,1.5413,0.9474,1.2726,0.5762,0.4693,0,1.5463
"1271","13480",0.7593,0.7593,1,0.8187,1,0.7504,0.9474,1.2726,0.5762,0.4693,0,0.9276
"1272","13482",0.8662,0.8662,1,0.8187,1.0898,0.7504,0.9474,1.2726,0.5762,0.4693,0,0.9276
"1273","13483",0.7593,0.7593,1,0.8187,1,1.5413,0.9474,1.2726,0.5762,0.4693,0,1.5463
"1274","13485",0.7593,0.7593,1,0.8187,1,0.7504,0.9474,1.2726,0.5762,0.4693,0,0.8177
"1275","13486",0.7593,0.7593,1,0.8187,1,1.5413,0.9474,1.2726,0.5762,0.4693,0,1.5463
"1276","13488",0.8662,0.8662,1,0.8187,1.0898,0.7504,0.9474,1.2726,0.5762,0.4693,0,0.9276
"1277","13489",0.7593,0.7593,1,0.8187,1,1.5413,0.9474,1.2726,0.5762,0.4693,0,1.5463
"1278","13490",0.7593,0.7593,1,0.8187,1,1.5413,0.9474,1.2726,0.5762,0.4693,0,1.5463
"1279","13491",0.7593,0.7593,1,0.8187,1,0.7504,0.9474,1.2726,0.5762,0.4693,0,0.9276
"1280","13492",0.7593,0.7593,1,0.8187,1,1.5413,0.9474,1.2726,0.5762,0.4693,0,1.5463
"1281","13493",0.7593,0.7593,1,0.8187,1,1.5413,0.9474,1.2726,0.5762,0.4693,0,1.5463
"1282","13494",0.7593,0.7593,1,1.2898,1,0.7504,0.9474,1.2726,0.5762,0.4693,0,1.5463
"1283","13495",0.7593,0.7593,1,1.2898,1,1.5413,0.9474,1.2726,0.5762,0.4693,0,0.9276
"1284","13501",0.7593,0.7593,1,1.2898,1,1.5413,0.9474,1.2726,0.5762,0.4693,0,1.5463
"1285","13502",0.7593,0.7593,1,0.8187,1,1.5413,0.9474,1.2726,0.5762,0.4693,0,1.5463
"1286","13601",0.7593,0.7593,1,1.2898,1,1.5413,0.9474,1.2726,0.5762,0.4693,0,1.4362
"1287","13602",0.7593,0.7593,1,1.2898,1,1.5413,0.9474,1.2726,0.5762,0.4693,0,1.4362
"1288","13603",0.7593,0.7593,1,1.2898,1,1.5413,0.9474,1.2726,0.5762,0.4693,0,1.4362
"1289","13605",0.7593,0.7593,1,1.2898,1,1.5413,0.9474,1.2726,0.5762,0.4693,0,1.4362
"1290","13606",0.7593,0.7593,1,1.2898,1,1.5413,0.9474,1.2726,0.5762,0.4693,0,1.4362
"1291","13607",0.7593,0.7593,1,1.013,1,1.5413,0.9474,1.2726,0.5762,0.4693,0,1.4362
"1292","13608",0.7593,0.7593,1,1.013,1,1.5413,0.9474,1.2726,0.5762,0.4693,0,1.4362
"1293","13611",0.7593,0.7593,1,1.2898,1,1.5413,0.9474,1.2726,0.5762,0.4693,0,1.4362
"1294","13612",0.7593,0.7593,1,1.2898,1,1.5413,0.9474,1.2726,0.5762,0.4693,0,1.5463
"1295","13613",0.7593,0.7593,1,1.013,1,1.5413,0.9474,1.2726,0.5762,0.4693,0,1.4362
"1296","13614",0.7593,0.7593,1,1.013,1,1.5413,0.9474,1.2726,0.5762,0.4693,0,1.4362
"1297","13615",0.7593,0.7593,1,1.2898,1,1.5413,0.9474,1.2726,0.5762,0.4693,0,1.4362
"1298","13616",0.7593,0.7593,1,1.2898,1,1.5413,0.9474,1.2726,0.5762,0.4693,0,1.4362
"1299","13617",0.7593,0.7593,1,1.013,1,1.5413,0.9474,1.2726,0.5762,0.4693,0,1.4362
"1300","13618",0.7593,0.7593,1,1.013,1,1.5413,0.9474,1.2726,0.5762,0.4693,0,1.4362
"1301","13619",0.7593,0.7593,1,1.2898,1,1.5413,0.9474,1.2726,0.5762,0.4693,0,1.5463
"1302","13620",0.7593,0.7593,1,1.2898,1,1.5413,0.9474,1.2726,0.5762,0.4693,0,1.5463
"1303","13621",0.7593,0.7593,1,1.013,1,1.5413,0.9474,1.2726,0.5762,0.4693,0,1.4362
"1304","13622",0.7593,0.7593,1,1.013,1,1.5413,0.9474,1.2726,0.5762,0.4693,0,1.4362
"1305","13623",0.7593,0.7593,1,1.013,1,1.5413,0.9474,1.2726,0.5762,0.4693,0,1.4362
"1306","13624",0.7593,0.7593,1,1.013,1,1.5413,0.9474,1.2726,0.5762,0.4693,0,1.4362
"1307","13625",0.7593,0.7593,1,1.013,1,1.5413,0.9474,1.2726,0.5762,0.4693,0,1.4362
"1308","13626",0.7593,0.7593,1,1.2898,1,1.5413,0.9474,1.2726,0.5762,0.4693,0,1.4362
"1309","13628",0.7593,0.7593,1,1.2898,1,1.5413,0.9474,1.2726,0.5762,0.4693,0,1.4362
"1310","13630",0.7593,0.7593,1,1.013,1,1.5413,0.9474,1.2726,0.5762,0.4693,0,1.4362
"1311","13632",0.7593,0.7593,1,1.013,1,1.5413,0.9474,1.2726,0.5762,0.4693,0,1.4362
"1312","13633",0.7593,0.7593,1,1.013,1,1.5413,0.9474,1.2726,0.5762,0.4693,0,1.4362
"1313","13634",0.7593,0.7593,1,1.2898,1,1.5413,0.9474,1.2726,0.5762,0.4693,0,1.4362
"1314","13635",0.7593,0.7593,1,1.013,1,1.5413,0.9474,1.2726,0.5762,0.4693,0,1.4362
"1315","13636",0.7593,0.7593,1,1.2898,1,1.5413,0.9474,1.2726,0.5762,0.4693,0,1.4362
"1316","13637",0.7593,0.7593,1,1.2898,1,1.5413,0.9474,1.2726,0.5762,0.4693,0,1.4362
"1317","13638",0.7593,0.7593,1,1.2898,1,1.5413,0.9474,1.2726,0.5762,0.4693,0,1.5463
"1318","13639",0.7593,0.7593,1,1.013,1,1.5413,0.9474,1.2726,0.5762,0.4693,0,1.4362
"1319","13640",0.7593,0.7593,1,1.013,1,1.5413,0.9474,1.2726,0.5762,0.4693,0,1.4362
"1320","13641",0.7593,0.7593,1,1.013,1,1.5413,0.9474,1.2726,0.5762,0.4693,0,1.4362
"1321","13642",0.7593,0.7593,1,1.013,1,1.5413,0.9474,1.2726,0.5762,0.4693,0,1.4362
"1322","13643",0.7593,0.7593,1,1.2898,1,1.5413,0.9474,1.2726,0.5762,0.4693,0,1.5463
"1323","13645",0.7593,0.7593,1,1.013,1,1.5413,0.9474,1.2726,0.5762,0.4693,0,1.4362
"1324","13646",0.7593,0.7593,1,1.013,1,1.5413,0.9474,1.2726,0.5762,0.4693,0,1.4362
"1325","13647",0.7593,0.7593,1,1.013,1,1.5413,0.9474,1.2726,0.5762,0.4693,0,1.4362
"1326","13648",0.7593,0.7593,1,1.2898,1,1.5413,0.9474,1.2726,0.5762,0.4693,0,1.4362
"1327","13650",0.7593,0.7593,1,1.2898,1,1.5413,0.9474,1.2726,0.5762,0.4693,0,1.4362
"1328","13651",0.7593,0.7593,1,1.2898,1,1.5413,0.9474,1.2726,0.5762,0.4693,0,1.4362
"1329","13652",0.7593,0.7593,1,1.013,1,1.5413,0.9474,1.2726,0.5762,0.4693,0,1.4362
"1330","13654",0.7593,0.7593,1,1.013,1,1.5413,0.9474,1.2726,0.5762,0.4693,0,1.4362
"1331","13655",0.7593,0.7593,1,1.013,1,1.5413,0.9474,1.2726,0.5762,0.4693,0,1.4362
"1332","13656",0.7593,0.7593,1,1.013,1,1.5413,0.9474,1.2726,0.5762,0.4693,0,1.4362
"1333","13658",0.7593,0.7593,1,1.013,1,1.5413,0.9474,1.2726,0.5762,0.4693,0,1.4362
"1334","13659",0.7593,0.7593,1,1.2898,1,1.5413,0.9474,1.2726,0.5762,0.4693,0,1.5463
"1335","13660",0.7593,0.7593,1,1.013,1,1.5413,0.9474,1.2726,0.5762,0.4693,0,1.4362
"1336","13661",0.7593,0.7593,1,1.2898,1,1.5413,0.9474,1.2726,0.5762,0.4693,0,1.4362
"1337","13662",0.7593,0.7593,1,1.013,1,1.5413,0.9474,1.2726,0.5762,0.4693,0,1.4362
"1338","13664",0.7593,0.7593,1,1.013,1,1.5413,0.9474,1.2726,0.5762,0.4693,0,1.4362
"1339","13665",0.7593,0.7593,1,1.2898,1,1.5413,0.9474,1.2726,0.5762,0.4693,0,1.5463
"1340","13666",0.7593,0.7593,1,1.013,1,1.5413,0.9474,1.2726,0.5762,0.4693,0,1.4362
"1341","13667",0.7593,0.7593,1,1.013,1,1.5413,0.9474,1.2726,0.5762,0.4693,0,1.4362
"1342","13668",0.7593,0.7593,1,1.013,1,1.5413,0.9474,1.2726,0.5762,0.4693,0,1.4362
"1343","13669",0.7593,0.7593,1,1.013,1,1.5413,0.9474,1.2726,0.5762,0.4693,0,1.4362
"1344","13670",0.7593,0.7593,1,1.013,1,1.5413,0.9474,1.2726,0.5762,0.4693,0,1.4362
"1345","13672",0.7593,0.7593,1,1.013,1,1.5413,0.9474,1.2726,0.5762,0.4693,0,1.4362
"1346","13673",0.7593,0.7593,1,1.2898,1,1.5413,0.9474,1.2726,0.5762,0.4693,0,1.4362
"1347","13674",0.7593,0.7593,1,1.2898,1,1.5413,0.9474,1.2726,0.5762,0.4693,0,1.4362
"1348","13675",0.7593,0.7593,1,1.013,1,1.5413,0.9474,1.2726,0.5762,0.4693,0,1.4362
"1349","13676",0.7593,0.7593,1,1.013,1,1.5413,0.9474,1.2726,0.5762,0.4693,0,1.4362
"1350","13679",0.7593,0.7593,1,1.013,1,1.5413,0.9474,1.2726,0.5762,0.4693,0,1.4362
"1351","13680",0.7593,0.7593,1,1.013,1,1.5413,0.9474,1.2726,0.5762,0.4693,0,1.4362
"1352","13681",0.7593,0.7593,1,1.013,1,1.5413,0.9474,1.2726,0.5762,0.4693,0,1.4362
"1353","13682",0.7593,0.7593,1,1.2898,1,1.5413,0.9474,1.2726,0.5762,0.4693,0,1.4362
"1354","13684",0.7593,0.7593,1,1.013,1,1.5413,0.9474,1.2726,0.5762,0.4693,0,1.4362
"1355","13685",0.7593,0.7593,1,1.2898,1,1.5413,0.9474,1.2726,0.5762,0.4693,0,1.4362
"1356","13687",0.7593,0.7593,1,1.013,1,1.5413,0.9474,1.2726,0.5762,0.4693,0,1.4362
"1357","13690",0.7593,0.7593,1,1.013,1,1.5413,0.9474,1.2726,0.5762,0.4693,0,1.4362
"1358","13691",0.7593,0.7593,1,1.013,1,1.5413,0.9474,1.2726,0.5762,0.4693,0,1.4362
"1359","13692",0.7593,0.7593,1,1.013,1,1.5413,0.9474,1.2726,0.5762,0.4693,0,1.4362
"1360","13693",0.7593,0.7593,1,1.013,1,1.5413,0.9474,1.2726,0.5762,0.4693,0,1.4362
"1361","13694",0.7593,0.7593,1,1.013,1,1.5413,0.9474,1.2726,0.5762,0.4693,0,1.4362
"1362","13695",0.7593,0.7593,1,1.013,1,1.5413,0.9474,1.2726,0.5762,0.4693,0,1.4362
"1363","13696",0.7593,0.7593,1,1.013,1,1.5413,0.9474,1.2726,0.5762,0.4693,0,1.4362
"1364","13697",0.7593,0.7593,1,1.013,1,1.5413,0.9474,1.2726,0.5762,0.4693,0,1.4362
"1365","13730",0.8662,0.8662,1,0.8187,1.0898,0.7504,0.9474,1.2726,0.5762,0.4693,0,0.8177
"1366","13731",0.8662,0.8662,1,0.8187,1.0898,0.7504,0.9474,1.2726,0.5762,0.4693,0,0.9276
"1367","13732",0.8662,0.8662,1,1.4473,1.0898,0.7504,0.9474,1.2726,0.5762,0.4693,0,0.8177
"1368","13733",0.8662,0.8662,1,0.8187,1.0898,0.7504,0.9474,1.2726,0.5762,0.4693,0,0.8177
"1369","13734",0.7593,0.7593,1,1.4473,1.0898,0.7504,0.9474,1.2726,0.5762,0.4693,0,0.8177
"1370","13736",0.7593,0.7593,1,1.4473,1.0898,0.7504,0.9474,1.2726,0.5762,0.4693,0,0.8177
"1371","13739",0.8662,0.8662,1,0.8187,1.0898,0.7504,0.9474,1.2726,0.5762,0.4693,0,0.9276
"1372","13740",0.8662,0.8662,1,0.8187,1.0898,0.7504,0.9474,1.2726,0.5762,0.4693,0,0.9276
"1373","13743",0.7593,0.7593,1,1.4473,1.0898,0.7504,0.9474,1.2726,0.5762,0.4693,0,0.8177
"1374","13744",0.8662,0.8662,1,0.8187,1.0898,0.7504,0.9474,1.2726,0.5762,0.4693,0,0.8177
"1375","13746",0.8662,0.8662,1,0.8187,1.0898,0.7504,0.9474,1.2726,0.5762,0.4693,0,0.8177
"1376","13748",0.8662,0.8662,1,0.8187,1.0898,0.7504,0.9474,1.2726,0.5762,0.4693,0,0.8177
"1377","13750",0.8662,0.8662,1,0.8187,1.0898,0.7504,0.9474,1.2726,0.5762,0.4693,0,0.9276
"1378","13751",0.8662,0.8662,1,0.8187,1.0898,0.7504,0.9474,1.2726,0.5762,0.4693,0,0.9276
"1379","13752",0.8662,0.8662,1,0.8187,1.0898,0.7504,0.9474,1.2726,0.5762,0.4693,0,0.9276
"1380","13753",0.8662,0.8662,1,0.8187,1.0898,0.7504,0.9474,1.2726,0.5762,0.4693,0,0.9276
"1381","13754",0.8662,0.8662,1,0.8187,1.0898,0.7504,0.9474,1.2726,0.5762,0.4693,0,0.8177
"1382","13755",0.8662,0.8662,1,0.8187,1.0898,0.7504,0.9474,1.2726,0.5762,0.4693,0,0.9276
"1383","13756",0.8662,0.8662,1,0.8187,1.0898,0.7504,0.9474,1.2726,0.5762,0.4693,0,0.9276
"1384","13757",0.8662,0.8662,1,0.8187,1.0898,0.7504,0.9474,1.2726,0.5762,0.4693,0,0.9276
"1385","13760",0.8662,0.8662,1,0.8187,1.0898,0.7504,0.9474,1.2726,0.5762,0.4693,0,0.8177
"1386","13774",0.8662,0.8662,1,0.8187,1.0898,0.7504,0.9474,1.2726,0.5762,0.4693,0,0.9276
"1387","13775",0.8662,0.8662,1,0.8187,1.0898,0.7504,0.9474,1.2726,0.5762,0.4693,0,0.9276
"1388","13776",0.8662,0.8662,1,0.8187,1.0898,0.7504,0.9474,1.2726,0.5762,0.4693,0,0.9276
"1389","13777",0.8662,0.8662,1,0.8187,1.0898,0.7504,0.9474,1.2726,0.5762,0.4693,0,0.8177
"1390","13778",0.8662,0.8662,1,0.8187,1.0898,0.7504,0.9474,1.2726,0.5762,0.4693,0,0.8177
"1391","13780",0.8662,0.8662,1,0.8187,1.0898,0.7504,0.9474,1.2726,0.5762,0.4693,0,0.8177
"1392","13782",0.8662,0.8662,1,0.8187,1.0898,0.7504,0.9474,1.2726,0.5762,0.4693,0,0.9276
"1393","13783",0.8662,0.8662,1,0.8187,1.0898,0.7504,0.9474,1.2726,0.5762,0.4693,0,0.8177
"1394","13784",0.7593,0.7593,1,1.4473,1.0898,0.7504,0.9474,1.2726,0.5762,0.4693,0,0.8177
"1395","13786",0.8662,0.8662,1,0.8187,1.0898,0.7504,0.9474,1.2726,0.5762,0.4693,0,0.9276
"1396","13787",0.8662,0.8662,1,0.8187,1.0898,0.7504,0.9474,1.2726,0.5762,0.4693,0,0.8177
"1397","13788",0.8662,0.8662,1,0.8187,1.0898,0.7504,0.9474,1.2726,0.5762,0.4693,0,0.9276
"1398","13790",0.8662,0.8662,1,0.8187,1.0898,0.7504,0.9474,1.2726,0.5762,0.4693,0,0.8177
"1399","13795",0.8662,0.8662,1,0.8187,1.0898,0.7504,0.9474,1.2726,0.5762,0.4693,0,0.8177
"1400","13796",0.8662,0.8662,1,0.8187,1.0898,0.7504,0.9474,1.2726,0.5762,0.4693,0,0.9276
"1401","13797",0.7593,0.7593,1,1.4473,1.0898,0.7504,0.9474,1.2726,0.5762,0.4693,0,0.8177
"1402","13801",0.7593,0.7593,1,0.8187,1.0898,0.7504,0.9474,1.2726,0.5762,0.4693,0,0.8177
"1403","13802",0.8662,0.8662,1,0.8187,1.0898,0.7504,0.9474,1.2726,0.5762,0.4693,0,0.8177
"1404","13803",0.7593,0.7593,1,1.4473,1.0898,0.7504,0.9474,1.2726,0.5762,0.4693,0,0.8177
"1405","13804",0.8662,0.8662,1,0.8187,1.0898,0.7504,0.9474,1.2726,0.5762,0.4693,0,0.8177
"1406","13806",0.8662,0.8662,1,0.8187,1.0898,0.7504,0.9474,1.2726,0.5762,0.4693,0,0.9276
"1407","13807",0.8662,0.8662,1,0.8187,1.0898,0.7504,0.9474,1.2726,0.5762,0.4693,0,0.9276
"1408","13808",0.8662,0.8662,1,0.8187,1.0898,0.7504,0.9474,1.2726,0.5762,0.4693,0,0.9276
"1409","13809",0.8662,0.8662,1,0.8187,1.0898,0.7504,0.9474,1.2726,0.5762,0.4693,0,0.8177
"1410","13810",0.8662,0.8662,1,0.8187,1.0898,0.7504,0.9474,1.2726,0.5762,0.4693,0,0.9276
"1411","13811",0.8662,0.8662,1,1.4473,1.0898,0.7504,0.9474,1.2726,0.5762,0.4693,0,0.8177
"1412","13812",0.7593,0.7593,1,1.4473,1.0898,0.7504,0.9474,1.2726,0.5762,0.4693,0,0.8177
"1413","13813",0.8662,0.8662,1,0.8187,1.0898,0.7504,0.9474,1.2726,0.5762,0.4693,0,0.8177
"1414","13814",0.7593,0.7593,1,0.8187,1.0898,0.7504,0.9474,1.2726,0.5762,0.4693,0,0.8177
"1415","13815",0.7593,0.7593,1,0.8187,1.0898,0.7504,0.9474,1.2726,0.5762,0.4693,0,0.8177
"1416","13820",0.8662,0.8662,1,0.8187,1.0898,0.7504,0.9474,1.2726,0.5762,0.4693,0,0.9276
"1417","13825",0.8662,0.8662,1,0.8187,1.0898,0.7504,0.9474,1.2726,0.5762,0.4693,0,0.9276
"1418","13826",0.8662,0.8662,1,0.8187,1.0898,0.7504,0.9474,1.2726,0.5762,0.4693,0,0.8177
"1419","13827",0.8662,0.8662,1,1.4473,1.0898,0.7504,0.9474,1.2726,0.5762,0.4693,0,0.8177
"1420","13830",0.8662,0.8662,1,0.8187,1.0898,0.7504,0.9474,1.2726,0.5762,0.4693,0,0.8177
"1421","13832",0.7593,0.7593,1,0.8187,1.0898,0.7504,0.9474,1.2726,0.5762,0.4693,0,0.8177
"1422","13833",0.8662,0.8662,1,0.8187,1.0898,0.7504,0.9474,1.2726,0.5762,0.4693,0,0.8177
"1423","13834",0.8662,0.8662,1,0.8187,1.0898,0.7504,0.9474,1.2726,0.5762,0.4693,0,0.9276
"1424","13835",0.7593,0.7593,1,1.4473,1.0898,0.7504,0.9474,1.2726,0.5762,0.4693,0,0.8177
"1425","13838",0.8662,0.8662,1,0.8187,1.0898,0.7504,0.9474,1.2726,0.5762,0.4693,0,0.8177
"1426","13839",0.8662,0.8662,1,0.8187,1.0898,0.7504,0.9474,1.2726,0.5762,0.4693,0,0.9276
"1427","13840",0.7593,0.7593,1,1.4473,1.0898,0.7504,0.9474,1.2726,0.5762,0.4693,0,0.8177
"1428","13841",0.8662,0.8662,1,0.8187,1.0898,0.7504,0.9474,1.2726,0.5762,0.4693,0,0.8177
"1429","13842",0.8662,0.8662,1,0.8187,1.0898,0.7504,0.9474,1.2726,0.5762,0.4693,0,0.9276
"1430","13843",0.8662,0.8662,1,0.8187,1.0898,0.7504,0.9474,1.2726,0.5762,0.4693,0,0.8177
"1431","13844",0.7593,0.7593,1,0.8187,1.0898,0.7504,0.9474,1.2726,0.5762,0.4693,0,0.8177
"1432","13846",0.8662,0.8662,1,0.8187,1.0898,0.7504,0.9474,1.2726,0.5762,0.4693,0,0.9276
"1433","13847",0.8662,0.8662,1,0.8187,1.0898,0.7504,0.9474,1.2726,0.5762,0.4693,0,0.9276
"1434","13849",0.8662,0.8662,1,0.8187,1.0898,0.7504,0.9474,1.2726,0.5762,0.4693,0,0.8177
"1435","13850",0.8662,0.8662,1,0.8187,1.0898,0.7504,0.9474,1.2726,0.5762,0.4693,0,0.8177
"1436","13856",0.8662,0.8662,1,0.8187,1.0898,0.7504,0.9474,1.2726,0.5762,0.4693,0,0.9276
"1437","13859",0.8662,0.8662,1,0.8187,1.0898,0.7504,0.9474,1.2726,0.5762,0.4693,0,0.8177
"1438","13861",0.8662,0.8662,1,0.8187,1.0898,0.7504,0.9474,1.2726,0.5762,0.4693,0,0.9276
"1439","13862",0.8662,0.8662,1,0.8187,1.0898,0.7504,0.9474,1.2726,0.5762,0.4693,0,0.8177
"1440","13863",0.8662,0.8662,1,0.8187,1.0898,0.7504,0.9474,1.2726,0.5762,0.4693,0,0.8177
"1441","13864",0.8662,0.8662,1,1.4473,1.0898,0.7504,0.9474,1.2726,0.5762,0.4693,0,0.8177
"1442","13865",0.8662,0.8662,1,0.8187,1.0898,0.7504,0.9474,1.2726,0.5762,0.4693,0,0.8177
"1443","13901",0.8662,0.8662,1,0.8187,1.0898,0.7504,0.9474,1.2726,0.5762,0.4693,0,0.8177
"1444","13902",0.8662,0.8662,1,0.8187,1.0898,0.7504,0.9474,1.2726,0.5762,0.4693,0,0.8177
"1445","13903",0.8662,0.8662,1,0.8187,1.0898,0.7504,0.9474,1.2726,0.5762,0.4693,0,0.8177
"1446","13904",0.8662,0.8662,1,0.8187,1.0898,0.7504,0.9474,1.2726,0.5762,0.4693,0,0.8177
"1447","13905",0.8662,0.8662,1,0.8187,1.0898,0.7504,0.9474,1.2726,0.5762,0.4693,0,0.8177
"1448","14001",0.7593,0.7593,1,1.4473,0.8662,1.3332,1.2989,1.111,0.8425,0.4693,0,0.8177
"1449","14004",0.7593,0.7593,1,1.4473,0.8662,1.3332,1.2989,1.111,0.8425,0.4693,0,0.8177
"1450","14005",0.7593,0.7593,1,1.4473,0.8662,1.0322,0.4297,1.7332,0.5762,0.5633,0,0.8177
"1451","14006",0.7593,0.7593,1,1.4473,0.8662,1.3332,1.2989,1.111,0.8425,0.8009,0,0.8177
"1452","14008",0.7593,0.7593,1,1.4473,0.8662,1.3332,1.2989,1.111,1.8039,0.4693,0,0.8177
"1453","14009",0.7593,0.7593,1,1.4473,0.8662,1.0322,0.4297,1.7332,0.5762,0.4693,0,0.8177
"1454","14011",0.7593,0.7593,1,1.4473,0.8662,1.3332,1.2989,1.111,0.5762,0.4693,0,0.8177
"1455","14012",0.7593,0.7593,1,1.4473,0.8662,1.3332,1.2989,1.111,0.8425,0.4693,0,0.8177
"1456","14013",0.7593,0.7593,1,1.4473,0.8662,1.3332,1.2989,1.111,0.8425,0.4693,0,0.8177
"1457","14020",0.7593,0.7593,1,1.4473,0.8662,1.0322,0.4297,1.7332,0.5762,0.5633,0,0.8177
"1458","14024",0.7593,0.7593,1,1.4473,0.8662,0.7504,0.9474,1.2726,0.5762,0.4693,0,0.8177
"1459","14025",0.7593,0.7593,1,1.4473,0.8662,1.0322,0.4297,1.7332,0.8425,0.8009,0,0.8177
"1460","14026",0.7593,0.7593,1,1.4473,0.8662,1.3332,1.2989,1.111,0.8425,0.4693,0,0.8177
"1461","14027",0.7593,0.7593,1,1.4473,0.8662,1.3332,1.2989,1.111,0.8425,0.8009,0,0.8177
"1462","14028",0.7593,0.7593,1,1.4473,0.8662,1.3332,1.2989,1.111,1.8039,0.4693,0,0.8177
"1463","14029",0.7593,0.7593,1,1.4473,0.8662,0.7504,0.9474,1.2726,0.5762,0.4693,0,0.8177
"1464","14030",0.7593,0.7593,1,1.4473,0.8662,1.0322,0.4297,1.7332,0.8425,0.8009,0,0.8177
"1465","14031",0.7593,0.7593,1,1.4473,0.8662,1.3332,1.2989,1.111,0.8425,0.4693,0,0.8177
"1466","14032",0.7593,0.7593,1,1.4473,0.8662,1.3332,1.2989,1.111,0.8425,0.4693,0,0.8177
"1467","14033",0.7593,0.7593,1,1.4473,0.8662,1.3332,1.2989,1.111,0.8425,0.8009,0,0.8177
"1468","14034",0.7593,0.7593,1,1.4473,0.8662,1.0322,0.4297,1.7332,0.8425,0.4693,0,0.8177
"1469","14036",0.7593,0.7593,1,1.4473,0.8662,1.3332,1.2989,1.111,0.8425,0.4693,0,0.8177
"1470","14037",0.7593,0.7593,1,1.4473,0.8662,1.3332,1.2989,1.111,0.8425,0.4693,0,0.8177
"1471","14039",0.7593,0.7593,1,1.4473,0.8662,1.0322,0.4297,1.7332,0.5762,0.4693,0,0.8177
"1472","14040",0.7593,0.7593,1,1.4473,0.8662,1.3332,1.2989,1.111,0.5762,0.4693,0,0.8177
"1473","14041",0.7593,0.7593,1,1.4473,0.8662,1.0322,0.4297,1.7332,0.8425,0.4693,0,0.8177
"1474","14042",0.7593,0.7593,1,1.4473,0.8662,0.7504,0.9474,1.2726,0.8425,0.4693,0,0.8177
"1475","14043",0.7593,0.7593,1,1.4473,0.8662,1.3332,1.2989,1.111,0.8425,0.8009,0,0.8177
"1476","14047",0.7593,0.7593,1,1.4473,0.8662,1.3332,1.2989,1.111,0.8425,0.8009,0,0.8177
"1477","14048",0.7593,0.7593,1,1.4473,0.8662,1.3332,1.2989,1.111,0.5762,0.4693,0,0.8177
"1478","14051",0.7593,0.7593,1,1.4473,0.8662,1.3332,1.2989,1.111,1.8039,0.4693,0,0.8177
"1479","14052",0.7593,0.7593,1,1.4473,0.8662,1.3332,1.2989,1.111,0.5762,0.8009,0,0.8177
"1480","14054",0.7593,0.7593,1,1.4473,0.8662,1.0322,0.4297,1.7332,0.5762,0.5633,0,0.8177
"1481","14055",0.7593,0.7593,1,1.4473,0.8662,1.3332,1.2989,1.111,0.8425,0.8009,0,0.8177
"1482","14056",0.7593,0.7593,1,1.4473,0.8662,1.0322,0.4297,1.7332,0.5762,0.5633,0,0.8177
"1483","14057",0.7593,0.7593,1,1.4473,0.8662,1.3332,1.2989,1.111,0.8425,0.8009,0,0.8177
"1484","14058",0.7593,0.7593,1,1.4473,0.8662,1.0322,0.4297,1.7332,0.5762,0.5633,0,0.8177
"1485","14059",0.7593,0.7593,1,1.4473,0.8662,1.3332,1.2989,1.111,0.8425,0.4693,0,0.8177
"1486","14060",0.7593,0.7593,1,1.4473,0.8662,0.7504,0.9474,1.2726,0.8425,0.4693,0,0.8177
"1487","14061",0.7593,0.7593,1,1.4473,0.8662,1.3332,1.2989,1.111,0.8425,0.8009,0,0.8177
"1488","14062",0.7593,0.7593,1,1.4473,0.8662,1.3332,1.2989,1.111,0.5762,0.4693,0,0.8177
"1489","14063",0.7593,0.7593,1,1.4473,0.8662,1.3332,1.2989,1.111,0.5762,0.4693,0,0.8177
"1490","14065",0.7593,0.7593,1,1.4473,0.8662,0.7504,0.9474,1.2726,0.5762,0.4693,0,0.8177
"1491","14066",0.7593,0.7593,1,1.4473,0.8662,0.7504,0.9474,1.2726,0.5762,0.4693,0,0.8177
"1492","14067",0.7593,0.7593,1,1.4473,0.8662,1.3332,1.2989,1.111,1.8039,0.4693,0,0.8177
"1493","14068",0.7593,0.7593,1,1.4473,0.8662,1.3332,1.2989,1.111,0.8425,0.4693,0,0.8177
"1494","14069",0.7593,0.7593,1,1.4473,0.8662,1.3332,1.2989,1.111,0.8425,0.8009,0,0.8177
"1495","14070",0.7593,0.7593,1,1.4473,0.8662,1.0322,0.4297,1.7332,0.8425,0.4693,0,0.8177
"1496","14072",0.7593,0.7593,1,1.4473,0.8662,1.3332,1.2989,1.111,1.8039,0.8009,0,0.8177
"1497","14075",0.7593,0.7593,1,1.4473,0.8662,1.3332,1.2989,1.111,0.8425,0.8009,0,0.8177
"1498","14080",0.7593,0.7593,1,1.4473,0.8662,1.3332,1.2989,1.111,0.8425,0.8009,0,0.8177
"1499","14081",0.7593,0.7593,1,1.4473,0.8662,1.3332,1.2989,1.111,0.8425,0.8009,0,0.8177
"1500","14082",0.7593,0.7593,1,1.4473,0.8662,1.0322,0.4297,1.7332,0.5762,0.4693,0,0.8177
"1501","14083",0.7593,0.7593,1,1.4473,0.8662,1.0322,0.4297,1.7332,0.5762,0.4693,0,0.8177
"1502","14085",0.7593,0.7593,1,1.4473,0.8662,1.3332,1.2989,1.111,0.8425,0.8009,0,0.8177
"1503","14086",0.7593,0.7593,1,1.4473,0.8662,1.3332,1.2989,1.111,0.8425,0.4693,0,0.8177
"1504","14091",0.7593,0.7593,1,1.4473,0.8662,1.3332,1.2989,1.111,0.8425,0.8009,0,0.8177
"1505","14092",0.7593,0.7593,1,1.4473,0.8662,1.3332,1.2989,1.111,1.8039,0.8009,0,0.8177
"1506","14094",0.7593,0.7593,1,1.4473,0.8662,1.3332,1.2989,1.111,1.8039,0.8009,0,0.8177
"1507","14098",0.7593,0.7593,1,1.4473,0.8662,1.3332,1.2989,1.111,0.5762,0.4693,0,0.8177
"1508","14101",0.7593,0.7593,1,1.4473,0.8662,0.7504,0.9474,1.2726,0.8425,0.4693,0,0.8177
"1509","14102",0.7593,0.7593,1,1.4473,0.8662,1.3332,1.2989,1.111,0.5762,0.4693,0,0.8177
"1510","14103",0.7593,0.7593,1,1.4473,0.8662,1.3332,1.2989,1.111,0.5762,0.4693,0,0.8177
"1511","14105",0.7593,0.7593,1,1.4473,0.8662,1.3332,1.2989,1.111,0.8425,0.4693,0,0.8177
"1512","14107",0.7593,0.7593,1,1.4473,0.8662,1.3332,1.2989,1.111,1.8039,0.8009,0,0.8177
"1513","14108",0.7593,0.7593,1,1.4473,0.8662,1.3332,1.2989,1.111,1.8039,0.4693,0,0.8177
"1514","14111",0.7593,0.7593,1,1.4473,0.8662,1.3332,1.2989,1.111,0.8425,0.8009,0,0.8177
"1515","14113",0.7593,0.7593,1,1.4473,0.8662,1.0322,0.4297,1.7332,0.5762,0.4693,0,0.8177
"1516","14120",0.7593,0.7593,1,1.4473,0.8662,1.3332,1.2989,1.111,1.8039,0.8009,0,0.8177
"1517","14125",0.7593,0.7593,1,1.4473,0.8662,1.0322,0.4297,1.7332,0.5762,0.5633,0,0.8177
"1518","14126",0.7593,0.7593,1,1.4473,0.8662,1.3332,1.2989,1.111,1.8039,0.4693,0,0.8177
"1519","14127",0.7593,0.7593,1,1.4473,0.8662,1.3332,1.2989,1.111,0.8425,0.8009,0,0.8177
"1520","14129",0.7593,0.7593,1,1.4473,0.8662,1.3332,1.2989,1.111,0.5762,0.4693,0,0.8177
"1521","14130",0.7593,0.7593,1,1.4473,0.8662,0.7504,0.9474,1.2726,0.5762,0.4693,0,0.8177
"1522","14131",0.7593,0.7593,1,1.4473,0.8662,1.3332,1.2989,1.111,1.8039,0.8009,0,0.8177
"1523","14132",0.7593,0.7593,1,1.4473,0.8662,1.3332,1.2989,1.111,1.8039,0.8009,0,0.8177
"1524","14134",0.7593,0.7593,1,1.4473,0.8662,1.0322,0.4297,1.7332,0.8425,0.8009,0,0.8177
"1525","14135",0.7593,0.7593,1,1.4473,0.8662,1.3332,1.2989,1.111,0.5762,0.4693,0,0.8177
"1526","14136",0.7593,0.7593,1,1.4473,0.8662,1.3332,1.2989,1.111,0.5762,0.4693,0,0.8177
"1527","14138",0.7593,0.7593,1,1.4473,0.8662,1.3332,1.2989,1.111,0.5762,0.4693,0,0.8177
"1528","14139",0.7593,0.7593,1,1.4473,0.8662,1.0322,0.4297,1.7332,0.8425,0.8009,0,0.8177
"1529","14141",0.7593,0.7593,1,1.4473,0.8662,1.0322,0.4297,1.7332,0.8425,0.8009,0,0.8177
"1530","14143",0.7593,0.7593,1,1.4473,0.8662,1.0322,0.4297,1.7332,0.5762,0.5633,0,0.8177
"1531","14145",0.7593,0.7593,1,1.4473,0.8662,1.0322,0.4297,1.7332,0.5762,0.4693,0,0.8177
"1532","14150",0.7593,0.7593,1,1.4473,0.8662,1.3332,1.2989,1.111,1.8039,0.8009,0,0.8177
"1533","14167",0.7593,0.7593,1,1.4473,0.8662,1.0322,0.4297,1.7332,0.5762,0.4693,0,0.8177
"1534","14169",0.7593,0.7593,1,1.4473,0.8662,1.3332,1.2989,1.111,0.5762,0.8009,0,0.8177
"1535","14170",0.7593,0.7593,1,1.4473,0.8662,1.0322,0.4297,1.7332,0.5762,0.8009,0,0.8177
"1536","14171",0.7593,0.7593,1,1.4473,0.8662,0.7504,0.9474,1.2726,0.8425,0.4693,0,0.8177
"1537","14172",0.7593,0.7593,1,1.4473,0.8662,1.3332,1.2989,1.111,1.8039,0.4693,0,0.8177
"1538","14173",0.7593,0.7593,1,1.4473,0.8662,1.0322,0.4297,1.7332,0.8425,0.8009,0,0.8177
"1539","14174",0.7593,0.7593,1,1.4473,0.8662,1.3332,1.2989,1.111,1.8039,0.8009,0,0.8177
"1540","14201",1.2494,1.2494,1,1.4473,0.8662,1.3332,1.2989,1.111,1.8039,0.8009,0,0.8177
"1541","14202",1.2494,1.2494,1,1.4473,0.8662,1.3332,1.2989,1.111,1.8039,0.8009,0,0.8177
"1542","14203",1.2494,1.2494,1,1.4473,0.8662,1.3332,1.2989,1.111,0.8425,0.8009,0,0.8177
"1543","14204",1.2494,1.2494,1,1.4473,0.8662,1.3332,1.2989,1.111,1.8039,0.8009,0,0.8177
"1544","14206",0.7593,0.7593,1,1.4473,0.8662,1.3332,1.2989,1.111,0.8425,0.8009,0,0.8177
"1545","14207",1.2494,1.2494,1,1.4473,0.8662,1.3332,1.2989,1.111,1.8039,0.8009,0,0.8177
"1546","14208",1.2494,1.2494,1,1.4473,0.8662,1.3332,1.2989,1.111,1.8039,0.8009,0,0.8177
"1547","14209",1.2494,1.2494,1,1.4473,0.8662,1.3332,1.2989,1.111,1.8039,0.8009,0,0.8177
"1548","14210",1.2494,1.2494,1,1.4473,0.8662,1.3332,1.2989,1.111,0.8425,0.8009,0,0.8177
"1549","14211",1.2494,1.2494,1,1.4473,0.8662,1.3332,1.2989,1.111,1.8039,0.8009,0,0.8177
"1550","14212",1.2494,1.2494,1,1.4473,0.8662,1.3332,1.2989,1.111,1.8039,0.8009,0,0.8177
"1551","14213",1.2494,1.2494,1,1.4473,0.8662,1.3332,1.2989,1.111,1.8039,0.8009,0,0.8177
"1552","14214",1.2494,1.2494,1,1.4473,0.8662,1.3332,1.2989,1.111,1.8039,0.8009,0,0.8177
"1553","14215",0.7593,0.7593,1,1.4473,0.8662,1.3332,1.2989,1.111,0.8425,0.8009,0,0.8177
"1554","14216",1.2494,1.2494,1,1.4473,0.8662,1.3332,1.2989,1.111,1.8039,0.8009,0,0.8177
"1555","14217",0.7593,0.7593,1,1.4473,0.8662,1.3332,1.2989,1.111,1.8039,0.8009,0,0.8177
"1556","14218",0.7593,0.7593,1,1.4473,0.8662,1.3332,1.2989,1.111,0.8425,0.8009,0,0.8177
"1557","14219",0.7593,0.7593,1,1.4473,0.8662,1.3332,1.2989,1.111,0.8425,0.8009,0,0.8177
"1558","14220",1.2494,1.2494,1,1.4473,0.8662,1.3332,1.2989,1.111,0.8425,0.8009,0,0.8177
"1559","14221",0.7593,0.7593,1,1.4473,0.8662,1.3332,1.2989,1.111,0.8425,0.4693,0,0.8177
"1560","14222",1.2494,1.2494,1,1.4473,0.8662,1.3332,1.2989,1.111,1.8039,0.8009,0,0.8177
"1561","14223",0.7593,0.7593,1,1.4473,0.8662,1.3332,1.2989,1.111,0.8425,0.8009,0,0.8177
"1562","14224",0.7593,0.7593,1,1.4473,0.8662,1.3332,1.2989,1.111,0.8425,0.8009,0,0.8177
"1563","14225",0.7593,0.7593,1,1.4473,0.8662,1.3332,1.2989,1.111,0.8425,0.8009,0,0.8177
"1564","14226",0.7593,0.7593,1,1.4473,0.8662,1.3332,1.2989,1.111,0.8425,0.8009,0,0.8177
"1565","14227",0.7593,0.7593,1,1.4473,0.8662,1.3332,1.2989,1.111,0.8425,0.8009,0,0.8177
"1566","14228",0.7593,0.7593,1,1.4473,0.8662,1.3332,1.2989,1.111,1.8039,0.8009,0,0.8177
"1567","14280",0.7593,0.7593,1,1.4473,0.8662,1.3332,1.2989,1.111,0.8425,0.8009,0,0.8177
"1568","14301",0.7593,0.7593,1,1.4473,0.8662,1.3332,1.2989,1.111,1.8039,0.8009,0,0.8177
"1569","14303",0.7593,0.7593,1,1.4473,0.8662,1.3332,1.2989,1.111,1.8039,0.8009,0,0.8177
"1570","14304",0.7593,0.7593,1,1.4473,0.8662,1.3332,1.2989,1.111,1.8039,0.8009,0,0.8177
"1571","14305",0.7593,0.7593,1,1.4473,0.8662,1.3332,1.2989,1.111,1.8039,0.8009,0,0.8177
"1572","14411",0.7593,0.7593,1,1.4473,0.8662,1.3332,1.2989,1.111,0.5762,0.5633,0,0.8177
"1573","14414",0.7593,0.7593,1,1.4473,0.8662,0.7504,0.9474,1.2726,0.5762,0.4693,0,0.8177
"1574","14415",0.7593,0.7593,1,1.4473,0.8662,0.7504,0.9474,1.2726,0.5762,0.4693,0,0.8177
"1575","14416",0.7593,0.7593,1,1.4473,0.8662,1.0322,0.4297,1.7332,0.5762,0.5633,0,0.8177
"1576","14418",0.7593,0.7593,1,1.4473,0.8662,0.7504,0.9474,1.2726,0.5762,0.4693,0,0.8177
"1577","14420",0.7593,0.7593,1,1.4473,0.8662,1.0322,0.4297,1.7332,0.8752,0.5633,0,0.8177
"1578","14422",0.7593,0.7593,1,1.4473,0.8662,1.0322,0.4297,1.7332,0.5762,0.5633,0,0.8177
"1579","14423",0.7593,0.7593,1,1.4473,0.8662,0.7504,0.9474,1.2726,0.8752,0.5633,0,0.8177
"1580","14424",0.7593,0.7593,1,1.4473,1.0898,0.7504,0.9474,1.2726,0.5762,0.5633,0,0.8177
"1581","14425",0.7593,0.7593,1,1.4473,0.8662,0.7504,0.9474,1.2726,0.8752,0.5633,0,0.8177
"1582","14427",0.7593,0.7593,1,1.4473,0.8662,0.7504,0.9474,1.2726,0.5762,0.4693,0,0.8177
"1583","14428",0.7593,0.7593,1,1.4473,0.8662,1.0322,0.4297,1.7332,0.8752,0.4693,0,0.8177
"1584","14429",0.7593,0.7593,1,1.4473,0.8662,1.0322,0.4297,1.7332,0.5762,0.5633,0,0.8177
"1585","14432",0.7593,0.7593,1,1.4473,0.8662,0.7504,0.9474,1.2726,0.5762,0.4693,0,0.8177
"1586","14433",0.7593,0.7593,1,0.8187,0.8662,0.7504,0.9474,1.2726,0.5762,0.4693,0,0.8177
"1587","14435",0.7593,0.7593,1,1.4473,0.8662,0.7504,0.9474,1.2726,0.5762,0.4693,0,0.8177
"1588","14437",0.7593,0.7593,1,1.4473,0.8662,0.7504,0.9474,1.2726,0.5762,0.4693,0,0.8177
"1589","14441",0.7593,0.7593,1,1.4473,0.8662,0.7504,0.9474,1.2726,0.5762,0.4693,0,0.8177
"1590","14445",0.7593,0.7593,1,1.4473,0.8662,0.7504,0.9474,1.2726,0.8752,0.5633,0,0.8177
"1591","14450",0.7593,0.7593,1,1.4473,0.8662,0.7504,0.9474,1.2726,0.8752,0.5633,0,0.8177
"1592","14453",0.7593,0.7593,1,1.4473,0.8662,0.7504,0.9474,1.2726,0.5762,0.5633,0,0.8177
"1593","14454",0.7593,0.7593,1,1.4473,0.8662,0.7504,0.9474,1.2726,0.5762,0.4693,0,0.8177
"1594","14456",0.7593,0.7593,1,1.4473,0.8662,0.7504,0.9474,1.2726,0.5762,0.4693,0,0.8177
"1595","14461",0.7593,0.7593,1,1.4473,1.0898,0.7504,0.9474,1.2726,0.5762,0.4693,0,0.8177
"1596","14462",0.7593,0.7593,1,1.4473,0.8662,0.7504,0.9474,1.2726,0.5762,0.4693,0,0.8177
"1597","14463",0.7593,0.7593,1,1.4473,0.8662,0.7504,0.9474,1.2726,0.5762,0.4693,0,0.8177
"1598","14464",0.7593,0.7593,1,1.4473,0.8662,0.7504,0.9474,1.2726,0.8752,0.5633,0,0.8177
"1599","14466",0.7593,0.7593,1,1.4473,0.8662,0.7504,0.9474,1.2726,0.5762,0.4693,0,0.8177
"1600","14467",0.7593,0.7593,1,1.4473,0.8662,0.7504,0.9474,1.2726,0.8752,0.4693,0,0.8177
"1601","14468",0.7593,0.7593,1,1.4473,0.8662,0.7504,0.9474,1.2726,1.8311,0.5633,0,0.8177
"1602","14469",0.7593,0.7593,1,1.4473,1.0898,0.7504,0.9474,1.2726,0.8752,0.4693,0,0.8177
"1603","14470",0.7593,0.7593,1,1.4473,0.8662,1.0322,0.4297,1.7332,0.5762,0.5633,0,0.8177
"1604","14471",0.7593,0.7593,1,1.4473,1.0898,0.7504,0.9474,1.2726,0.5762,0.4693,0,0.8177
"1605","14472",0.7593,0.7593,1,1.4473,0.8662,0.7504,0.9474,1.2726,0.8752,0.4693,0,0.8177
"1606","14475",0.7593,0.7593,1,1.4473,0.8662,0.7504,0.9474,1.2726,0.5762,0.4693,0,0.8177
"1607","14476",0.7593,0.7593,1,1.4473,0.8662,1.0322,0.4297,1.7332,0.5762,0.5633,0,0.8177
"1608","14477",0.7593,0.7593,1,1.4473,0.8662,1.3332,1.2989,1.111,0.5762,0.5633,0,0.8177
"1609","14478",0.7593,0.7593,1,1.4473,0.8662,0.7504,0.9474,1.2726,0.5762,0.4693,0,0.8177
"1610","14479",0.7593,0.7593,1,1.4473,0.8662,1.3332,1.2989,1.111,0.5762,0.4693,0,0.8177
"1611","14480",0.7593,0.7593,1,1.4473,0.8662,0.7504,0.9474,1.2726,0.5762,0.4693,0,0.8177
"1612","14481",0.7593,0.7593,1,1.4473,0.8662,0.7504,0.9474,1.2726,0.8752,0.4693,0,0.8177
"1613","14482",0.7593,0.7593,1,1.4473,0.8662,1.0322,0.4297,1.7332,0.8752,0.4693,0,0.8177
"1614","14485",0.7593,0.7593,1,1.4473,1.0898,0.7504,0.9474,1.2726,0.5762,0.4693,0,0.8177
"1615","14486",0.7593,0.7593,1,1.4473,0.8662,0.7504,0.9474,1.2726,0.8752,0.4693,0,0.8177
"1616","14487",0.7593,0.7593,1,1.4473,0.8662,0.7504,0.9474,1.2726,0.5762,0.4693,0,0.8177
"1617","14489",0.7593,0.7593,1,0.8187,0.8662,0.7504,0.9474,1.2726,0.5762,0.4693,0,0.8177
"1618","14502",0.7593,0.7593,1,1.4473,0.8662,0.7504,0.9474,1.2726,0.8752,0.5633,0,0.8177
"1619","14504",0.7593,0.7593,1,1.4473,0.8662,0.7504,0.9474,1.2726,0.5762,0.5633,0,0.8177
"1620","14505",0.7593,0.7593,1,1.4473,0.8662,0.7504,0.9474,1.2726,0.8752,0.4693,0,0.8177
"1621","14506",0.7593,0.7593,1,1.4473,0.8662,0.7504,0.9474,1.2726,0.5762,0.5633,0,0.8177
"1622","14507",0.7593,0.7593,1,1.4473,0.8662,0.7504,0.9474,1.2726,0.5762,0.4693,0,0.8177
"1623","14510",0.7593,0.7593,1,1.4473,0.8662,0.7504,0.9474,1.2726,0.5762,0.4693,0,0.8177
"1624","14511",0.7593,0.7593,1,1.4473,0.8662,1.0322,0.4297,1.7332,0.8752,0.4693,0,0.8177
"1625","14512",0.7593,0.7593,1,1.4473,1.0898,0.7504,0.9474,1.2726,0.5762,0.4693,0,0.8177
"1626","14513",0.7593,0.7593,1,1.4473,0.8662,0.7504,0.9474,1.2726,0.5762,0.4693,0,0.8177
"1627","14514",0.7593,0.7593,1,1.4473,0.8662,0.7504,0.9474,1.2726,0.8752,0.4693,0,0.8177
"1628","14516",0.7593,0.7593,1,0.8187,0.8662,0.7504,0.9474,1.2726,0.5762,0.4693,0,0.8177
"1629","14517",0.7593,0.7593,1,1.4473,0.8662,0.7504,0.9474,1.2726,0.5762,0.4693,0,0.8177
"1630","14518",0.7593,0.7593,1,0.8187,0.8662,0.7504,0.9474,1.2726,0.5762,0.4693,0,0.8177
"1631","14519",0.7593,0.7593,1,1.4473,0.8662,0.7504,0.9474,1.2726,1.8311,0.5633,0,0.8177
"1632","14521",0.7593,0.7593,1,1.4473,0.8662,0.7504,0.9474,1.2726,0.5762,0.4693,0,0.8177
"1633","14522",0.7593,0.7593,1,1.4473,0.8662,0.7504,0.9474,1.2726,0.8752,0.4693,0,0.8177
"1634","14525",0.7593,0.7593,1,1.4473,0.8662,1.0322,0.4297,1.7332,0.8752,0.4693,0,0.8177
"1635","14526",0.7593,0.7593,1,1.4473,0.8662,0.7504,0.9474,1.2726,1.8311,0.5633,0,0.8177
"1636","14527",0.7593,0.7593,1,1.4473,0.8662,0.7504,0.9474,1.2726,0.5762,0.4693,0,0.8177
"1637","14529",0.7593,0.7593,1,1.4473,0.8662,0.7504,0.9474,1.2726,0.5762,0.4693,0,0.8177
"1638","14530",0.7593,0.7593,1,1.4473,0.8662,0.7504,0.9474,1.2726,0.5762,0.4693,0,0.8177
"1639","14532",0.7593,0.7593,1,0.8187,0.8662,0.7504,0.9474,1.2726,0.5762,0.4693,0,0.8177
"1640","14533",0.7593,0.7593,1,1.4473,0.8662,0.7504,0.9474,1.2726,0.8752,0.4693,0,0.8177
"1641","14534",0.7593,0.7593,1,1.4473,0.8662,0.7504,0.9474,1.2726,0.8752,0.4693,0,0.8177
"1642","14536",0.7593,0.7593,1,1.4473,0.8662,0.7504,0.9474,1.2726,0.5762,0.4693,0,0.8177
"1643","14539",0.7593,0.7593,1,1.4473,0.8662,0.7504,0.9474,1.2726,0.8752,0.4693,0,0.8177
"1644","14541",0.7593,0.7593,1,1.4473,0.8662,0.7504,0.9474,1.2726,0.5762,0.4693,0,0.8177
"1645","14542",0.7593,0.7593,1,0.8187,0.8662,0.7504,0.9474,1.2726,0.5762,0.4693,0,0.8177
"1646","14543",0.7593,0.7593,1,1.4473,0.8662,0.7504,0.9474,1.2726,0.8752,0.4693,0,0.8177
"1647","14544",0.7593,0.7593,1,1.4473,1.0898,0.7504,0.9474,1.2726,0.5762,0.4693,0,0.8177
"1648","14545",0.7593,0.7593,1,1.4473,0.8662,0.7504,0.9474,1.2726,0.5762,0.4693,0,0.8177
"1649","14546",0.7593,0.7593,1,1.4473,0.8662,0.7504,0.9474,1.2726,0.8752,0.5633,0,0.8177
"1650","14547",0.7593,0.7593,1,1.4473,1.0898,0.7504,0.9474,1.2726,0.5762,0.4693,0,0.8177
"1651","14548",0.7593,0.7593,1,1.4473,0.8662,0.7504,0.9474,1.2726,0.5762,0.5633,0,0.8177
"1652","14549",0.7593,0.7593,1,1.4473,0.8662,0.7504,0.9474,1.2726,0.5762,0.4693,0,0.8177
"1653","14550",0.7593,0.7593,1,1.4473,0.8662,0.7504,0.9474,1.2726,0.5762,0.4693,0,0.8177
"1654","14551",0.7593,0.7593,1,1.4473,0.8662,0.7504,0.9474,1.2726,0.5762,0.4693,0,0.8177
"1655","14555",0.7593,0.7593,1,0.8187,0.8662,0.7504,0.9474,1.2726,0.5762,0.4693,0,0.8177
"1656","14559",0.7593,0.7593,1,1.4473,0.8662,1.0322,0.4297,1.7332,1.8311,0.5633,0,0.8177
"1657","14560",0.7593,0.7593,1,1.4473,1.0898,0.7504,0.9474,1.2726,0.5762,0.4693,0,0.8177
"1658","14561",0.7593,0.7593,1,1.4473,1.0898,0.7504,0.9474,1.2726,0.5762,0.4693,0,0.8177
"1659","14564",0.7593,0.7593,1,1.4473,0.8662,0.7504,0.9474,1.2726,0.5762,0.5633,0,0.8177
"1660","14568",0.7593,0.7593,1,1.4473,0.8662,0.7504,0.9474,1.2726,0.8752,0.4693,0,0.8177
"1661","14569",0.7593,0.7593,1,1.4473,0.8662,1.0322,0.4297,1.7332,0.5762,0.4693,0,0.8177
"1662","14571",0.7593,0.7593,1,1.4473,0.8662,1.3332,1.2989,1.111,0.5762,0.4693,0,0.8177
"1663","14572",0.7593,0.7593,1,1.4473,1.0898,0.7504,0.9474,1.2726,0.5762,0.4693,0,0.8177
"1664","14580",0.7593,0.7593,1,1.4473,0.8662,0.7504,0.9474,1.2726,1.8311,0.5633,0,0.8177
"1665","14585",0.7593,0.7593,1,1.4473,1.0898,0.7504,0.9474,1.2726,0.5762,0.4693,0,0.8177
"1666","14586",0.7593,0.7593,1,1.4473,0.8662,0.7504,0.9474,1.2726,0.8752,0.4693,0,0.8177
"1667","14588",0.7593,0.7593,1,1.4473,0.8662,0.7504,0.9474,1.2726,0.5762,0.4693,0,0.8177
"1668","14589",0.7593,0.7593,1,1.4473,0.8662,0.7504,0.9474,1.2726,0.8752,0.4693,0,0.8177
"1669","14590",0.7593,0.7593,1,0.8187,0.8662,0.7504,0.9474,1.2726,0.5762,0.4693,0,1.4362
"1670","14591",0.7593,0.7593,1,1.4473,0.8662,1.0322,0.4297,1.7332,0.5762,0.4693,0,0.8177
"1671","14592",0.7593,0.7593,1,1.4473,0.8662,0.7504,0.9474,1.2726,0.8752,0.4693,0,0.8177
"1672","14603",0.7593,0.7593,1,1.4473,0.8662,0.7504,0.9474,1.2726,1.8311,0.5633,0,0.8177
"1673","14604",0.7593,0.7593,1,1.4473,0.8662,0.7504,0.9474,1.2726,1.8311,0.5633,0,0.8177
"1674","14605",0.7593,0.7593,1,1.4473,0.8662,0.7504,0.9474,1.2726,1.8311,0.5633,0,0.8177
"1675","14606",0.7593,0.7593,1,1.4473,0.8662,0.7504,0.9474,1.2726,1.8311,0.5633,0,0.8177
"1676","14607",0.7593,0.7593,1,1.4473,0.8662,0.7504,0.9474,1.2726,1.8311,0.5633,0,0.8177
"1677","14608",0.7593,0.7593,1,1.4473,0.8662,0.7504,0.9474,1.2726,1.8311,0.5633,0,0.8177
"1678","14609",0.7593,0.7593,1,1.4473,0.8662,0.7504,0.9474,1.2726,1.8311,0.5633,0,0.8177
"1679","14610",0.7593,0.7593,1,1.4473,0.8662,0.7504,0.9474,1.2726,1.8311,0.5633,0,0.8177
"1680","14611",0.7593,0.7593,1,1.4473,0.8662,0.7504,0.9474,1.2726,1.8311,0.5633,0,0.8177
"1681","14612",0.7593,0.7593,1,1.4473,0.8662,0.7504,0.9474,1.2726,1.8311,0.5633,0,0.8177
"1682","14613",0.7593,0.7593,1,1.4473,0.8662,0.7504,0.9474,1.2726,1.8311,0.5633,0,0.8177
"1683","14614",0.7593,0.7593,1,1.4473,0.8662,0.7504,0.9474,1.2726,1.8311,0.5633,0,0.8177
"1684","14615",0.7593,0.7593,1,1.4473,0.8662,0.7504,0.9474,1.2726,1.8311,0.5633,0,0.8177
"1685","14616",0.7593,0.7593,1,1.4473,0.8662,0.7504,0.9474,1.2726,1.8311,0.5633,0,0.8177
"1686","14617",0.7593,0.7593,1,1.4473,0.8662,0.7504,0.9474,1.2726,1.8311,0.5633,0,0.8177
"1687","14618",0.7593,0.7593,1,1.4473,0.8662,0.7504,0.9474,1.2726,0.8752,0.5633,0,0.8177
"1688","14619",0.7593,0.7593,1,1.4473,0.8662,0.7504,0.9474,1.2726,1.8311,0.5633,0,0.8177
"1689","14620",0.7593,0.7593,1,1.4473,0.8662,0.7504,0.9474,1.2726,1.8311,0.5633,0,0.8177
"1690","14621",0.7593,0.7593,1,1.4473,0.8662,0.7504,0.9474,1.2726,1.8311,0.5633,0,0.8177
"1691","14622",0.7593,0.7593,1,1.4473,0.8662,0.7504,0.9474,1.2726,1.8311,0.5633,0,0.8177
"1692","14623",0.7593,0.7593,1,1.4473,0.8662,0.7504,0.9474,1.2726,0.8752,0.5633,0,0.8177
"1693","14624",0.7593,0.7593,1,1.4473,0.8662,0.7504,0.9474,1.2726,1.8311,0.5633,0,0.8177
"1694","14625",0.7593,0.7593,1,1.4473,0.8662,0.7504,0.9474,1.2726,1.8311,0.5633,0,0.8177
"1695","14626",0.7593,0.7593,1,1.4473,0.8662,0.7504,0.9474,1.2726,1.8311,0.5633,0,0.8177
"1696","14701",0.7593,0.7593,1,1.4473,0.8662,0.7504,0.9474,1.2726,0.5762,0.4693,0,0.8177
"1697","14706",0.7593,0.7593,1,1.4473,0.8662,0.7504,0.9474,1.2726,0.5762,0.4693,0,0.8177
"1698","14707",0.7593,0.7593,1,1.4473,0.8662,0.7504,0.9474,1.2726,0.5762,0.4693,0,0.8177
"1699","14708",0.7593,0.7593,1,1.4473,0.8662,0.7504,0.9474,1.2726,0.5762,0.4693,0,0.8177
"1700","14709",0.7593,0.7593,1,1.4473,0.8662,0.7504,0.9474,1.2726,0.5762,0.4693,0,0.8177
"1701","14710",0.7593,0.7593,1,1.4473,0.8662,0.7504,0.9474,1.2726,0.5762,0.4693,0,0.8177
"1702","14711",0.7593,0.7593,1,1.4473,0.8662,0.7504,0.9474,1.2726,0.5762,0.4693,0,0.8177
"1703","14712",0.7593,0.7593,1,1.4473,0.8662,0.7504,0.9474,1.2726,0.5762,0.4693,0,0.8177
"1704","14714",0.7593,0.7593,1,1.4473,0.8662,0.7504,0.9474,1.2726,0.5762,0.4693,0,0.8177
"1705","14715",0.7593,0.7593,1,1.4473,0.8662,0.7504,0.9474,1.2726,0.5762,0.4693,0,0.8177
"1706","14716",0.7593,0.7593,1,1.4473,0.8662,1.3332,1.2989,1.111,0.5762,0.4693,0,0.8177
"1707","14717",0.7593,0.7593,1,1.4473,0.8662,0.7504,0.9474,1.2726,0.5762,0.4693,0,0.8177
"1708","14718",0.7593,0.7593,1,1.4473,0.8662,1.3332,1.2989,1.111,0.5762,0.4693,0,0.8177
"1709","14719",0.7593,0.7593,1,1.4473,0.8662,0.7504,0.9474,1.2726,0.5762,0.4693,0,0.8177
"1710","14720",0.7593,0.7593,1,1.4473,0.8662,0.7504,0.9474,1.2726,0.5762,0.4693,0,0.8177
"1711","14721",0.7593,0.7593,1,1.4473,0.8662,0.7504,0.9474,1.2726,0.5762,0.4693,0,0.8177
"1712","14722",0.7593,0.7593,1,1.4473,0.8662,0.7504,0.9474,1.2726,0.5762,0.4693,0,0.8177
"1713","14723",0.7593,0.7593,1,1.4473,0.8662,1.3332,1.2989,1.111,0.5762,0.4693,0,0.8177
"1714","14724",0.7593,0.7593,1,1.4473,0.8662,0.7504,0.9474,1.2726,0.5762,0.4693,0,0.8177
"1715","14726",0.7593,0.7593,1,1.4473,0.8662,0.7504,0.9474,1.2726,0.5762,0.4693,0,0.8177
"1716","14727",0.7593,0.7593,1,1.4473,0.8662,0.7504,0.9474,1.2726,0.5762,0.4693,0,0.8177
"1717","14728",0.7593,0.7593,1,1.4473,0.8662,0.7504,0.9474,1.2726,0.5762,0.4693,0,0.8177
"1718","14729",0.7593,0.7593,1,1.4473,0.8662,0.7504,0.9474,1.2726,0.8425,0.4693,0,0.8177
"1719","14731",0.7593,0.7593,1,1.4473,0.8662,0.7504,0.9474,1.2726,0.8425,0.4693,0,0.8177
"1720","14732",0.7593,0.7593,1,1.4473,0.8662,0.7504,0.9474,1.2726,0.5762,0.4693,0,0.8177
"1721","14733",0.7593,0.7593,1,1.4473,0.8662,0.7504,0.9474,1.2726,0.5762,0.4693,0,0.8177
"1722","14735",0.7593,0.7593,1,1.4473,0.8662,0.7504,0.9474,1.2726,0.5762,0.4693,0,0.8177
"1723","14736",0.7593,0.7593,1,1.4473,0.8662,0.7504,0.9474,1.2726,0.5762,0.4693,0,0.8177
"1724","14737",0.7593,0.7593,1,1.4473,0.8662,0.7504,0.9474,1.2726,0.8425,0.4693,0,0.8177
"1725","14738",0.7593,0.7593,1,1.4473,0.8662,0.7504,0.9474,1.2726,0.5762,0.4693,0,0.8177
"1726","14739",0.7593,0.7593,1,1.4473,0.8662,0.7504,0.9474,1.2726,0.5762,0.4693,0,0.8177
"1727","14740",0.7593,0.7593,1,1.4473,0.8662,0.7504,0.9474,1.2726,0.5762,0.4693,0,0.8177
"1728","14741",0.7593,0.7593,1,1.4473,0.8662,0.7504,0.9474,1.2726,0.8425,0.4693,0,0.8177
"1729","14742",0.7593,0.7593,1,1.4473,0.8662,0.7504,0.9474,1.2726,0.5762,0.4693,0,0.8177
"1730","14743",0.7593,0.7593,1,1.4473,0.8662,0.7504,0.9474,1.2726,0.5762,0.4693,0,0.8177
"1731","14744",0.7593,0.7593,1,1.4473,0.8662,0.7504,0.9474,1.2726,0.5762,0.4693,0,0.8177
"1732","14747",0.7593,0.7593,1,1.4473,0.8662,0.7504,0.9474,1.2726,0.5762,0.4693,0,0.8177
"1733","14748",0.7593,0.7593,1,1.4473,0.8662,0.7504,0.9474,1.2726,0.5762,0.4693,0,0.8177
"1734","14750",0.7593,0.7593,1,1.4473,0.8662,0.7504,0.9474,1.2726,0.5762,0.4693,0,0.8177
"1735","14752",0.7593,0.7593,1,1.4473,0.8662,1.3332,1.2989,1.111,0.5762,0.4693,0,0.8177
"1736","14753",0.7593,0.7593,1,1.4473,0.8662,0.7504,0.9474,1.2726,0.5762,0.4693,0,0.8177
"1737","14754",0.7593,0.7593,1,1.4473,0.8662,0.7504,0.9474,1.2726,0.5762,0.4693,0,0.8177
"1738","14755",0.7593,0.7593,1,1.4473,0.8662,0.7504,0.9474,1.2726,0.5762,0.4693,0,0.8177
"1739","14757",0.7593,0.7593,1,1.4473,0.8662,0.7504,0.9474,1.2726,0.5762,0.4693,0,0.8177
"1740","14760",0.7593,0.7593,1,1.4473,0.8662,0.7504,0.9474,1.2726,0.5762,0.4693,0,0.8177
"1741","14766",0.7593,0.7593,1,1.4473,0.8662,0.7504,0.9474,1.2726,0.8425,0.4693,0,0.8177
"1742","14767",0.7593,0.7593,1,1.4473,0.8662,0.7504,0.9474,1.2726,0.5762,0.4693,0,0.8177
"1743","14769",0.7593,0.7593,1,1.4473,0.8662,1.3332,1.2989,1.111,0.5762,0.4693,0,0.8177
"1744","14770",0.7593,0.7593,1,1.4473,0.8662,0.7504,0.9474,1.2726,0.5762,0.4693,0,0.8177
"1745","14772",0.7593,0.7593,1,1.4473,0.8662,0.7504,0.9474,1.2726,0.5762,0.4693,0,0.8177
"1746","14774",0.7593,0.7593,1,1.4473,0.8662,0.7504,0.9474,1.2726,0.5762,0.4693,0,0.8177
"1747","14775",0.7593,0.7593,1,1.4473,0.8662,0.7504,0.9474,1.2726,0.5762,0.4693,0,0.8177
"1748","14777",0.7593,0.7593,1,1.4473,0.8662,0.7504,0.9474,1.2726,0.5762,0.4693,0,0.8177
"1749","14779",0.7593,0.7593,1,1.4473,0.8662,0.7504,0.9474,1.2726,0.5762,0.4693,0,0.8177
"1750","14781",0.7593,0.7593,1,1.4473,0.8662,0.7504,0.9474,1.2726,0.5762,0.4693,0,0.8177
"1751","14782",0.7593,0.7593,1,1.4473,0.8662,0.7504,0.9474,1.2726,0.5762,0.4693,0,0.8177
"1752","14783",0.7593,0.7593,1,1.4473,0.8662,0.7504,0.9474,1.2726,0.5762,0.4693,0,0.8177
"1753","14784",0.7593,0.7593,1,1.4473,0.8662,1.3332,1.2989,1.111,0.5762,0.4693,0,0.8177
"1754","14785",0.7593,0.7593,1,1.4473,0.8662,0.7504,0.9474,1.2726,0.5762,0.4693,0,0.8177
"1755","14786",0.7593,0.7593,1,1.4473,0.8662,0.7504,0.9474,1.2726,0.5762,0.4693,0,0.8177
"1756","14787",0.7593,0.7593,1,1.4473,0.8662,1.3332,1.2989,1.111,0.5762,0.4693,0,0.8177
"1757","14788",0.7593,0.7593,1,1.4473,0.8662,0.7504,0.9474,1.2726,0.5762,0.4693,0,0.8177
"1758","14801",0.7593,0.7593,1,1.4473,1.0898,0.7504,0.9474,1.2726,0.5762,0.4693,0,0.8177
"1759","14802",0.7593,0.7593,1,1.4473,0.8662,0.7504,0.9474,1.2726,0.5762,0.4693,0,0.8177
"1760","14803",0.7593,0.7593,1,1.4473,0.8662,0.7504,0.9474,1.2726,0.5762,0.4693,0,0.8177
"1761","14804",0.7593,0.7593,1,1.4473,0.8662,0.7504,0.9474,1.2726,0.5762,0.4693,0,0.8177
"1762","14805",0.8662,0.8662,1,1.4473,1.0898,0.7504,0.9474,1.2726,0.5762,0.4693,0,0.8177
"1763","14806",0.7593,0.7593,1,1.4473,0.8662,0.7504,0.9474,1.2726,0.5762,0.4693,0,0.8177
"1764","14807",0.7593,0.7593,1,1.4473,0.8662,0.7504,0.9474,1.2726,0.5762,0.4693,0,0.8177
"1765","14808",0.7593,0.7593,1,1.4473,1.0898,0.7504,0.9474,1.2726,0.5762,0.4693,0,0.8177
"1766","14809",0.7593,0.7593,1,1.4473,0.8662,0.7504,0.9474,1.2726,0.5762,0.4693,0,0.8177
"1767","14810",0.7593,0.7593,1,1.4473,1.0898,0.7504,0.9474,1.2726,0.5762,0.4693,0,0.8177
"1768","14812",0.7593,0.7593,1,1.4473,1.0898,0.7504,0.9474,1.2726,0.5762,0.4693,0,0.8177
"1769","14813",0.7593,0.7593,1,1.4473,0.8662,0.7504,0.9474,1.2726,0.5762,0.4693,0,0.8177
"1770","14814",0.8662,0.8662,1,1.4473,1.0898,0.7504,0.9474,1.2726,0.5762,0.4693,0,0.8177
"1771","14815",0.7593,0.7593,1,1.4473,1.0898,0.7504,0.9474,1.2726,0.5762,0.4693,0,0.8177
"1772","14816",0.8662,0.8662,1,1.4473,1.0898,0.7504,0.9474,1.2726,0.5762,0.4693,0,0.8177
"1773","14817",0.7593,0.7593,1,1.4473,1.0898,0.7504,0.9474,1.2726,0.5762,0.4693,0,0.8177
"1774","14818",0.7593,0.7593,1,1.4473,1.0898,0.7504,0.9474,1.2726,0.5762,0.4693,0,0.8177
"1775","14819",0.7593,0.7593,1,1.4473,1.0898,0.7504,0.9474,1.2726,0.5762,0.4693,0,0.8177
"1776","14820",0.7593,0.7593,1,1.4473,1.0898,0.7504,0.9474,1.2726,0.5762,0.4693,0,0.8177
"1777","14821",0.7593,0.7593,1,1.4473,1.0898,0.7504,0.9474,1.2726,0.5762,0.4693,0,0.8177
"1778","14822",0.7593,0.7593,1,1.4473,0.8662,0.7504,0.9474,1.2726,0.5762,0.4693,0,0.8177
"1779","14823",0.7593,0.7593,1,1.4473,0.8662,0.7504,0.9474,1.2726,0.5762,0.4693,0,0.8177
"1780","14824",0.8662,0.8662,1,1.4473,1.0898,0.7504,0.9474,1.2726,0.5762,0.4693,0,0.8177
"1781","14825",0.7593,0.7593,1,1.4473,1.0898,0.7504,0.9474,1.2726,0.5762,0.4693,0,0.8177
"1782","14826",0.7593,0.7593,1,1.4473,1.0898,0.7504,0.9474,1.2726,0.5762,0.4693,0,0.8177
"1783","14830",0.8662,0.8662,1,1.4473,1.0898,0.7504,0.9474,1.2726,0.5762,0.4693,0,0.8177
"1784","14836",0.7593,0.7593,1,1.4473,0.8662,0.7504,0.9474,1.2726,0.5762,0.4693,0,0.8177
"1785","14837",0.7593,0.7593,1,1.4473,0.8662,0.7504,0.9474,1.2726,0.5762,0.4693,0,0.8177
"1786","14838",0.8662,0.8662,1,1.4473,1.0898,0.7504,0.9474,1.2726,0.5762,0.4693,0,0.8177
"1787","14839",0.7593,0.7593,1,1.4473,0.8662,0.7504,0.9474,1.2726,0.5762,0.4693,0,0.8177
"1788","14840",0.7593,0.7593,1,1.4473,1.0898,0.7504,0.9474,1.2726,0.5762,0.4693,0,0.8177
"1789","14841",0.7593,0.7593,1,1.4473,0.8662,0.7504,0.9474,1.2726,0.5762,0.4693,0,0.8177
"1790","14842",0.7593,0.7593,1,1.4473,0.8662,0.7504,0.9474,1.2726,0.5762,0.4693,0,0.8177
"1791","14843",0.7593,0.7593,1,1.4473,0.8662,0.7504,0.9474,1.2726,0.5762,0.4693,0,0.8177
"1792","14845",0.8662,0.8662,1,1.4473,1.0898,0.7504,0.9474,1.2726,0.5762,0.4693,0,0.8177
"1793","14846",0.7593,0.7593,1,1.4473,0.8662,0.7504,0.9474,1.2726,0.5762,0.4693,0,0.8177
"1794","14847",0.7593,0.7593,1,1.4473,0.8662,0.7504,0.9474,1.2726,0.5762,0.4693,0,0.8177
"1795","14850",0.8662,0.8662,1,1.4473,1.0898,0.7504,0.9474,1.2726,0.5762,0.4693,0,0.8177
"1796","14853",0.8662,0.8662,1,1.4473,1.0898,0.7504,0.9474,1.2726,0.5762,0.4693,0,0.8177
"1797","14855",0.7593,0.7593,1,1.4473,1.0898,0.7504,0.9474,1.2726,0.5762,0.4693,0,0.8177
"1798","14858",0.7593,0.7593,1,1.4473,1.0898,0.7504,0.9474,1.2726,0.5762,0.4693,0,0.8177
"1799","14859",0.7593,0.7593,1,1.4473,1.0898,0.7504,0.9474,1.2726,0.5762,0.4693,0,0.8177
"1800","14860",0.7593,0.7593,1,1.4473,0.8662,0.7504,0.9474,1.2726,0.5762,0.4693,0,0.8177
"1801","14861",0.7593,0.7593,1,1.4473,1.0898,0.7504,0.9474,1.2726,0.5762,0.4693,0,0.8177
"1802","14864",0.7593,0.7593,1,1.4473,1.0898,0.7504,0.9474,1.2726,0.5762,0.4693,0,0.8177
"1803","14865",0.8662,0.8662,1,1.4473,1.0898,0.7504,0.9474,1.2726,0.5762,0.4693,0,0.8177
"1804","14867",0.8662,0.8662,1,1.4473,1.0898,0.7504,0.9474,1.2726,0.5762,0.4693,0,0.8177
"1805","14869",0.7593,0.7593,1,1.4473,1.0898,0.7504,0.9474,1.2726,0.5762,0.4693,0,0.8177
"1806","14870",0.7593,0.7593,1,1.4473,1.0898,0.7504,0.9474,1.2726,0.5762,0.4693,0,0.8177
"1807","14871",0.7593,0.7593,1,1.4473,1.0898,0.7504,0.9474,1.2726,0.5762,0.4693,0,0.8177
"1808","14872",0.7593,0.7593,1,1.4473,1.0898,0.7504,0.9474,1.2726,0.5762,0.4693,0,0.8177
"1809","14873",0.7593,0.7593,1,1.4473,1.0898,0.7504,0.9474,1.2726,0.5762,0.4693,0,0.8177
"1810","14874",0.7593,0.7593,1,1.4473,0.8662,0.7504,0.9474,1.2726,0.5762,0.4693,0,0.8177
"1811","14877",0.7593,0.7593,1,1.4473,0.8662,0.7504,0.9474,1.2726,0.5762,0.4693,0,0.8177
"1812","14878",0.7593,0.7593,1,1.4473,0.8662,0.7504,0.9474,1.2726,0.5762,0.4693,0,0.8177
"1813","14879",0.7593,0.7593,1,1.4473,1.0898,0.7504,0.9474,1.2726,0.5762,0.4693,0,0.8177
"1814","14880",0.7593,0.7593,1,1.4473,0.8662,0.7504,0.9474,1.2726,0.5762,0.4693,0,0.8177
"1815","14881",0.7593,0.7593,1,1.4473,1.0898,0.7504,0.9474,1.2726,0.5762,0.4693,0,0.8177
"1816","14882",0.8662,0.8662,1,1.4473,1.0898,0.7504,0.9474,1.2726,0.5762,0.4693,0,0.9276
"1817","14883",0.8662,0.8662,1,1.4473,1.0898,0.7504,0.9474,1.2726,0.5762,0.4693,0,0.8177
"1818","14884",0.7593,0.7593,1,1.4473,0.8662,0.7504,0.9474,1.2726,0.5762,0.4693,0,0.8177
"1819","14885",0.7593,0.7593,1,1.4473,0.8662,0.7504,0.9474,1.2726,0.5762,0.4693,0,0.8177
"1820","14886",0.8662,0.8662,1,1.4473,1.0898,0.7504,0.9474,1.2726,0.5762,0.4693,0,0.8177
"1821","14887",0.7593,0.7593,1,1.4473,0.8662,0.7504,0.9474,1.2726,0.5762,0.4693,0,0.8177
"1822","14889",0.8662,0.8662,1,1.4473,1.0898,0.7504,0.9474,1.2726,0.5762,0.4693,0,0.8177
"1823","14891",0.7593,0.7593,1,1.4473,1.0898,0.7504,0.9474,1.2726,0.5762,0.4693,0,0.8177
"1824","14892",0.7593,0.7593,1,1.4473,1.0898,0.7504,0.9474,1.2726,0.5762,0.4693,0,0.8177
"1825","14893",0.7593,0.7593,1,1.4473,1.0898,0.7504,0.9474,1.2726,0.5762,0.4693,0,0.8177
"1826","14894",0.7593,0.7593,1,1.4473,1.0898,0.7504,0.9474,1.2726,0.5762,0.4693,0,0.8177
"1827","14895",0.7593,0.7593,1,1.4473,0.8662,0.7504,0.9474,1.2726,0.5762,0.4693,0,0.8177
"1828","14897",0.7593,0.7593,1,1.4473,0.8662,0.7504,0.9474,1.2726,0.5762,0.4693,0,0.8177
"1829","14898",0.7593,0.7593,1,1.4473,1.0898,0.7504,0.9474,1.2726,0.5762,0.4693,0,0.8177
"1830","14901",0.7593,0.7593,1,1.4473,1.0898,0.7504,0.9474,1.2726,0.5762,0.4693,0,0.8177
"1831","14903",0.7593,0.7593,1,1.4473,1.0898,0.7504,0.9474,1.2726,0.5762,0.4693,0,0.8177
"1832","14904",0.7593,0.7593,1,1.4473,1.0898,0.7504,0.9474,1.2726,0.5762,0.4693,0,0.8177
"1833","14905",0.7593,0.7593,1,1.4473,1.0898,0.7504,0.9474,1.2726,0.5762,0.4693,0,0.8177
"1834","14925",0.7593,0.7593,1,1.4473,1.0898,0.7504,0.9474,1.2726,0.5762,0.4693,0,0.8177
